{
	"textures": {
		"0": "omega-flowey:custom/attacks/petes_fly"
	},
	"display": {
		"head": {
			"rotation": [0, 180, 0]
		}
	},
	"elements": [
		{
			"from": [11.42857, 6.7722, -5.13513],
			"to": [13.14286, 10.20077, -3.42085],
			"rotation": {
				"angle": 0,
				"axis": "y",
				"origin": [-5.71429, -8.65637, -5.13513]
			},
			"faces": {
				"north": {
					"uv": [5.625, 4.5, 5.75, 4.75],
					"texture": "#0"
				},
				"east": {
					"uv": [5.5, 4.625, 5.625, 4.875],
					"texture": "#0"
				},
				"up": {
					"uv": [5.5, 4.75, 5.625, 4.875],
					"texture": "#0"
				},
				"down": {
					"uv": [5.625, 4.75, 5.75, 4.875],
					"texture": "#0"
				}
			}
		},
		{
			"from": [11.42857, 3.34363, 5.15058],
			"to": [13.14286, 5.05792, 6.86487],
			"rotation": {
				"angle": 0,
				"axis": "y",
				"origin": [-5.71429, -8.65637, -5.13513]
			},
			"faces": {
				"north": {
					"uv": [3.5, 4.875, 3.625, 5.125],
					"texture": "#0"
				},
				"east": {
					"uv": [4.125, 5, 4.25, 5.125],
					"texture": "#0"
				},
				"south": {
					"uv": [3.5, 5.125, 3.625, 5.25],
					"texture": "#0"
				},
				"west": {
					"uv": [3, 5.25, 3.125, 5.375],
					"texture": "#0"
				},
				"down": {
					"uv": [4.125, 5.5, 4.25, 5.625],
					"texture": "#0"
				}
			}
		},
		{
			"from": [13.14286, -1.79923, 3.4363],
			"to": [14.85714, 3.34363, 5.15058],
			"rotation": {
				"angle": 0,
				"axis": "y",
				"origin": [-5.71429, -8.65637, -5.13513]
			},
			"faces": {
				"north": {
					"uv": [4.375, 4.875, 4.5, 5.25],
					"texture": "#0"
				},
				"east": {
					"uv": [3.75, 5.125, 3.875, 5.5],
					"texture": "#0"
				},
				"south": {
					"uv": [3.875, 5, 4, 5.375],
					"texture": "#0"
				},
				"west": {
					"uv": [3.625, 5, 3.75, 5.375],
					"texture": "#0"
				},
				"up": {
					"uv": [4, 5, 4.125, 5.125],
					"texture": "#0"
				},
				"down": {
					"uv": [3.375, 5.625, 3.5, 5.75],
					"texture": "#0"
				}
			}
		},
		{
			"from": [11.42857, 3.34363, 8.57915],
			"to": [13.14286, 5.05792, 10.29344],
			"rotation": {
				"angle": 0,
				"axis": "y",
				"origin": [-5.71429, -8.65637, -5.13513]
			},
			"faces": {
				"north": {
					"uv": [3.125, 5.75, 3.25, 5.875],
					"texture": "#0"
				},
				"east": {
					"uv": [3.5, 5.875, 3.625, 6],
					"texture": "#0"
				},
				"south": {
					"uv": [3.375, 5, 3.5, 5.125],
					"texture": "#0"
				},
				"west": {
					"uv": [3, 5.375, 3.125, 5.51111],
					"texture": "#0"
				},
				"down": {
					"uv": [3.875, 5, 4, 5.125],
					"texture": "#0"
				}
			}
		},
		{
			"from": [13.14286, 1.62935, 8.57915],
			"to": [14.85714, 3.34363, 10.29344],
			"rotation": {
				"angle": 0,
				"axis": "y",
				"origin": [-5.71429, -8.65637, -5.13513]
			},
			"faces": {
				"north": {
					"uv": [3.75, 5.25, 3.875, 5.375],
					"texture": "#0"
				},
				"east": {
					"uv": [3.275, 5.75, 3.375, 5.86667],
					"texture": "#0"
				},
				"south": {
					"uv": [3.125, 5, 3.25, 5.125],
					"texture": "#0"
				},
				"west": {
					"uv": [3.25, 5.625, 3.375, 5.75],
					"texture": "#0"
				},
				"up": {
					"uv": [3.375, 5.25, 3.5, 5.375],
					"texture": "#0"
				},
				"down": {
					"uv": [3.5, 5.25, 3.625, 5.375],
					"texture": "#0"
				}
			}
		},
		{
			"from": [14.85714, -1.79923, 8.57915],
			"to": [16.57143, 1.62935, 10.29344],
			"rotation": {
				"angle": 0,
				"axis": "y",
				"origin": [-5.71429, -8.65637, -5.13513]
			},
			"faces": {
				"north": {
					"uv": [3.5, 5.11667, 3.625, 5.375],
					"texture": "#0"
				},
				"east": {
					"uv": [4, 5, 4.125, 5.25],
					"texture": "#0"
				},
				"south": {
					"uv": [4.25, 5.125, 4.375, 5.375],
					"texture": "#0"
				},
				"west": {
					"uv": [3.875, 5.11667, 4, 5.375],
					"texture": "#0"
				},
				"up": {
					"uv": [3.875, 5.125, 4, 5.25],
					"texture": "#0"
				},
				"down": {
					"uv": [3.5, 5.25, 3.625, 5.375],
					"texture": "#0"
				}
			}
		},
		{
			"from": [4.57143, 5.05792, -3.42085],
			"to": [11.42857, 11.91506, 1.72201],
			"rotation": {
				"angle": 0,
				"axis": "y",
				"origin": [-5.71429, -8.65637, -5.13513]
			},
			"faces": {
				"north": {
					"uv": [5.875, 4.375, 6.125, 4.875],
					"texture": "#0"
				},
				"east": {
					"uv": [6, 4.375, 6.125, 4.875],
					"texture": "#0"
				},
				"west": {
					"uv": [5.875, 4.375, 6, 4.875],
					"texture": "#0"
				},
				"up": {
					"uv": [6, 4.375, 6.125, 4.875],
					"rotation": 90,
					"texture": "#0"
				},
				"down": {
					"uv": [5.625, 4.375, 6.125, 4.5],
					"rotation": 180,
					"texture": "#0"
				}
			}
		},
		{
			"from": [4.57143, 5.05792, -5.13513],
			"to": [6.28571, 11.91506, -3.42085],
			"rotation": {
				"angle": 0,
				"axis": "y",
				"origin": [-5.71429, -8.65637, -5.13513]
			},
			"faces": {
				"north": {
					"uv": [5.625, 4.375, 5.75, 4.875],
					"texture": "#0"
				},
				"east": {
					"uv": [5.625, 4.5, 5.75, 5],
					"texture": "#0"
				},
				"west": {
					"uv": [5.625, 4.5, 5.75, 5],
					"texture": "#0"
				},
				"up": {
					"uv": [5.5, 4.75, 5.625, 4.875],
					"texture": "#0"
				},
				"down": {
					"uv": [5.625, 4.625, 5.75, 4.75],
					"texture": "#0"
				}
			}
		},
		{
			"from": [9.71429, 5.05792, -5.13513],
			"to": [11.42857, 11.91506, -3.42085],
			"rotation": {
				"angle": 0,
				"axis": "y",
				"origin": [-5.71429, -8.65637, -5.13513]
			},
			"faces": {
				"north": {
					"uv": [5.75, 4.375, 5.875, 4.875],
					"texture": "#0"
				},
				"east": {
					"uv": [5.625, 4.375, 5.75, 4.875],
					"texture": "#0"
				},
				"west": {
					"uv": [5.625, 4.5, 5.75, 5],
					"texture": "#0"
				},
				"up": {
					"uv": [5.5, 4.75, 5.625, 4.875],
					"texture": "#0"
				},
				"down": {
					"uv": [5.5, 4.75, 5.625, 4.85278],
					"texture": "#0"
				}
			}
		},
		{
			"from": [4.57143, 5.05792, 17.15058],
			"to": [11.42857, 10.20077, 18.86487],
			"rotation": {
				"angle": 0,
				"axis": "y",
				"origin": [-5.71429, -8.65637, -5.13513]
			},
			"faces": {
				"east": {
					"uv": [2.875, 3.625, 3, 4],
					"texture": "#0"
				},
				"south": {
					"uv": [5.25, 4, 4.75, 3.625],
					"texture": "#0"
				},
				"west": {
					"uv": [5.125, 3.75, 5.25, 4.125],
					"texture": "#0"
				},
				"up": {
					"uv": [3.375, 3.25, 3.875, 3.375],
					"texture": "#0"
				},
				"down": {
					"uv": [2.75, 4.25, 3.25, 4.375],
					"texture": "#0"
				}
			}
		},
		{
			"from": [9.71429, 11.91506, 5.15058],
			"to": [13.14286, 13.62935, 8.57915],
			"rotation": {
				"angle": 0,
				"axis": "y",
				"origin": [-5.71429, -8.65637, -5.13513]
			},
			"faces": {
				"north": {
					"uv": [4.5, 2.625, 4.75, 2.75],
					"texture": "#0"
				},
				"east": {
					"uv": [3.375, 6.125, 3.625, 6.25],
					"texture": "#0"
				},
				"south": {
					"uv": [3.875, 2, 4.125, 2.125],
					"texture": "#0"
				},
				"west": {
					"uv": [4.25, 2.375, 4.5, 2.5],
					"texture": "#0"
				},
				"up": {
					"uv": [3.5, 5.25, 3.75, 5.5],
					"texture": "#0"
				},
				"down": {
					"uv": [3.75, 5.5, 4, 5.75],
					"texture": "#0"
				}
			}
		},
		{
			"from": [14.85714, 15.34363, 8.57915],
			"to": [16.57143, 17.05792, 10.29344],
			"rotation": {
				"angle": 0,
				"axis": "y",
				"origin": [-5.71429, -8.65637, -5.13513]
			},
			"faces": {
				"north": {
					"uv": [4.125, 2.75, 4.25, 2.875],
					"texture": "#0"
				},
				"east": {
					"uv": [3.25, 5.25, 3.375, 5.375],
					"texture": "#0"
				},
				"west": {
					"uv": [4, 2.75, 4.125, 2.875],
					"texture": "#0"
				},
				"up": {
					"uv": [3.625, 5, 3.75, 5.125],
					"texture": "#0"
				},
				"down": {
					"uv": [4, 2.25, 4.125, 2.375],
					"texture": "#0"
				}
			}
		},
		{
			"from": [14.85714, 15.34363, 10.29344],
			"to": [18.28571, 17.05792, 15.4363],
			"rotation": {
				"angle": 0,
				"axis": "y",
				"origin": [-5.71429, -8.65637, -5.13513]
			},
			"faces": {
				"north": {
					"uv": [3.5, 5.25, 3.625, 5.375],
					"texture": "#0"
				},
				"east": {
					"uv": [3.25, 5.375, 3.625, 5.5],
					"texture": "#0"
				},
				"south": {
					"uv": [3.25, 5.875, 3.5, 6],
					"texture": "#0"
				},
				"west": {
					"uv": [3.75, 2.25, 4.125, 2.375],
					"texture": "#0"
				},
				"up": {
					"uv": [3.375, 5.5, 3.625, 5.875],
					"texture": "#0"
				},
				"down": {
					"uv": [4, 2.375, 4.25, 2.75],
					"texture": "#0"
				}
			}
		},
		{
			"from": [11.42857, 13.62935, 6.86487],
			"to": [14.85714, 15.34363, 12.00773],
			"rotation": {
				"angle": 0,
				"axis": "y",
				"origin": [-5.71429, -8.65637, -5.13513]
			},
			"faces": {
				"north": {
					"uv": [3.525, 2.25, 3.75, 2.375],
					"texture": "#0"
				},
				"east": {
					"uv": [3.875, 2.5, 4.25, 2.625],
					"texture": "#0"
				},
				"south": {
					"uv": [4.125, 2.875, 4.375, 3],
					"texture": "#0"
				},
				"west": {
					"uv": [3.375, 5.125, 3.75, 5.25],
					"texture": "#0"
				},
				"up": {
					"uv": [3.5, 5.25, 3.75, 5.625],
					"texture": "#0"
				},
				"down": {
					"uv": [3.625, 2.5, 4, 3],
					"texture": "#0"
				}
			}
		},
		{
			"from": [16.57143, 17.05792, 15.4363],
			"to": [18.28571, 18.7722, 17.15058],
			"rotation": {
				"angle": 0,
				"axis": "y",
				"origin": [-5.71429, -8.65637, -5.13513]
			},
			"faces": {
				"north": {
					"uv": [3.75, 1.75, 3.875, 1.875],
					"texture": "#0"
				},
				"east": {
					"uv": [3.875, 2.375, 4, 2.5],
					"texture": "#0"
				},
				"south": {
					"uv": [3.75, 2.5, 3.875, 2.625],
					"texture": "#0"
				},
				"west": {
					"uv": [4, 2.625, 4.125, 2.75],
					"texture": "#0"
				},
				"up": {
					"uv": [3, 6.375, 3.125, 6.5],
					"texture": "#0"
				},
				"down": {
					"uv": [3.625, 5.375, 3.75, 5.5],
					"texture": "#0"
				}
			}
		},
		{
			"from": [13.14286, 15.34363, 12.00773],
			"to": [14.85714, 17.05792, 13.72201],
			"rotation": {
				"angle": 0,
				"axis": "y",
				"origin": [-5.71429, -8.65637, -5.13513]
			},
			"faces": {
				"north": {
					"uv": [4.125, 2.75, 4.25, 2.875],
					"texture": "#0"
				},
				"south": {
					"uv": [3.75, 2.125, 3.875, 2.25],
					"texture": "#0"
				},
				"west": {
					"uv": [4.125, 2.625, 4.25, 2.75],
					"texture": "#0"
				},
				"up": {
					"uv": [3.375, 5.75, 3.5, 5.875],
					"texture": "#0"
				},
				"down": {
					"uv": [3.75, 2.375, 3.875, 2.5],
					"texture": "#0"
				}
			}
		},
		{
			"from": [4.57143, 3.34363, -1.70656],
			"to": [11.42857, 13.62935, 1.72201],
			"rotation": {
				"angle": 0,
				"axis": "y",
				"origin": [-5.71429, -8.65637, -5.13513]
			},
			"faces": {
				"north": {
					"uv": [5.875, 4.5, 6, 5],
					"rotation": 90,
					"texture": "#0"
				},
				"east": {
					"uv": [5.625, 5, 5.875, 5.125],
					"texture": "#0"
				},
				"south": {
					"uv": [5.875, 4.375, 6.125, 4.875],
					"rotation": 90,
					"texture": "#0"
				},
				"west": {
					"uv": [5.875, 4.75, 6.125, 4.875],
					"texture": "#0"
				},
				"up": {
					"uv": [5.875, 4.375, 6.125, 4.875],
					"rotation": 90,
					"texture": "#0"
				},
				"down": {
					"uv": [5.875, 4.375, 6.125, 4.875],
					"rotation": 270,
					"texture": "#0"
				}
			}
		},
		{
			"from": [2.85714, 5.05792, -1.70656],
			"to": [13.14286, 11.91506, 1.72201],
			"rotation": {
				"angle": 0,
				"axis": "y",
				"origin": [-5.71429, -8.65637, -5.13513]
			},
			"faces": {
				"north": {
					"uv": [5.875, 4.375, 6.125, 4.875],
					"texture": "#0"
				},
				"east": {
					"uv": [5.875, 4.125, 6.125, 4.625],
					"texture": "#0"
				},
				"south": {
					"uv": [5.875, 4.5, 6.125, 4.75],
					"texture": "#0"
				},
				"west": {
					"uv": [5.875, 4.125, 6.125, 4.625],
					"texture": "#0"
				},
				"up": {
					"uv": [5.75, 4.875, 6, 5.125],
					"texture": "#0"
				},
				"down": {
					"uv": [5.875, 4.625, 6.125, 4.875],
					"texture": "#0"
				}
			}
		},
		{
			"from": [2.85714, 6.7722, -5.13513],
			"to": [4.57143, 10.20077, -3.42085],
			"rotation": {
				"angle": 0,
				"axis": "y",
				"origin": [-5.71429, -8.65637, -5.13513]
			},
			"faces": {
				"north": {
					"uv": [5.625, 4.5, 5.75, 4.75],
					"texture": "#0"
				},
				"south": {
					"uv": [5.625, 4.625, 5.75, 4.875],
					"texture": "#0"
				},
				"west": {
					"uv": [5.75, 4.5, 5.875, 4.75],
					"texture": "#0"
				},
				"up": {
					"uv": [5.625, 4.625, 5.75, 4.75],
					"texture": "#0"
				},
				"down": {
					"uv": [5.625, 4.625, 5.75, 4.75],
					"texture": "#0"
				}
			}
		},
		{
			"from": [11.42857, 5.05792, 1.72201],
			"to": [13.14286, 10.20077, 17.15058],
			"rotation": {
				"angle": 0,
				"axis": "y",
				"origin": [-5.71429, -8.65637, -5.13513]
			},
			"faces": {
				"east": {
					"uv": [3.75, 3.5, 4.875, 3.875],
					"texture": "#0"
				},
				"south": {
					"uv": [3.125, 3.75, 3.25, 4.125],
					"texture": "#0"
				},
				"up": {
					"uv": [3.75, 3.625, 4.875, 3.75],
					"rotation": 270,
					"texture": "#0"
				},
				"down": {
					"uv": [3, 3.375, 3.125, 4.5],
					"texture": "#0"
				}
			}
		},
		{
			"from": [2.85714, 5.05792, 1.72201],
			"to": [4.57143, 10.20077, 17.15058],
			"rotation": {
				"angle": 0,
				"axis": "y",
				"origin": [-5.71429, -8.65637, -5.13513]
			},
			"faces": {
				"south": {
					"uv": [4, 3.25, 4.125, 3.625],
					"texture": "#0"
				},
				"west": {
					"uv": [3.75, 3.375, 4.875, 3.75],
					"texture": "#0"
				},
				"up": {
					"uv": [5.125, 3.625, 4, 3.75],
					"rotation": 270,
					"texture": "#0"
				},
				"down": {
					"uv": [2.75, 4.25, 3.875, 4.375],
					"rotation": 90,
					"texture": "#0"
				}
			}
		},
		{
			"from": [11.42857, 3.34363, 12.00773],
			"to": [13.14286, 5.05792, 13.72201],
			"rotation": {
				"angle": 0,
				"axis": "y",
				"origin": [-5.71429, -8.65637, -5.13513]
			},
			"faces": {
				"north": {
					"uv": [3.5, 4.875, 3.625, 5.125],
					"texture": "#0"
				},
				"east": {
					"uv": [4.125, 5, 4.25, 5.125],
					"texture": "#0"
				},
				"south": {
					"uv": [3.5, 5.125, 3.625, 5.25],
					"texture": "#0"
				},
				"west": {
					"uv": [3, 5.25, 3.125, 5.375],
					"texture": "#0"
				},
				"down": {
					"uv": [4.125, 5.5, 4.25, 5.625],
					"texture": "#0"
				}
			}
		},
		{
			"from": [13.14286, -1.79923, 13.72201],
			"to": [14.85714, 3.34363, 15.4363],
			"rotation": {
				"angle": 0,
				"axis": "y",
				"origin": [-5.71429, -8.65637, -5.13513]
			},
			"faces": {
				"north": {
					"uv": [4.375, 4.875, 4.5, 5.25],
					"texture": "#0"
				},
				"east": {
					"uv": [3.75, 5.125, 3.875, 5.5],
					"texture": "#0"
				},
				"south": {
					"uv": [3.875, 5, 4, 5.375],
					"texture": "#0"
				},
				"west": {
					"uv": [3.625, 5, 3.75, 5.375],
					"texture": "#0"
				},
				"up": {
					"uv": [4, 5, 4.125, 5.125],
					"texture": "#0"
				},
				"down": {
					"uv": [3.375, 5.625, 3.5, 5.75],
					"texture": "#0"
				}
			}
		},
		{
			"from": [1.14286, -1.79923, 13.72201],
			"to": [2.85714, 3.34363, 15.4363],
			"rotation": {
				"angle": 0,
				"axis": "y",
				"origin": [-5.71429, -8.65637, -5.13513]
			},
			"faces": {
				"north": {
					"uv": [4.375, 4.875, 4.5, 5.25],
					"texture": "#0"
				},
				"east": {
					"uv": [3.75, 5.125, 3.875, 5.5],
					"texture": "#0"
				},
				"south": {
					"uv": [3.875, 5, 4, 5.375],
					"texture": "#0"
				},
				"west": {
					"uv": [3.625, 5, 3.75, 5.375],
					"texture": "#0"
				},
				"up": {
					"uv": [4, 5, 4.125, 5.125],
					"texture": "#0"
				},
				"down": {
					"uv": [3.375, 5.625, 3.5, 5.75],
					"texture": "#0"
				}
			}
		},
		{
			"from": [2.85714, 3.34363, 12.00773],
			"to": [4.57143, 5.05792, 13.72201],
			"rotation": {
				"angle": 0,
				"axis": "y",
				"origin": [-5.71429, -8.65637, -5.13513]
			},
			"faces": {
				"north": {
					"uv": [3.5, 4.875, 3.625, 5.125],
					"texture": "#0"
				},
				"east": {
					"uv": [4.125, 5, 4.25, 5.125],
					"texture": "#0"
				},
				"south": {
					"uv": [3.5, 5.125, 3.625, 5.25],
					"texture": "#0"
				},
				"west": {
					"uv": [3, 5.25, 3.125, 5.375],
					"texture": "#0"
				},
				"down": {
					"uv": [4.125, 5.5, 4.25, 5.625],
					"texture": "#0"
				}
			}
		},
		{
			"from": [2.85714, 3.34363, 8.57915],
			"to": [4.57143, 5.05792, 10.29344],
			"rotation": {
				"angle": 0,
				"axis": "y",
				"origin": [-5.71429, -8.65637, -5.13513]
			},
			"faces": {
				"north": {
					"uv": [3.125, 5.75, 3.25, 5.875],
					"texture": "#0"
				},
				"east": {
					"uv": [3.5, 5.875, 3.625, 6],
					"texture": "#0"
				},
				"south": {
					"uv": [3.375, 5, 3.5, 5.125],
					"texture": "#0"
				},
				"west": {
					"uv": [3, 5.375, 3.125, 5.51111],
					"texture": "#0"
				},
				"down": {
					"uv": [3.875, 5, 4, 5.125],
					"texture": "#0"
				}
			}
		},
		{
			"from": [2.85714, 3.34363, 5.15058],
			"to": [4.57143, 5.05792, 6.86487],
			"rotation": {
				"angle": 0,
				"axis": "y",
				"origin": [-5.71429, -8.65637, -5.13513]
			},
			"faces": {
				"north": {
					"uv": [3.5, 4.875, 3.625, 5.125],
					"texture": "#0"
				},
				"east": {
					"uv": [4.125, 5, 4.25, 5.125],
					"texture": "#0"
				},
				"south": {
					"uv": [3.5, 5.125, 3.625, 5.25],
					"texture": "#0"
				},
				"west": {
					"uv": [3, 5.25, 3.125, 5.375],
					"texture": "#0"
				},
				"down": {
					"uv": [4.125, 5.5, 4.25, 5.625],
					"texture": "#0"
				}
			}
		},
		{
			"from": [1.14286, -1.79923, 3.4363],
			"to": [2.85714, 3.34363, 5.15058],
			"rotation": {
				"angle": 0,
				"axis": "y",
				"origin": [-5.71429, -8.65637, -5.13513]
			},
			"faces": {
				"north": {
					"uv": [4.375, 4.875, 4.5, 5.25],
					"texture": "#0"
				},
				"east": {
					"uv": [3.75, 5.125, 3.875, 5.5],
					"texture": "#0"
				},
				"south": {
					"uv": [3.875, 5, 4, 5.375],
					"texture": "#0"
				},
				"west": {
					"uv": [3.625, 5, 3.75, 5.375],
					"texture": "#0"
				},
				"up": {
					"uv": [4, 5, 4.125, 5.125],
					"texture": "#0"
				},
				"down": {
					"uv": [3.375, 5.625, 3.5, 5.75],
					"texture": "#0"
				}
			}
		},
		{
			"from": [-0.57143, -1.79923, 8.57915],
			"to": [1.14286, 1.62935, 10.29344],
			"rotation": {
				"angle": 0,
				"axis": "y",
				"origin": [-5.71429, -8.65637, -5.13513]
			},
			"faces": {
				"north": {
					"uv": [3.5, 5.11667, 3.625, 5.375],
					"texture": "#0"
				},
				"east": {
					"uv": [4, 5, 4.125, 5.25],
					"texture": "#0"
				},
				"south": {
					"uv": [4.25, 5.125, 4.375, 5.375],
					"texture": "#0"
				},
				"west": {
					"uv": [3.875, 5.11667, 4, 5.375],
					"texture": "#0"
				},
				"up": {
					"uv": [3.875, 5.125, 4, 5.25],
					"texture": "#0"
				},
				"down": {
					"uv": [3.5, 5.25, 3.625, 5.375],
					"texture": "#0"
				}
			}
		},
		{
			"from": [1.14286, 1.62935, 8.57915],
			"to": [2.85714, 3.34363, 10.29344],
			"rotation": {
				"angle": 0,
				"axis": "y",
				"origin": [-5.71429, -8.65637, -5.13513]
			},
			"faces": {
				"north": {
					"uv": [3.75, 5.25, 3.875, 5.375],
					"texture": "#0"
				},
				"east": {
					"uv": [3.275, 5.75, 3.375, 5.86667],
					"texture": "#0"
				},
				"south": {
					"uv": [3.125, 5, 3.25, 5.125],
					"texture": "#0"
				},
				"west": {
					"uv": [3.25, 5.625, 3.375, 5.75],
					"texture": "#0"
				},
				"up": {
					"uv": [3.375, 5.25, 3.5, 5.375],
					"texture": "#0"
				},
				"down": {
					"uv": [3.5, 5.25, 3.625, 5.375],
					"texture": "#0"
				}
			}
		},
		{
			"from": [2.85714, 11.91506, 5.15058],
			"to": [6.28571, 13.62935, 8.57915],
			"rotation": {
				"angle": 0,
				"axis": "y",
				"origin": [-5.71429, -8.65637, -5.13513]
			},
			"faces": {
				"north": {
					"uv": [4.5, 2.625, 4.75, 2.75],
					"texture": "#0"
				},
				"east": {
					"uv": [3.375, 6.125, 3.625, 6.25],
					"texture": "#0"
				},
				"south": {
					"uv": [3.875, 2, 4.125, 2.125],
					"texture": "#0"
				},
				"west": {
					"uv": [4.25, 2.375, 4.5, 2.5],
					"texture": "#0"
				},
				"up": {
					"uv": [3.5, 5.25, 3.75, 5.5],
					"texture": "#0"
				},
				"down": {
					"uv": [3.75, 5.5, 4, 5.75],
					"texture": "#0"
				}
			}
		},
		{
			"from": [1.14286, 13.62935, 6.86487],
			"to": [4.57143, 15.34363, 12.00773],
			"rotation": {
				"angle": 0,
				"axis": "y",
				"origin": [-5.71429, -8.65637, -5.13513]
			},
			"faces": {
				"north": {
					"uv": [3.525, 2.25, 3.75, 2.375],
					"texture": "#0"
				},
				"east": {
					"uv": [3.875, 2.5, 4.25, 2.625],
					"texture": "#0"
				},
				"south": {
					"uv": [4.125, 2.875, 4.375, 3],
					"texture": "#0"
				},
				"west": {
					"uv": [3.375, 5.125, 3.75, 5.25],
					"texture": "#0"
				},
				"up": {
					"uv": [3.5, 5.25, 3.75, 5.625],
					"texture": "#0"
				},
				"down": {
					"uv": [3.625, 2.5, 4, 3],
					"texture": "#0"
				}
			}
		},
		{
			"from": [-0.57143, 15.34363, 8.57915],
			"to": [1.14286, 17.05792, 10.29344],
			"rotation": {
				"angle": 0,
				"axis": "y",
				"origin": [-5.71429, -8.65637, -5.13513]
			},
			"faces": {
				"north": {
					"uv": [4.125, 2.75, 4.25, 2.875],
					"texture": "#0"
				},
				"east": {
					"uv": [3.25, 5.25, 3.375, 5.375],
					"texture": "#0"
				},
				"west": {
					"uv": [4, 2.75, 4.125, 2.875],
					"texture": "#0"
				},
				"up": {
					"uv": [3.625, 5, 3.75, 5.125],
					"texture": "#0"
				},
				"down": {
					"uv": [4, 2.25, 4.125, 2.375],
					"texture": "#0"
				}
			}
		},
		{
			"from": [1.14286, 15.34363, 12.00773],
			"to": [2.85714, 17.05792, 13.72201],
			"rotation": {
				"angle": 0,
				"axis": "y",
				"origin": [-5.71429, -8.65637, -5.13513]
			},
			"faces": {
				"north": {
					"uv": [4.125, 2.75, 4.25, 2.875],
					"texture": "#0"
				},
				"east": {
					"uv": [3.75, 3, 3.875, 3.125],
					"texture": "#0"
				},
				"south": {
					"uv": [3.75, 2.125, 3.875, 2.25],
					"texture": "#0"
				},
				"west": {
					"uv": [4.125, 2.625, 4.25, 2.75],
					"texture": "#0"
				},
				"up": {
					"uv": [3.375, 5.75, 3.5, 5.875],
					"texture": "#0"
				},
				"down": {
					"uv": [3.75, 2.375, 3.875, 2.5],
					"texture": "#0"
				}
			}
		},
		{
			"from": [-2.28571, 15.34363, 10.29344],
			"to": [1.14286, 17.05792, 15.4363],
			"rotation": {
				"angle": 0,
				"axis": "y",
				"origin": [-5.71429, -8.65637, -5.13513]
			},
			"faces": {
				"north": {
					"uv": [3.5, 5.25, 3.625, 5.375],
					"texture": "#0"
				},
				"east": {
					"uv": [3.25, 5.375, 3.625, 5.5],
					"texture": "#0"
				},
				"south": {
					"uv": [3.25, 5.875, 3.5, 6],
					"texture": "#0"
				},
				"west": {
					"uv": [3.75, 2.25, 4.125, 2.375],
					"texture": "#0"
				},
				"up": {
					"uv": [3.375, 5.5, 3.625, 5.875],
					"texture": "#0"
				},
				"down": {
					"uv": [4, 2.375, 4.25, 2.75],
					"texture": "#0"
				}
			}
		},
		{
			"from": [-2.28571, 17.05792, 15.4363],
			"to": [-0.57143, 18.7722, 17.15058],
			"rotation": {
				"angle": 0,
				"axis": "y",
				"origin": [-5.71429, -8.65637, -5.13513]
			},
			"faces": {
				"north": {
					"uv": [3.75, 1.75, 3.875, 1.875],
					"texture": "#0"
				},
				"east": {
					"uv": [3.875, 2.375, 4, 2.5],
					"texture": "#0"
				},
				"south": {
					"uv": [3.75, 2.5, 3.875, 2.625],
					"texture": "#0"
				},
				"west": {
					"uv": [4, 2.625, 4.125, 2.75],
					"texture": "#0"
				},
				"up": {
					"uv": [3, 6.375, 3.125, 6.5],
					"texture": "#0"
				},
				"down": {
					"uv": [3.625, 5.375, 3.75, 5.5],
					"texture": "#0"
				}
			}
		},
		{
			"from": [4.57143, 5.05792, 1.72201],
			"to": [11.42857, 11.91506, 17.15058],
			"rotation": {
				"angle": 0,
				"axis": "y",
				"origin": [-5.71429, -8.65637, -5.13513]
			},
			"faces": {
				"east": {
					"uv": [11.625, 3.625, 12.75, 4],
					"texture": "#0"
				},
				"south": {
					"uv": [12.5, 3.5, 13, 3.625],
					"texture": "#0"
				},
				"west": {
					"uv": [12.75, 3.625, 11.625, 4],
					"texture": "#0"
				},
				"up": {
					"uv": [12, 3.5, 13.125, 4],
					"rotation": 270,
					"texture": "#0"
				},
				"down": {
					"uv": [10.875, 4, 12, 4.5],
					"rotation": 90,
					"texture": "#0"
				}
			}
		},
		{
			"from": [11.42857, 6.7722, -5.13513],
			"to": [13.14286, 10.20077, -3.42085],
			"rotation": {
				"angle": 0,
				"axis": "y",
				"origin": [-5.71429, -8.65637, -5.13513]
			},
			"faces": {
				"north": {
					"uv": [13.625, 4.5, 13.75, 4.75],
					"texture": "#0"
				},
				"east": {
					"uv": [13.5, 4.625, 13.625, 4.875],
					"texture": "#0"
				},
				"up": {
					"uv": [13.5, 4.75, 13.625, 4.875],
					"texture": "#0"
				},
				"down": {
					"uv": [13.625, 4.75, 13.75, 4.875],
					"texture": "#0"
				}
			}
		},
		{
			"from": [11.42857, 3.34363, 5.15058],
			"to": [13.14286, 5.05792, 6.86487],
			"rotation": {
				"angle": 0,
				"axis": "y",
				"origin": [-5.71429, -8.65637, -5.13513]
			},
			"faces": {
				"north": {
					"uv": [11.5, 4.875, 11.625, 5.125],
					"texture": "#0"
				},
				"east": {
					"uv": [12.125, 5, 12.25, 5.125],
					"texture": "#0"
				},
				"south": {
					"uv": [11.5, 5.125, 11.625, 5.25],
					"texture": "#0"
				},
				"west": {
					"uv": [11, 5.25, 11.125, 5.375],
					"texture": "#0"
				},
				"down": {
					"uv": [12.125, 5.5, 12.25, 5.625],
					"texture": "#0"
				}
			}
		},
		{
			"from": [13.14286, -1.79923, 3.4363],
			"to": [14.85714, 3.34363, 5.15058],
			"rotation": {
				"angle": 0,
				"axis": "y",
				"origin": [-5.71429, -8.65637, -5.13513]
			},
			"faces": {
				"north": {
					"uv": [12.375, 4.875, 12.5, 5.25],
					"texture": "#0"
				},
				"east": {
					"uv": [11.75, 5.125, 11.875, 5.5],
					"texture": "#0"
				},
				"south": {
					"uv": [11.875, 5, 12, 5.375],
					"texture": "#0"
				},
				"west": {
					"uv": [11.625, 5, 11.75, 5.375],
					"texture": "#0"
				},
				"up": {
					"uv": [12, 5, 12.125, 5.125],
					"texture": "#0"
				},
				"down": {
					"uv": [11.375, 5.625, 11.5, 5.75],
					"texture": "#0"
				}
			}
		},
		{
			"from": [11.42857, 3.34363, 8.57915],
			"to": [13.14286, 5.05792, 10.29344],
			"rotation": {
				"angle": 0,
				"axis": "y",
				"origin": [-5.71429, -8.65637, -5.13513]
			},
			"faces": {
				"north": {
					"uv": [11.125, 5.75, 11.25, 5.875],
					"texture": "#0"
				},
				"east": {
					"uv": [11.5, 5.875, 11.625, 6],
					"texture": "#0"
				},
				"south": {
					"uv": [11.375, 5, 11.5, 5.125],
					"texture": "#0"
				},
				"west": {
					"uv": [11, 5.375, 11.125, 5.51111],
					"texture": "#0"
				},
				"down": {
					"uv": [11.875, 5, 12, 5.125],
					"texture": "#0"
				}
			}
		},
		{
			"from": [13.14286, 1.62935, 8.57915],
			"to": [14.85714, 3.34363, 10.29344],
			"rotation": {
				"angle": 0,
				"axis": "y",
				"origin": [-5.71429, -8.65637, -5.13513]
			},
			"faces": {
				"north": {
					"uv": [11.75, 5.25, 11.875, 5.375],
					"texture": "#0"
				},
				"east": {
					"uv": [11.275, 5.75, 11.375, 5.86667],
					"texture": "#0"
				},
				"south": {
					"uv": [11.125, 5, 11.25, 5.125],
					"texture": "#0"
				},
				"west": {
					"uv": [11.25, 5.625, 11.375, 5.75],
					"texture": "#0"
				},
				"up": {
					"uv": [11.375, 5.25, 11.5, 5.375],
					"texture": "#0"
				},
				"down": {
					"uv": [11.5, 5.25, 11.625, 5.375],
					"texture": "#0"
				}
			}
		},
		{
			"from": [14.85714, -1.79923, 8.57915],
			"to": [16.57143, 1.62935, 10.29344],
			"rotation": {
				"angle": 0,
				"axis": "y",
				"origin": [-5.71429, -8.65637, -5.13513]
			},
			"faces": {
				"north": {
					"uv": [11.5, 5.11667, 11.625, 5.375],
					"texture": "#0"
				},
				"east": {
					"uv": [12, 5, 12.125, 5.25],
					"texture": "#0"
				},
				"south": {
					"uv": [12.25, 5.125, 12.375, 5.375],
					"texture": "#0"
				},
				"west": {
					"uv": [11.875, 5.11667, 12, 5.375],
					"texture": "#0"
				},
				"up": {
					"uv": [11.875, 5.125, 12, 5.25],
					"texture": "#0"
				},
				"down": {
					"uv": [11.5, 5.25, 11.625, 5.375],
					"texture": "#0"
				}
			}
		},
		{
			"from": [4.57143, 5.05792, -3.42085],
			"to": [11.42857, 11.91506, 1.72201],
			"rotation": {
				"angle": 0,
				"axis": "y",
				"origin": [-5.71429, -8.65637, -5.13513]
			},
			"faces": {
				"north": {
					"uv": [13.875, 4.375, 14.125, 4.875],
					"texture": "#0"
				},
				"east": {
					"uv": [14, 4.375, 14.125, 4.875],
					"texture": "#0"
				},
				"west": {
					"uv": [13.875, 4.375, 14, 4.875],
					"texture": "#0"
				},
				"up": {
					"uv": [14, 4.375, 14.125, 4.875],
					"rotation": 90,
					"texture": "#0"
				},
				"down": {
					"uv": [13.625, 4.375, 14.125, 4.5],
					"rotation": 180,
					"texture": "#0"
				}
			}
		},
		{
			"from": [4.57143, 5.05792, -5.13513],
			"to": [6.28571, 11.91506, -3.42085],
			"rotation": {
				"angle": 0,
				"axis": "y",
				"origin": [-5.71429, -8.65637, -5.13513]
			},
			"faces": {
				"north": {
					"uv": [13.625, 4.375, 13.75, 4.875],
					"texture": "#0"
				},
				"east": {
					"uv": [13.625, 4.5, 13.75, 5],
					"texture": "#0"
				},
				"west": {
					"uv": [13.625, 4.5, 13.75, 5],
					"texture": "#0"
				},
				"up": {
					"uv": [13.5, 4.75, 13.625, 4.875],
					"texture": "#0"
				},
				"down": {
					"uv": [13.625, 4.625, 13.75, 4.75],
					"texture": "#0"
				}
			}
		},
		{
			"from": [9.71429, 5.05792, -5.13513],
			"to": [11.42857, 11.91506, -3.42085],
			"rotation": {
				"angle": 0,
				"axis": "y",
				"origin": [-5.71429, -8.65637, -5.13513]
			},
			"faces": {
				"north": {
					"uv": [13.75, 4.375, 13.875, 4.875],
					"texture": "#0"
				},
				"east": {
					"uv": [13.625, 4.375, 13.75, 4.875],
					"texture": "#0"
				},
				"west": {
					"uv": [13.625, 4.5, 13.75, 5],
					"texture": "#0"
				},
				"up": {
					"uv": [13.5, 4.75, 13.625, 4.875],
					"texture": "#0"
				},
				"down": {
					"uv": [13.5, 4.75, 13.625, 4.85278],
					"texture": "#0"
				}
			}
		},
		{
			"from": [4.57143, 5.05792, 17.15058],
			"to": [11.42857, 10.20077, 18.86487],
			"rotation": {
				"angle": 0,
				"axis": "y",
				"origin": [-5.71429, -8.65637, -5.13513]
			},
			"faces": {
				"east": {
					"uv": [10.875, 3.625, 11, 4],
					"texture": "#0"
				},
				"south": {
					"uv": [13.25, 4, 12.75, 3.625],
					"texture": "#0"
				},
				"west": {
					"uv": [13.125, 3.75, 13.25, 4.125],
					"texture": "#0"
				},
				"up": {
					"uv": [11.375, 3.25, 11.875, 3.375],
					"texture": "#0"
				},
				"down": {
					"uv": [10.75, 4.25, 11.25, 4.375],
					"texture": "#0"
				}
			}
		},
		{
			"from": [9.71429, 11.91506, 5.15058],
			"to": [13.14286, 13.62935, 8.57915],
			"rotation": {
				"angle": 0,
				"axis": "y",
				"origin": [-5.71429, -8.65637, -5.13513]
			},
			"faces": {
				"north": {
					"uv": [12.5, 2.625, 12.75, 2.75],
					"texture": "#0"
				},
				"east": {
					"uv": [11.375, 6.125, 11.625, 6.25],
					"texture": "#0"
				},
				"south": {
					"uv": [11.875, 2, 12.125, 2.125],
					"texture": "#0"
				},
				"west": {
					"uv": [12.25, 2.375, 12.5, 2.5],
					"texture": "#0"
				},
				"up": {
					"uv": [11.5, 5.25, 11.75, 5.5],
					"texture": "#0"
				},
				"down": {
					"uv": [11.75, 5.5, 12, 5.75],
					"texture": "#0"
				}
			}
		},
		{
			"from": [14.85714, 11.91506, 8.57915],
			"to": [16.57143, 13.62935, 10.29344],
			"rotation": {
				"angle": 0,
				"axis": "y",
				"origin": [-5.71429, -8.65637, -5.13513]
			},
			"faces": {
				"north": {
					"uv": [12.125, 2.75, 12.25, 2.875],
					"texture": "#0"
				},
				"east": {
					"uv": [11.25, 5.25, 11.375, 5.375],
					"texture": "#0"
				},
				"west": {
					"uv": [12, 2.75, 12.125, 2.875],
					"texture": "#0"
				},
				"up": {
					"uv": [11.625, 5, 11.75, 5.125],
					"texture": "#0"
				},
				"down": {
					"uv": [12, 2.25, 12.125, 2.375],
					"texture": "#0"
				}
			}
		},
		{
			"from": [14.85714, 11.91506, 10.29344],
			"to": [18.28571, 13.62935, 15.4363],
			"rotation": {
				"angle": 0,
				"axis": "y",
				"origin": [-5.71429, -8.65637, -5.13513]
			},
			"faces": {
				"north": {
					"uv": [11.5, 5.25, 11.625, 5.375],
					"texture": "#0"
				},
				"east": {
					"uv": [11.25, 5.375, 11.625, 5.5],
					"texture": "#0"
				},
				"south": {
					"uv": [11.25, 5.875, 11.5, 6],
					"texture": "#0"
				},
				"west": {
					"uv": [11.75, 2.25, 12.125, 2.375],
					"texture": "#0"
				},
				"up": {
					"uv": [11.375, 5.5, 11.625, 5.875],
					"texture": "#0"
				},
				"down": {
					"uv": [12, 2.375, 12.25, 2.75],
					"texture": "#0"
				}
			}
		},
		{
			"from": [11.42857, 11.91506, 6.86487],
			"to": [14.85714, 13.62935, 12.00773],
			"rotation": {
				"angle": 0,
				"axis": "y",
				"origin": [-5.71429, -8.65637, -5.13513]
			},
			"faces": {
				"north": {
					"uv": [11.525, 2.25, 11.75, 2.375],
					"texture": "#0"
				},
				"east": {
					"uv": [11.875, 2.5, 12.25, 2.625],
					"texture": "#0"
				},
				"south": {
					"uv": [12.125, 2.875, 12.375, 3],
					"texture": "#0"
				},
				"west": {
					"uv": [11.375, 5.125, 11.75, 5.25],
					"texture": "#0"
				},
				"up": {
					"uv": [11.5, 5.25, 11.75, 5.625],
					"texture": "#0"
				},
				"down": {
					"uv": [11.625, 2.5, 12, 3],
					"texture": "#0"
				}
			}
		},
		{
			"from": [16.57143, 13.62935, 15.4363],
			"to": [18.28571, 15.34363, 17.15058],
			"rotation": {
				"angle": 0,
				"axis": "y",
				"origin": [-5.71429, -8.65637, -5.13513]
			},
			"faces": {
				"north": {
					"uv": [11.75, 1.75, 11.875, 1.875],
					"texture": "#0"
				},
				"east": {
					"uv": [11.875, 2.375, 12, 2.5],
					"texture": "#0"
				},
				"south": {
					"uv": [11.75, 2.5, 11.875, 2.625],
					"texture": "#0"
				},
				"west": {
					"uv": [12, 2.625, 12.125, 2.75],
					"texture": "#0"
				},
				"up": {
					"uv": [11, 6.375, 11.125, 6.5],
					"texture": "#0"
				},
				"down": {
					"uv": [11.625, 5.375, 11.75, 5.5],
					"texture": "#0"
				}
			}
		},
		{
			"from": [13.14286, 11.91506, 12.00773],
			"to": [14.85714, 13.62935, 13.72201],
			"rotation": {
				"angle": 0,
				"axis": "y",
				"origin": [-5.71429, -8.65637, -5.13513]
			},
			"faces": {
				"north": {
					"uv": [12.125, 2.75, 12.25, 2.875],
					"texture": "#0"
				},
				"south": {
					"uv": [11.75, 2.125, 11.875, 2.25],
					"texture": "#0"
				},
				"west": {
					"uv": [12.125, 2.625, 12.25, 2.75],
					"texture": "#0"
				},
				"up": {
					"uv": [11.375, 5.75, 11.5, 5.875],
					"texture": "#0"
				},
				"down": {
					"uv": [11.75, 2.375, 11.875, 2.5],
					"texture": "#0"
				}
			}
		},
		{
			"from": [4.57143, 3.34363, -1.70656],
			"to": [11.42857, 13.62935, 1.72201],
			"rotation": {
				"angle": 0,
				"axis": "y",
				"origin": [-5.71429, -8.65637, -5.13513]
			},
			"faces": {
				"north": {
					"uv": [13.875, 4.5, 14, 5],
					"rotation": 90,
					"texture": "#0"
				},
				"east": {
					"uv": [13.625, 5, 13.875, 5.125],
					"texture": "#0"
				},
				"south": {
					"uv": [13.875, 4.375, 14.125, 4.875],
					"rotation": 90,
					"texture": "#0"
				},
				"west": {
					"uv": [13.875, 4.75, 14.125, 4.875],
					"texture": "#0"
				},
				"up": {
					"uv": [13.875, 4.375, 14.125, 4.875],
					"rotation": 90,
					"texture": "#0"
				},
				"down": {
					"uv": [13.875, 4.375, 14.125, 4.875],
					"rotation": 270,
					"texture": "#0"
				}
			}
		},
		{
			"from": [2.85714, 5.05792, -1.70656],
			"to": [13.14286, 11.91506, 1.72201],
			"rotation": {
				"angle": 0,
				"axis": "y",
				"origin": [-5.71429, -8.65637, -5.13513]
			},
			"faces": {
				"north": {
					"uv": [13.875, 4.375, 14.125, 4.875],
					"texture": "#0"
				},
				"east": {
					"uv": [13.875, 4.125, 14.125, 4.625],
					"texture": "#0"
				},
				"south": {
					"uv": [13.875, 4.5, 14.125, 4.75],
					"texture": "#0"
				},
				"west": {
					"uv": [13.875, 4.125, 14.125, 4.625],
					"texture": "#0"
				},
				"up": {
					"uv": [13.75, 4.875, 14, 5.125],
					"texture": "#0"
				},
				"down": {
					"uv": [13.875, 4.625, 14.125, 4.875],
					"texture": "#0"
				}
			}
		},
		{
			"from": [2.85714, 6.7722, -5.13513],
			"to": [4.57143, 10.20077, -3.42085],
			"rotation": {
				"angle": 0,
				"axis": "y",
				"origin": [-5.71429, -8.65637, -5.13513]
			},
			"faces": {
				"north": {
					"uv": [13.625, 4.5, 13.75, 4.75],
					"texture": "#0"
				},
				"south": {
					"uv": [13.625, 4.625, 13.75, 4.875],
					"texture": "#0"
				},
				"west": {
					"uv": [13.75, 4.5, 13.875, 4.75],
					"texture": "#0"
				},
				"up": {
					"uv": [13.625, 4.625, 13.75, 4.75],
					"texture": "#0"
				},
				"down": {
					"uv": [13.625, 4.625, 13.75, 4.75],
					"texture": "#0"
				}
			}
		},
		{
			"from": [11.42857, 5.05792, 1.72201],
			"to": [13.14286, 10.20077, 17.15058],
			"rotation": {
				"angle": 0,
				"axis": "y",
				"origin": [-5.71429, -8.65637, -5.13513]
			},
			"faces": {
				"east": {
					"uv": [11.75, 3.5, 12.875, 3.875],
					"texture": "#0"
				},
				"south": {
					"uv": [11.125, 3.75, 11.25, 4.125],
					"texture": "#0"
				},
				"up": {
					"uv": [11.75, 3.625, 12.875, 3.75],
					"rotation": 270,
					"texture": "#0"
				},
				"down": {
					"uv": [11, 3, 11.125, 4.5],
					"texture": "#0"
				}
			}
		},
		{
			"from": [2.85714, 5.05792, 1.72201],
			"to": [4.57143, 10.20077, 17.15058],
			"rotation": {
				"angle": 0,
				"axis": "y",
				"origin": [-5.71429, -8.65637, -5.13513]
			},
			"faces": {
				"south": {
					"uv": [12, 3.25, 12.125, 3.625],
					"texture": "#0"
				},
				"west": {
					"uv": [11.75, 3.375, 12.875, 3.75],
					"texture": "#0"
				},
				"up": {
					"uv": [13.125, 3.625, 12, 3.75],
					"rotation": 270,
					"texture": "#0"
				},
				"down": {
					"uv": [10.75, 4.25, 11.875, 4.375],
					"rotation": 90,
					"texture": "#0"
				}
			}
		},
		{
			"from": [11.42857, 3.34363, 12.00773],
			"to": [13.14286, 5.05792, 13.72201],
			"rotation": {
				"angle": 0,
				"axis": "y",
				"origin": [-5.71429, -8.65637, -5.13513]
			},
			"faces": {
				"north": {
					"uv": [11.5, 4.875, 11.625, 5.125],
					"texture": "#0"
				},
				"east": {
					"uv": [12.125, 5, 12.25, 5.125],
					"texture": "#0"
				},
				"south": {
					"uv": [11.5, 5.125, 11.625, 5.25],
					"texture": "#0"
				},
				"west": {
					"uv": [11, 5.25, 11.125, 5.375],
					"texture": "#0"
				},
				"down": {
					"uv": [12.125, 5.5, 12.25, 5.625],
					"texture": "#0"
				}
			}
		},
		{
			"from": [13.14286, -1.79923, 13.72201],
			"to": [14.85714, 3.34363, 15.4363],
			"rotation": {
				"angle": 0,
				"axis": "y",
				"origin": [-5.71429, -8.65637, -5.13513]
			},
			"faces": {
				"north": {
					"uv": [12.375, 4.875, 12.5, 5.25],
					"texture": "#0"
				},
				"east": {
					"uv": [11.75, 5.125, 11.875, 5.5],
					"texture": "#0"
				},
				"south": {
					"uv": [11.875, 5, 12, 5.375],
					"texture": "#0"
				},
				"west": {
					"uv": [11.625, 5, 11.75, 5.375],
					"texture": "#0"
				},
				"up": {
					"uv": [12, 5, 12.125, 5.125],
					"texture": "#0"
				},
				"down": {
					"uv": [11.375, 5.625, 11.5, 5.75],
					"texture": "#0"
				}
			}
		},
		{
			"from": [1.14286, -1.79923, 13.72201],
			"to": [2.85714, 3.34363, 15.4363],
			"rotation": {
				"angle": 0,
				"axis": "y",
				"origin": [-5.71429, -8.65637, -5.13513]
			},
			"faces": {
				"north": {
					"uv": [12.375, 4.875, 12.5, 5.25],
					"texture": "#0"
				},
				"east": {
					"uv": [11.75, 5.125, 11.875, 5.5],
					"texture": "#0"
				},
				"south": {
					"uv": [11.875, 5, 12, 5.375],
					"texture": "#0"
				},
				"west": {
					"uv": [11.625, 5, 11.75, 5.375],
					"texture": "#0"
				},
				"up": {
					"uv": [12, 5, 12.125, 5.125],
					"texture": "#0"
				},
				"down": {
					"uv": [11.375, 5.625, 11.5, 5.75],
					"texture": "#0"
				}
			}
		},
		{
			"from": [2.85714, 3.34363, 12.00773],
			"to": [4.57143, 5.05792, 13.72201],
			"rotation": {
				"angle": 0,
				"axis": "y",
				"origin": [-5.71429, -8.65637, -5.13513]
			},
			"faces": {
				"north": {
					"uv": [11.5, 4.875, 11.625, 5.125],
					"texture": "#0"
				},
				"east": {
					"uv": [12.125, 5, 12.25, 5.125],
					"texture": "#0"
				},
				"south": {
					"uv": [11.5, 5.125, 11.625, 5.25],
					"texture": "#0"
				},
				"west": {
					"uv": [11, 5.25, 11.125, 5.375],
					"texture": "#0"
				},
				"down": {
					"uv": [12.125, 5.5, 12.25, 5.625],
					"texture": "#0"
				}
			}
		},
		{
			"from": [2.85714, 3.34363, 8.57915],
			"to": [4.57143, 5.05792, 10.29344],
			"rotation": {
				"angle": 0,
				"axis": "y",
				"origin": [-5.71429, -8.65637, -5.13513]
			},
			"faces": {
				"north": {
					"uv": [11.125, 5.75, 11.25, 5.875],
					"texture": "#0"
				},
				"east": {
					"uv": [11.5, 5.875, 11.625, 6],
					"texture": "#0"
				},
				"south": {
					"uv": [11.375, 5, 11.5, 5.125],
					"texture": "#0"
				},
				"west": {
					"uv": [11, 5.375, 11.125, 5.51111],
					"texture": "#0"
				},
				"down": {
					"uv": [11.875, 5, 12, 5.125],
					"texture": "#0"
				}
			}
		},
		{
			"from": [2.85714, 3.34363, 5.15058],
			"to": [4.57143, 5.05792, 6.86487],
			"rotation": {
				"angle": 0,
				"axis": "y",
				"origin": [-5.71429, -8.65637, -5.13513]
			},
			"faces": {
				"north": {
					"uv": [11.5, 4.875, 11.625, 5.125],
					"texture": "#0"
				},
				"east": {
					"uv": [12.125, 5, 12.25, 5.125],
					"texture": "#0"
				},
				"south": {
					"uv": [11.5, 5.125, 11.625, 5.25],
					"texture": "#0"
				},
				"west": {
					"uv": [11, 5.25, 11.125, 5.375],
					"texture": "#0"
				},
				"down": {
					"uv": [12.125, 5.5, 12.25, 5.625],
					"texture": "#0"
				}
			}
		},
		{
			"from": [1.14286, -1.79923, 3.4363],
			"to": [2.85714, 3.34363, 5.15058],
			"rotation": {
				"angle": 0,
				"axis": "y",
				"origin": [-5.71429, -8.65637, -5.13513]
			},
			"faces": {
				"north": {
					"uv": [12.375, 4.875, 12.5, 5.25],
					"texture": "#0"
				},
				"east": {
					"uv": [11.75, 5.125, 11.875, 5.5],
					"texture": "#0"
				},
				"south": {
					"uv": [11.875, 5, 12, 5.375],
					"texture": "#0"
				},
				"west": {
					"uv": [11.625, 5, 11.75, 5.375],
					"texture": "#0"
				},
				"up": {
					"uv": [12, 5, 12.125, 5.125],
					"texture": "#0"
				},
				"down": {
					"uv": [11.375, 5.625, 11.5, 5.75],
					"texture": "#0"
				}
			}
		},
		{
			"from": [-0.57143, -1.79923, 8.57915],
			"to": [1.14286, 1.62935, 10.29344],
			"rotation": {
				"angle": 0,
				"axis": "y",
				"origin": [-5.71429, -8.65637, -5.13513]
			},
			"faces": {
				"north": {
					"uv": [11.5, 5.11667, 11.625, 5.375],
					"texture": "#0"
				},
				"east": {
					"uv": [12, 5, 12.125, 5.25],
					"texture": "#0"
				},
				"south": {
					"uv": [12.25, 5.125, 12.375, 5.375],
					"texture": "#0"
				},
				"west": {
					"uv": [11.875, 5.11667, 12, 5.375],
					"texture": "#0"
				},
				"up": {
					"uv": [11.875, 5.125, 12, 5.25],
					"texture": "#0"
				},
				"down": {
					"uv": [11.5, 5.25, 11.625, 5.375],
					"texture": "#0"
				}
			}
		},
		{
			"from": [1.14286, 1.62935, 8.57915],
			"to": [2.85714, 3.34363, 10.29344],
			"rotation": {
				"angle": 0,
				"axis": "y",
				"origin": [-5.71429, -8.65637, -5.13513]
			},
			"faces": {
				"north": {
					"uv": [11.75, 5.25, 11.875, 5.375],
					"texture": "#0"
				},
				"east": {
					"uv": [11.275, 5.75, 11.375, 5.86667],
					"texture": "#0"
				},
				"south": {
					"uv": [11.125, 5, 11.25, 5.125],
					"texture": "#0"
				},
				"west": {
					"uv": [11.25, 5.625, 11.375, 5.75],
					"texture": "#0"
				},
				"up": {
					"uv": [11.375, 5.25, 11.5, 5.375],
					"texture": "#0"
				},
				"down": {
					"uv": [11.5, 5.25, 11.625, 5.375],
					"texture": "#0"
				}
			}
		},
		{
			"from": [2.85714, 11.91506, 5.15058],
			"to": [6.28571, 13.62935, 8.57915],
			"rotation": {
				"angle": 0,
				"axis": "y",
				"origin": [-5.71429, -8.65637, -5.13513]
			},
			"faces": {
				"north": {
					"uv": [12.5, 2.625, 12.75, 2.75],
					"texture": "#0"
				},
				"east": {
					"uv": [11.375, 6.125, 11.625, 6.25],
					"texture": "#0"
				},
				"south": {
					"uv": [11.875, 2, 12.125, 2.125],
					"texture": "#0"
				},
				"west": {
					"uv": [12.25, 2.375, 12.5, 2.5],
					"texture": "#0"
				},
				"up": {
					"uv": [11.5, 5.25, 11.75, 5.5],
					"texture": "#0"
				},
				"down": {
					"uv": [11.75, 5.5, 12, 5.75],
					"texture": "#0"
				}
			}
		},
		{
			"from": [1.14286, 11.91506, 6.86487],
			"to": [4.57143, 13.62935, 12.00773],
			"rotation": {
				"angle": 0,
				"axis": "y",
				"origin": [-5.71429, -8.65637, -5.13513]
			},
			"faces": {
				"north": {
					"uv": [11.525, 2.25, 11.75, 2.375],
					"texture": "#0"
				},
				"east": {
					"uv": [11.875, 2.5, 12.25, 2.625],
					"texture": "#0"
				},
				"south": {
					"uv": [12.125, 2.875, 12.375, 3],
					"texture": "#0"
				},
				"west": {
					"uv": [11.375, 5.125, 11.75, 5.25],
					"texture": "#0"
				},
				"up": {
					"uv": [11.5, 5.25, 11.75, 5.625],
					"texture": "#0"
				},
				"down": {
					"uv": [11.625, 2.5, 12, 3],
					"texture": "#0"
				}
			}
		},
		{
			"from": [-0.57143, 11.91506, 8.57915],
			"to": [1.14286, 13.62935, 10.29344],
			"rotation": {
				"angle": 0,
				"axis": "y",
				"origin": [-5.71429, -8.65637, -5.13513]
			},
			"faces": {
				"north": {
					"uv": [12.125, 2.75, 12.25, 2.875],
					"texture": "#0"
				},
				"east": {
					"uv": [11.25, 5.25, 11.375, 5.375],
					"texture": "#0"
				},
				"west": {
					"uv": [12, 2.75, 12.125, 2.875],
					"texture": "#0"
				},
				"up": {
					"uv": [11.625, 5, 11.75, 5.125],
					"texture": "#0"
				},
				"down": {
					"uv": [12, 2.25, 12.125, 2.375],
					"texture": "#0"
				}
			}
		},
		{
			"from": [1.14286, 11.91506, 12.00773],
			"to": [2.85714, 13.62935, 13.72201],
			"rotation": {
				"angle": 0,
				"axis": "y",
				"origin": [-5.71429, -8.65637, -5.13513]
			},
			"faces": {
				"north": {
					"uv": [12.125, 2.75, 12.25, 2.875],
					"texture": "#0"
				},
				"east": {
					"uv": [11.75, 3, 11.875, 3.125],
					"texture": "#0"
				},
				"south": {
					"uv": [11.75, 2.125, 11.875, 2.25],
					"texture": "#0"
				},
				"west": {
					"uv": [12.125, 2.625, 12.25, 2.75],
					"texture": "#0"
				},
				"up": {
					"uv": [11.375, 5.75, 11.5, 5.875],
					"texture": "#0"
				},
				"down": {
					"uv": [11.75, 2.375, 11.875, 2.5],
					"texture": "#0"
				}
			}
		},
		{
			"from": [-2.28571, 11.91506, 10.29344],
			"to": [1.14286, 13.62935, 15.4363],
			"rotation": {
				"angle": 0,
				"axis": "y",
				"origin": [-5.71429, -8.65637, -5.13513]
			},
			"faces": {
				"north": {
					"uv": [11.5, 5.25, 11.625, 5.375],
					"texture": "#0"
				},
				"east": {
					"uv": [11.25, 5.375, 11.625, 5.5],
					"texture": "#0"
				},
				"south": {
					"uv": [11.25, 5.875, 11.5, 6],
					"texture": "#0"
				},
				"west": {
					"uv": [11.75, 2.25, 12.125, 2.375],
					"texture": "#0"
				},
				"up": {
					"uv": [11.375, 5.5, 11.625, 5.875],
					"texture": "#0"
				},
				"down": {
					"uv": [12, 2.375, 12.25, 2.75],
					"texture": "#0"
				}
			}
		},
		{
			"from": [-2.28571, 13.62935, 15.4363],
			"to": [-0.57143, 15.34363, 17.15058],
			"rotation": {
				"angle": 0,
				"axis": "y",
				"origin": [-5.71429, -8.65637, -5.13513]
			},
			"faces": {
				"north": {
					"uv": [11.75, 1.75, 11.875, 1.875],
					"texture": "#0"
				},
				"east": {
					"uv": [11.875, 2.375, 12, 2.5],
					"texture": "#0"
				},
				"south": {
					"uv": [11.75, 2.5, 11.875, 2.625],
					"texture": "#0"
				},
				"west": {
					"uv": [12, 2.625, 12.125, 2.75],
					"texture": "#0"
				},
				"up": {
					"uv": [11, 6.375, 11.125, 6.5],
					"texture": "#0"
				},
				"down": {
					"uv": [11.625, 5.375, 11.75, 5.5],
					"texture": "#0"
				}
			}
		},
		{
			"from": [4.57143, 5.05792, 1.72201],
			"to": [11.42857, 11.91506, 17.15058],
			"rotation": {
				"angle": 0,
				"axis": "y",
				"origin": [-5.71429, -8.65637, -5.13513]
			},
			"faces": {
				"east": {
					"uv": [3.625, 3.625, 4.75, 4],
					"texture": "#0"
				},
				"south": {
					"uv": [4.5, 3.5, 5, 3.625],
					"texture": "#0"
				},
				"west": {
					"uv": [4.75, 3.625, 3.625, 4],
					"texture": "#0"
				},
				"up": {
					"uv": [4, 3.5, 5.125, 4],
					"rotation": 270,
					"texture": "#0"
				},
				"down": {
					"uv": [2.875, 4, 4, 4.5],
					"rotation": 90,
					"texture": "#0"
				}
			}
		}
	]
}
