{
	"textures": {
		"1": "minecraft:block/slime_block"
	},
	"display": {
		"head": {
			"rotation": [0, 180, 0]
		}
	},
	"elements": [
		{
			"from": [7.875, 7.875, 7.875],
			"to": [8.125, 8.125, 8.125],
			"faces": {
				"north": {
					"uv": [0, 0, 0.25, 0.25],
					"texture": "#1"
				},
				"east": {
					"uv": [0, 0, 0.25, 0.25],
					"texture": "#1"
				},
				"south": {
					"uv": [0, 0, 0.25, 0.25],
					"texture": "#1"
				},
				"west": {
					"uv": [0, 0, 0.25, 0.25],
					"texture": "#1"
				},
				"up": {
					"uv": [0, 0, 0.25, 0.25],
					"texture": "#1"
				},
				"down": {
					"uv": [0, 0, 0.25, 0.25],
					"texture": "#1"
				}
			}
		}
	]
}
