{"credit":"Made with Blockbench","textures":{"0":"omega-flowey:custom/decorative/sunflower_front_noshade","particle":"#0"},"elements":[{"from":[-1,5.3853,7.82664],"to":[4,9.3853,8.82664],"rotation":{"angle":22.5,"axis":"x","origin":[8,8,8]},"faces":{"north":{"uv":[6,9,10,12],"texture":"#0"},"east":{"uv":[10,10,11,7],"texture":"#0"},"south":{"uv":[6,9,10,12],"texture":"#0"},"west":{"uv":[10,10,11,7],"texture":"#0"},"up":{"uv":[6,6,10,7],"texture":"#0"},"down":{"uv":[7,5,11,6],"texture":"#0"}}},{"from":[11,3.3853,7.82664],"to":[12,11.3853,8.82664],"rotation":{"angle":22.5,"axis":"x","origin":[15,8,8]},"faces":{"north":{"uv":[6,4,7,12],"texture":"#0"},"east":{"uv":[6,4,7,12],"texture":"#0"},"south":{"uv":[6,4,7,12],"texture":"#0"},"west":{"uv":[6,4,7,12],"texture":"#0"},"up":{"uv":[6,6,7,7],"texture":"#0"},"down":{"uv":[9,5,10,6],"texture":"#0"}}},{"from":[4,3.3853,7.82664],"to":[5,11.3853,8.82664],"rotation":{"angle":22.5,"axis":"x","origin":[8,8,8]},"faces":{"north":{"uv":[6,4,7,12],"texture":"#0"},"east":{"uv":[6,4,7,12],"texture":"#0"},"south":{"uv":[6,4,7,12],"texture":"#0"},"west":{"uv":[6,4,7,12],"texture":"#0"},"up":{"uv":[6,6,7,7],"texture":"#0"},"down":{"uv":[9,5,10,6],"texture":"#0"}}},{"from":[5,10.3853,7.82664],"to":[11,11.3853,8.82664],"rotation":{"angle":22.5,"axis":"x","origin":[14,8,8]},"faces":{"north":{"uv":[5,10,11,11],"texture":"#0"},"east":{"uv":[5,5,6,6],"texture":"#0"},"south":{"uv":[5,10,11,11],"texture":"#0"},"west":{"uv":[5,5,6,6],"texture":"#0"},"up":{"uv":[5,10,11,11],"texture":"#0"},"down":{"uv":[5,10,11,11],"texture":"#0"}}},{"from":[5,3.3853,7.82664],"to":[11,4.3853,8.82664],"rotation":{"angle":22.5,"axis":"x","origin":[14,8,8]},"faces":{"north":{"uv":[5,10,11,11],"texture":"#0"},"east":{"uv":[5,5,6,6],"texture":"#0"},"south":{"uv":[5,10,11,11],"texture":"#0"},"west":{"uv":[5,5,6,6],"texture":"#0"},"up":{"uv":[5,10,11,11],"texture":"#0"},"down":{"uv":[5,10,11,11],"texture":"#0"}}},{"from":[2.5,0.93769,9.45043],"to":[7.5,3.93769,10.45043],"rotation":{"angle":45,"axis":"x","origin":[8,8,8]},"faces":{"north":{"uv":[6,10,10,12],"texture":"#0"},"east":{"uv":[4,7,5,10],"texture":"#0"},"south":{"uv":[6,10,10,12],"texture":"#0"},"west":{"uv":[11,7,12,10],"texture":"#0"},"up":{"uv":[10,11,6,10],"texture":"#0"},"down":{"uv":[10,11,6,10],"texture":"#0"}}},{"from":[12,5.3853,7.82664],"to":[17,9.3853,8.82664],"rotation":{"angle":22.5,"axis":"x","origin":[8,8,8]},"faces":{"north":{"uv":[6,9,10,12],"texture":"#0"},"east":{"uv":[10,10,11,7],"texture":"#0"},"south":{"uv":[6,9,10,12],"texture":"#0"},"west":{"uv":[10,10,11,7],"texture":"#0"},"up":{"uv":[6,6,10,7],"texture":"#0"},"down":{"uv":[7,5,11,6],"texture":"#0"}}},{"from":[4.5,13.3853,7.82664],"to":[7.5,14.3853,8.82664],"rotation":{"angle":22.5,"axis":"x","origin":[8,8,8]},"faces":{"north":{"uv":[10,10,7,11],"texture":"#0"},"east":{"uv":[4,9,5,10],"texture":"#0"},"south":{"uv":[10,10,7,11],"texture":"#0"},"west":{"uv":[11,8,12,9],"texture":"#0"},"up":{"uv":[9,11,6,10],"texture":"#0"},"down":{"uv":[10,11,6,10],"texture":"#0"}}},{"from":[2.5,11.3853,7.82664],"to":[7.5,13.3853,8.82664],"rotation":{"angle":22.5,"axis":"x","origin":[8,8,8]},"faces":{"north":{"uv":[11,9,6,11],"texture":"#0"},"east":{"uv":[4,8,5,10],"texture":"#0"},"south":{"uv":[11,9,6,11],"texture":"#0"},"west":{"uv":[4,8,5,10],"texture":"#0"},"up":{"uv":[11,11,6,10],"texture":"#0"},"down":{"uv":[11,11,6,10],"texture":"#0"}}},{"from":[8.5,11.3853,7.82664],"to":[13.5,13.3853,8.82664],"rotation":{"angle":22.5,"axis":"x","origin":[8,8,8]},"faces":{"north":{"uv":[6,9,11,11],"texture":"#0"},"east":{"uv":[4,8,5,10],"texture":"#0"},"south":{"uv":[6,9,11,11],"texture":"#0"},"west":{"uv":[4,8,5,10],"texture":"#0"},"up":{"uv":[11,11,6,10],"texture":"#0"},"down":{"uv":[11,11,6,10],"texture":"#0"}}},{"from":[8.5,13.3853,7.82664],"to":[11.5,14.3853,8.82664],"rotation":{"angle":22.5,"axis":"x","origin":[8,8,8]},"faces":{"north":{"uv":[7,10,10,11],"texture":"#0"},"east":{"uv":[4,9,5,10],"texture":"#0"},"south":{"uv":[10,10,7,11],"texture":"#0"},"west":{"uv":[11,8,12,9],"texture":"#0"},"up":{"uv":[10,11,7,10],"texture":"#0"},"down":{"uv":[10,11,6,10],"texture":"#0"}}},{"from":[3,3.93769,9.45043],"to":[4,4.93769,10.45043],"rotation":{"angle":45,"axis":"x","origin":[8,8,8]},"faces":{"north":{"uv":[6,10,7,11],"texture":"#0"},"east":{"uv":[6,10,7,11],"texture":"#0"},"south":{"uv":[6,10,7,11],"texture":"#0"},"west":{"uv":[6,10,7,11],"texture":"#0"},"up":{"uv":[6,10,7,11],"texture":"#0"},"down":{"uv":[6,10,7,11],"texture":"#0"}}},{"from":[3,10.3853,7.82664],"to":[4,11.3853,8.82664],"rotation":{"angle":22.5,"axis":"x","origin":[8,8,8]},"faces":{"north":{"uv":[6,10,7,11],"texture":"#0"},"east":{"uv":[6,10,7,11],"texture":"#0"},"south":{"uv":[6,10,7,11],"texture":"#0"},"west":{"uv":[6,10,7,11],"texture":"#0"},"up":{"uv":[6,10,7,11],"texture":"#0"},"down":{"uv":[6,10,7,11],"texture":"#0"}}},{"from":[12,10.3853,7.82664],"to":[13,11.3853,8.82664],"rotation":{"angle":22.5,"axis":"x","origin":[8,8,8]},"faces":{"north":{"uv":[6,10,7,11],"texture":"#0"},"east":{"uv":[6,10,7,11],"texture":"#0"},"south":{"uv":[6,10,7,11],"texture":"#0"},"west":{"uv":[6,10,7,11],"texture":"#0"},"up":{"uv":[6,10,7,11],"texture":"#0"},"down":{"uv":[6,10,7,11],"texture":"#0"}}},{"from":[12,3.93769,9.45043],"to":[13,4.93769,10.45043],"rotation":{"angle":45,"axis":"x","origin":[8,8,8]},"faces":{"north":{"uv":[6,10,7,11],"texture":"#0"},"east":{"uv":[6,10,7,11],"texture":"#0"},"south":{"uv":[6,10,7,11],"texture":"#0"},"west":{"uv":[6,10,7,11],"texture":"#0"},"up":{"uv":[6,10,7,11],"texture":"#0"},"down":{"uv":[6,10,7,11],"texture":"#0"}}},{"from":[8.5,0.93769,9.45043],"to":[13.5,3.93769,10.45043],"rotation":{"angle":45,"axis":"x","origin":[8,8,8]},"faces":{"north":{"uv":[6,10,10,12],"texture":"#0"},"east":{"uv":[4,7,5,10],"texture":"#0"},"south":{"uv":[6,10,10,12],"texture":"#0"},"west":{"uv":[11,7,12,10],"texture":"#0"},"up":{"uv":[10,11,6,10],"texture":"#0"},"down":{"uv":[10,11,6,10],"texture":"#0"}}}],"display":{"thirdperson_righthand":{"rotation":[68,0,0],"translation":[0,0.65,0],"scale":[0.75,0.75,0.75]},"thirdperson_lefthand":{"rotation":[68,0,0],"translation":[0,0.65,0]},"firstperson_righthand":{"rotation":[-41.5,0,0],"translation":[1.5,3.75,-1.75]},"firstperson_lefthand":{"rotation":[-41.5,0,0],"translation":[1.5,3.75,-1.75]},"ground":{"translation":[0,3.5,0]},"head":{"rotation":[-22.5,0,0],"translation":[0,1,-4],"scale":[1.69,1.69,1.69]},"fixed":{"rotation":[-22.5,0,0]}},"groups":[{"name":"bone","origin":[8,-11.03649,10.04385],"color":0,"configs":{"variants":{}},"children":[0,1,2,3,4,5,6,7,8,9,10,11,12,13,14,15]}]}
