{
	"textures": {
		"3": "minecraft:block/coal_block"
	},
	"display": {
		"head": {
			"rotation": [0, 180, 0]
		}
	},
	"elements": [
		{
			"from": [-4, -4, 0.5],
			"to": [20, 20, 12.5],
			"rotation": {
				"angle": 0,
				"axis": "y",
				"origin": [8, 8, 8]
			},
			"faces": {
				"north": {
					"uv": [8, 1, 1, 3],
					"texture": "#3"
				},
				"east": {
					"uv": [8, 1, 1, 3],
					"texture": "#3"
				},
				"south": {
					"uv": [8, 1, 1, 3],
					"texture": "#3"
				},
				"west": {
					"uv": [8, 1, 1, 3],
					"texture": "#3"
				},
				"up": {
					"uv": [8, 1, 1, 3],
					"texture": "#3"
				},
				"down": {
					"uv": [8, 1, 1, 3],
					"texture": "#3"
				}
			}
		}
	]
}
