{"textures":{"0":"minecraft:block/lime_terracotta","1":"minecraft:block/redstone_block"},"display":{"head":{"rotation":[0,180,0]}},"elements":[{"from":[6.40086,7.25559,15.0301],"to":[6.77311,8.93072,15.40235],"rotation":{"angle":-45,"axis":"y","origin":[8,7.53469,8]},"faces":{"north":{"uv":[0,0,2,16],"texture":"#1"},"east":{"uv":[0,0,2,16],"texture":"#1"},"south":{"uv":[0,0,2,16],"texture":"#1"},"west":{"uv":[0,0,2,16],"texture":"#1"},"up":{"uv":[0,0,2,2],"texture":"#1"},"down":{"uv":[0,0,2,2],"texture":"#1"}}},{"from":[5.30276,6.45795,15.43337],"to":[5.67501,8.13307,15.80562],"rotation":{"angle":-22.5,"axis":"y","origin":[5.6114,8.46531,5.23915]},"faces":{"north":{"uv":[0,0,2,16],"texture":"#1"},"east":{"uv":[0,0,2,16],"texture":"#1"},"south":{"uv":[0,0,2,16],"texture":"#1"},"west":{"uv":[0,0,2,16],"texture":"#1"},"up":{"uv":[0,0,2,2],"texture":"#1"},"down":{"uv":[0,0,2,2],"texture":"#1"}}},{"from":[6.25606,7.15124,17.96157],"to":[6.62831,8.82637,18.33382],"rotation":{"angle":-45,"axis":"y","origin":[7.28652,8,8]},"faces":{"north":{"uv":[0,0,2,16],"texture":"#1"},"east":{"uv":[0,0,2,16],"texture":"#1"},"south":{"uv":[0,0,2,16],"texture":"#1"},"west":{"uv":[0,0,2,16],"texture":"#1"},"up":{"uv":[0,0,2,2],"texture":"#1"},"down":{"uv":[0,0,2,2],"texture":"#1"}}},{"from":[8.36548,11.15293,15.04561],"to":[8.73773,12.82806,15.41786],"rotation":{"angle":-45,"axis":"y","origin":[6.88325,8,7.96898]},"faces":{"north":{"uv":[0,0,2,16],"texture":"#1"},"east":{"uv":[0,0,2,16],"texture":"#1"},"south":{"uv":[0,0,2,16],"texture":"#1"},"west":{"uv":[0,0,2,16],"texture":"#1"},"up":{"uv":[0,0,2,2],"texture":"#1"},"down":{"uv":[0,0,2,2],"texture":"#1"}}},{"from":[4.49925,11.29255,15.97623],"to":[5.05763,13.1538,16.53461],"rotation":{"angle":-22.5,"axis":"y","origin":[4.99098,6.38692,6.38692]},"faces":{"north":{"uv":[0,0,2,16],"texture":"#1"},"east":{"uv":[0,0,2,16],"texture":"#1"},"south":{"uv":[0,0,2,16],"texture":"#1"},"west":{"uv":[0,0,2,16],"texture":"#1"},"up":{"uv":[0,0,2,2],"texture":"#1"},"down":{"uv":[0,0,2,2],"texture":"#1"}}},{"from":[5.90294,7.60107,14.70438],"to":[10.36995,12.06807,19.17138],"rotation":{"angle":-45,"axis":"y","origin":[8,8,8]},"faces":{"north":{"uv":[0,0,16,16],"texture":"#0"},"east":{"uv":[0,0,16,16],"texture":"#0"},"south":{"uv":[0,0,16,16],"texture":"#0"},"west":{"uv":[0,0,16,16],"texture":"#0"},"up":{"uv":[0,0,16,16],"texture":"#0"},"down":{"uv":[0,0,16,16],"texture":"#0"}}},{"from":[6.40086,6.64293,15.0301],"to":[6.77311,8.31805,15.40235],"rotation":{"angle":-22.5,"axis":"y","origin":[8,6.91427,8]},"faces":{"north":{"uv":[0,0,2,16],"texture":"#1"},"east":{"uv":[0,0,2,16],"texture":"#1"},"south":{"uv":[0,0,2,16],"texture":"#1"},"west":{"uv":[0,0,2,16],"texture":"#1"},"up":{"uv":[0,0,2,2],"texture":"#1"},"down":{"uv":[0,0,2,2],"texture":"#1"}}},{"from":[7.69136,6.09345,18.19422],"to":[8.06361,7.76858,18.56647],"rotation":{"angle":-22.5,"axis":"y","origin":[8,8.09306,8]},"faces":{"north":{"uv":[0,0,2,16],"texture":"#1"},"east":{"uv":[0,0,2,16],"texture":"#1"},"south":{"uv":[0,0,2,16],"texture":"#1"},"west":{"uv":[0,0,2,16],"texture":"#1"},"up":{"uv":[0,0,2,2],"texture":"#1"},"down":{"uv":[0,0,2,2],"texture":"#1"}}},{"from":[6.50423,7.159,17.96157],"to":[6.87648,8.83412,18.33382],"rotation":{"angle":-22.5,"axis":"y","origin":[7.53469,8,8]},"faces":{"north":{"uv":[0,0,2,16],"texture":"#1"},"east":{"uv":[0,0,2,16],"texture":"#1"},"south":{"uv":[0,0,2,16],"texture":"#1"},"west":{"uv":[0,0,2,16],"texture":"#1"},"up":{"uv":[0,0,2,2],"texture":"#1"},"down":{"uv":[0,0,2,2],"texture":"#1"}}},{"from":[8.79977,11.16069,15.07663],"to":[9.17202,12.83581,15.44888],"rotation":{"angle":-22.5,"axis":"y","origin":[7.31754,8,8]},"faces":{"north":{"uv":[0,0,2,16],"texture":"#1"},"east":{"uv":[0,0,2,16],"texture":"#1"},"south":{"uv":[0,0,2,16],"texture":"#1"},"west":{"uv":[0,0,2,16],"texture":"#1"},"up":{"uv":[0,0,2,2],"texture":"#1"},"down":{"uv":[0,0,2,2],"texture":"#1"}}},{"from":[7.50827,11.70358,17.58932],"to":[8.06665,13.56483,18.14769],"rotation":{"angle":-22.5,"axis":"y","origin":[8,6.79019,8]},"faces":{"north":{"uv":[0,0,2,16],"texture":"#1"},"east":{"uv":[0,0,2,16],"texture":"#1"},"south":{"uv":[0,0,2,16],"texture":"#1"},"west":{"uv":[0,0,2,16],"texture":"#1"},"up":{"uv":[0,0,2,2],"texture":"#1"},"down":{"uv":[0,0,2,2],"texture":"#1"}}},{"from":[5.90294,7.60883,14.70438],"to":[10.36995,12.07583,19.17138],"rotation":{"angle":-22.5,"axis":"y","origin":[8,8,8]},"faces":{"north":{"uv":[0,0,16,16],"texture":"#0"},"east":{"uv":[0,0,16,16],"texture":"#0"},"south":{"uv":[0,0,16,16],"texture":"#0"},"west":{"uv":[0,0,16,16],"texture":"#0"},"up":{"uv":[0,0,16,16],"texture":"#0"},"down":{"uv":[0,0,16,16],"texture":"#0"}}},{"from":[6.40086,7.37967,15.0301],"to":[6.77311,9.0548,15.40235],"rotation":{"angle":0,"axis":"y","origin":[8,7.65877,8]},"faces":{"north":{"uv":[0,0,2,16],"texture":"#1"},"east":{"uv":[0,0,2,16],"texture":"#1"},"south":{"uv":[0,0,2,16],"texture":"#1"},"west":{"uv":[0,0,2,16],"texture":"#1"},"up":{"uv":[0,0,2,2],"texture":"#1"},"down":{"uv":[0,0,2,2],"texture":"#1"}}},{"from":[7.69136,5.99263,16.08481],"to":[8.06361,7.66776,16.45706],"rotation":{"angle":0,"axis":"y","origin":[8,8,5.89058]},"faces":{"north":{"uv":[0,0,2,16],"texture":"#1"},"east":{"uv":[0,0,2,16],"texture":"#1"},"south":{"uv":[0,0,2,16],"texture":"#1"},"west":{"uv":[0,0,2,16],"texture":"#1"},"up":{"uv":[0,0,2,2],"texture":"#1"},"down":{"uv":[0,0,2,2],"texture":"#1"}}},{"from":[6.78341,7.02716,17.96157],"to":[7.15566,8.70228,18.33382],"rotation":{"angle":0,"axis":"y","origin":[7.81388,7.87592,8]},"faces":{"north":{"uv":[0,0,2,16],"texture":"#1"},"east":{"uv":[0,0,2,16],"texture":"#1"},"south":{"uv":[0,0,2,16],"texture":"#1"},"west":{"uv":[0,0,2,16],"texture":"#1"},"up":{"uv":[0,0,2,2],"texture":"#1"},"down":{"uv":[0,0,2,2],"texture":"#1"}}},{"from":[8.73773,10.90476,15.07663],"to":[9.10998,12.57989,15.44888],"rotation":{"angle":0,"axis":"y","origin":[7.2555,7.75183,8]},"faces":{"north":{"uv":[0,0,2,16],"texture":"#1"},"east":{"uv":[0,0,2,16],"texture":"#1"},"south":{"uv":[0,0,2,16],"texture":"#1"},"west":{"uv":[0,0,2,16],"texture":"#1"},"up":{"uv":[0,0,2,2],"texture":"#1"},"down":{"uv":[0,0,2,2],"texture":"#1"}}},{"from":[7.50827,11.94399,17.58932],"to":[8.06665,13.80524,18.14769],"rotation":{"angle":0,"axis":"y","origin":[8,7.03835,8]},"faces":{"north":{"uv":[0,0,2,16],"texture":"#1"},"east":{"uv":[0,0,2,16],"texture":"#1"},"south":{"uv":[0,0,2,16],"texture":"#1"},"west":{"uv":[0,0,2,16],"texture":"#1"},"up":{"uv":[0,0,2,2],"texture":"#1"},"down":{"uv":[0,0,2,2],"texture":"#1"}}},{"from":[5.90294,7.60107,14.70438],"to":[10.36995,12.06807,19.17138],"rotation":{"angle":0,"axis":"y","origin":[8,8,8]},"faces":{"north":{"uv":[0,0,16,16],"texture":"#0"},"east":{"uv":[0,0,16,16],"texture":"#0"},"south":{"uv":[0,0,16,16],"texture":"#0"},"west":{"uv":[0,0,16,16],"texture":"#0"},"up":{"uv":[0,0,16,16],"texture":"#0"},"down":{"uv":[0,0,16,16],"texture":"#0"}}},{"from":[6.40086,7.07722,15.0301],"to":[6.77311,8.75235,15.40235],"rotation":{"angle":22.5,"axis":"y","origin":[8,7.34856,8]},"faces":{"north":{"uv":[0,0,2,16],"texture":"#1"},"east":{"uv":[0,0,2,16],"texture":"#1"},"south":{"uv":[0,0,2,16],"texture":"#1"},"west":{"uv":[0,0,2,16],"texture":"#1"},"up":{"uv":[0,0,2,2],"texture":"#1"},"down":{"uv":[0,0,2,2],"texture":"#1"}}},{"from":[8.28076,6.52774,18.19422],"to":[8.65301,8.20287,18.56647],"rotation":{"angle":22.5,"axis":"y","origin":[8.5894,8.52735,8]},"faces":{"north":{"uv":[0,0,2,16],"texture":"#1"},"east":{"uv":[0,0,2,16],"texture":"#1"},"south":{"uv":[0,0,2,16],"texture":"#1"},"west":{"uv":[0,0,2,16],"texture":"#1"},"up":{"uv":[0,0,2,2],"texture":"#1"},"down":{"uv":[0,0,2,2],"texture":"#1"}}},{"from":[6.96954,7.159,17.96157],"to":[7.34179,8.83412,18.33382],"rotation":{"angle":22.5,"axis":"y","origin":[8,8,8]},"faces":{"north":{"uv":[0,0,2,16],"texture":"#1"},"east":{"uv":[0,0,2,16],"texture":"#1"},"south":{"uv":[0,0,2,16],"texture":"#1"},"west":{"uv":[0,0,2,16],"texture":"#1"},"up":{"uv":[0,0,2,2],"texture":"#1"},"down":{"uv":[0,0,2,2],"texture":"#1"}}},{"from":[8.52058,11.16069,15.66602],"to":[8.89283,12.83581,16.03827],"rotation":{"angle":22.5,"axis":"y","origin":[7.03835,8,8.5894]},"faces":{"north":{"uv":[0,0,2,16],"texture":"#1"},"east":{"uv":[0,0,2,16],"texture":"#1"},"south":{"uv":[0,0,2,16],"texture":"#1"},"west":{"uv":[0,0,2,16],"texture":"#1"},"up":{"uv":[0,0,2,2],"texture":"#1"},"down":{"uv":[0,0,2,2],"texture":"#1"}}},{"from":[7.50827,11.42439,17.58932],"to":[8.06665,13.28564,18.14769],"rotation":{"angle":22.5,"axis":"y","origin":[8,6.511,8]},"faces":{"north":{"uv":[0,0,2,16],"texture":"#1"},"east":{"uv":[0,0,2,16],"texture":"#1"},"south":{"uv":[0,0,2,16],"texture":"#1"},"west":{"uv":[0,0,2,16],"texture":"#1"},"up":{"uv":[0,0,2,2],"texture":"#1"},"down":{"uv":[0,0,2,2],"texture":"#1"}}},{"from":[5.90294,7.60883,14.70438],"to":[10.36995,12.07583,19.17138],"rotation":{"angle":22.5,"axis":"y","origin":[8,8,8]},"faces":{"north":{"uv":[0,0,16,16],"texture":"#0"},"east":{"uv":[0,0,16,16],"texture":"#0"},"south":{"uv":[0,0,16,16],"texture":"#0"},"west":{"uv":[0,0,16,16],"texture":"#0"},"up":{"uv":[0,0,16,16],"texture":"#0"},"down":{"uv":[0,0,16,16],"texture":"#0"}}},{"from":[7.70374,7.00742,15.65051],"to":[8.07599,8.68255,16.02276],"rotation":{"angle":45,"axis":"y","origin":[9.30288,7.28652,8.62042]},"faces":{"north":{"uv":[0,0,2,16],"texture":"#1"},"east":{"uv":[0,0,2,16],"texture":"#1"},"south":{"uv":[0,0,2,16],"texture":"#1"},"west":{"uv":[0,0,2,16],"texture":"#1"},"up":{"uv":[0,0,2,2],"texture":"#1"},"down":{"uv":[0,0,2,2],"texture":"#1"}}},{"from":[8.43586,6.36488,15.15418],"to":[8.80811,8.04001,15.52643],"rotation":{"angle":22.5,"axis":"y","origin":[8.7445,8.37225,4.95996]},"faces":{"north":{"uv":[0,0,2,16],"texture":"#1"},"east":{"uv":[0,0,2,16],"texture":"#1"},"south":{"uv":[0,0,2,16],"texture":"#1"},"west":{"uv":[0,0,2,16],"texture":"#1"},"up":{"uv":[0,0,2,2],"texture":"#1"},"down":{"uv":[0,0,2,2],"texture":"#1"}}},{"from":[6.96954,7.15124,18.20973],"to":[7.34179,8.82637,18.58198],"rotation":{"angle":45,"axis":"y","origin":[8,8,8.24817]},"faces":{"north":{"uv":[0,0,2,16],"texture":"#1"},"east":{"uv":[0,0,2,16],"texture":"#1"},"south":{"uv":[0,0,2,16],"texture":"#1"},"west":{"uv":[0,0,2,16],"texture":"#1"},"up":{"uv":[0,0,2,2],"texture":"#1"},"down":{"uv":[0,0,2,2],"texture":"#1"}}},{"from":[11.34348,11.15293,17.15502],"to":[11.71573,12.82806,17.52727],"rotation":{"angle":45,"axis":"y","origin":[9.86125,8,10.0784]},"faces":{"north":{"uv":[0,0,2,16],"texture":"#1"},"east":{"uv":[0,0,2,16],"texture":"#1"},"south":{"uv":[0,0,2,16],"texture":"#1"},"west":{"uv":[0,0,2,16],"texture":"#1"},"up":{"uv":[0,0,2,2],"texture":"#1"},"down":{"uv":[0,0,2,2],"texture":"#1"}}},{"from":[8.74911,11.29255,15.16969],"to":[9.30748,13.1538,15.72807],"rotation":{"angle":22.5,"axis":"y","origin":[9.24083,6.38692,5.58037]},"faces":{"north":{"uv":[0,0,2,16],"texture":"#1"},"east":{"uv":[0,0,2,16],"texture":"#1"},"south":{"uv":[0,0,2,16],"texture":"#1"},"west":{"uv":[0,0,2,16],"texture":"#1"},"up":{"uv":[0,0,2,2],"texture":"#1"},"down":{"uv":[0,0,2,2],"texture":"#1"}}},{"from":[5.90294,7.60107,14.70438],"to":[10.36995,12.06807,19.17138],"rotation":{"angle":45,"axis":"y","origin":[8,8,8]},"faces":{"north":{"uv":[0,0,16,16],"texture":"#0"},"east":{"uv":[0,0,16,16],"texture":"#0"},"south":{"uv":[0,0,16,16],"texture":"#0"},"west":{"uv":[0,0,16,16],"texture":"#0"},"up":{"uv":[0,0,16,16],"texture":"#0"},"down":{"uv":[0,0,16,16],"texture":"#0"}}},{"from":[14.90601,7.20788,9.50014],"to":[15.27826,8.883,9.87239],"rotation":{"angle":-22.5,"axis":"y","origin":[7.87592,7.47265,8.27919]},"faces":{"north":{"uv":[0,0,2,16],"texture":"#1"},"east":{"uv":[0,0,2,16],"texture":"#1"},"south":{"uv":[0,0,2,16],"texture":"#1"},"west":{"uv":[0,0,2,16],"texture":"#1"},"up":{"uv":[0,0,2,2],"rotation":270,"texture":"#1"},"down":{"uv":[0,0,2,2],"rotation":90,"texture":"#1"}}},{"from":[9.4796,6.84116,13.41701],"to":[9.85185,8.51629,13.78926],"rotation":{"angle":45,"axis":"y","origin":[9.79921,8.83756,3.22279]},"faces":{"north":{"uv":[0,0,2,16],"texture":"#1"},"east":{"uv":[0,0,2,16],"texture":"#1"},"south":{"uv":[0,0,2,16],"texture":"#1"},"west":{"uv":[0,0,2,16],"texture":"#1"},"up":{"uv":[0,0,2,2],"texture":"#1"},"down":{"uv":[0,0,2,2],"texture":"#1"}}},{"from":[17.96157,7.16557,8.12492],"to":[18.33382,8.8407,8.49717],"rotation":{"angle":-22.5,"axis":"y","origin":[8,8,7.47265]},"faces":{"north":{"uv":[0,0,2,16],"texture":"#1"},"east":{"uv":[0,0,2,16],"texture":"#1"},"south":{"uv":[0,0,2,16],"texture":"#1"},"west":{"uv":[0,0,2,16],"texture":"#1"},"up":{"uv":[0,0,2,2],"rotation":270,"texture":"#1"},"down":{"uv":[0,0,2,2],"rotation":90,"texture":"#1"}}},{"from":[17.09298,11.16726,6.76],"to":[17.46523,12.84239,7.13226],"rotation":{"angle":-22.5,"axis":"y","origin":[10.01636,8,8.62042]},"faces":{"north":{"uv":[0,0,2,16],"texture":"#1"},"east":{"uv":[0,0,2,16],"texture":"#1"},"south":{"uv":[0,0,2,16],"texture":"#1"},"west":{"uv":[0,0,2,16],"texture":"#1"},"up":{"uv":[0,0,2,2],"rotation":270,"texture":"#1"},"down":{"uv":[0,0,2,2],"rotation":90,"texture":"#1"}}},{"from":[7.49731,11.73781,14.61132],"to":[8.05568,13.59906,15.16969],"rotation":{"angle":45,"axis":"y","origin":[8,6.82121,5.022]},"faces":{"north":{"uv":[0,0,2,16],"texture":"#1"},"east":{"uv":[0,0,2,16],"texture":"#1"},"south":{"uv":[0,0,2,16],"texture":"#1"},"west":{"uv":[0,0,2,16],"texture":"#1"},"up":{"uv":[0,0,2,2],"texture":"#1"},"down":{"uv":[0,0,2,2],"texture":"#1"}}},{"from":[14.70438,7.61658,5.63006],"to":[19.17138,12.08358,10.09706],"rotation":{"angle":-22.5,"axis":"y","origin":[8,8,8]},"faces":{"north":{"uv":[0,0,16,16],"texture":"#0"},"east":{"uv":[0,0,16,16],"texture":"#0"},"south":{"uv":[0,0,16,16],"texture":"#0"},"west":{"uv":[0,0,16,16],"texture":"#0"},"up":{"uv":[0,0,16,16],"rotation":270,"texture":"#0"},"down":{"uv":[0,0,16,16],"rotation":90,"texture":"#0"}}},{"from":[15.0301,11.22626,9.22689],"to":[15.40235,12.90138,9.59914],"rotation":{"angle":0,"axis":"y","origin":[8,11.50535,8]},"faces":{"north":{"uv":[0,0,2,16],"texture":"#1"},"east":{"uv":[0,0,2,16],"texture":"#1"},"south":{"uv":[0,0,2,16],"texture":"#1"},"west":{"uv":[0,0,2,16],"texture":"#1"},"up":{"uv":[0,0,2,2],"rotation":270,"texture":"#1"},"down":{"uv":[0,0,2,2],"rotation":90,"texture":"#1"}}},{"from":[17.48074,6.70611,7.93639],"to":[17.85299,8.38124,8.30864],"rotation":{"angle":0,"axis":"y","origin":[7.28652,8.71348,8]},"faces":{"north":{"uv":[0,0,2,16],"texture":"#1"},"east":{"uv":[0,0,2,16],"texture":"#1"},"south":{"uv":[0,0,2,16],"texture":"#1"},"west":{"uv":[0,0,2,16],"texture":"#1"},"up":{"uv":[0,0,2,2],"rotation":270,"texture":"#1"},"down":{"uv":[0,0,2,2],"rotation":90,"texture":"#1"}}},{"from":[17.96157,7.15124,8.65821],"to":[18.33382,8.82637,9.03046],"rotation":{"angle":0,"axis":"y","origin":[8,8,8]},"faces":{"north":{"uv":[0,0,2,16],"texture":"#1"},"east":{"uv":[0,0,2,16],"texture":"#1"},"south":{"uv":[0,0,2,16],"texture":"#1"},"west":{"uv":[0,0,2,16],"texture":"#1"},"up":{"uv":[0,0,2,2],"rotation":270,"texture":"#1"},"down":{"uv":[0,0,2,2],"rotation":90,"texture":"#1"}}},{"from":[18.39586,11.15293,6.859],"to":[18.76811,12.82806,7.23125],"rotation":{"angle":0,"axis":"y","origin":[11.31923,8,8.71348]},"faces":{"north":{"uv":[0,0,2,16],"texture":"#1"},"east":{"uv":[0,0,2,16],"texture":"#1"},"south":{"uv":[0,0,2,16],"texture":"#1"},"west":{"uv":[0,0,2,16],"texture":"#1"},"up":{"uv":[0,0,2,2],"rotation":270,"texture":"#1"},"down":{"uv":[0,0,2,2],"rotation":90,"texture":"#1"}}},{"from":[17.58932,11.6648,7.93335],"to":[18.14769,13.52605,8.49173],"rotation":{"angle":0,"axis":"y","origin":[8,6.75917,8]},"faces":{"north":{"uv":[0,0,2,16],"texture":"#1"},"east":{"uv":[0,0,2,16],"texture":"#1"},"south":{"uv":[0,0,2,16],"texture":"#1"},"west":{"uv":[0,0,2,16],"texture":"#1"},"up":{"uv":[0,0,2,2],"rotation":270,"texture":"#1"},"down":{"uv":[0,0,2,2],"rotation":90,"texture":"#1"}}},{"from":[14.70438,7.60107,5.63006],"to":[19.17138,12.06807,10.09706],"rotation":{"angle":0,"axis":"y","origin":[8,8,8]},"faces":{"north":{"uv":[0,0,16,16],"texture":"#0"},"east":{"uv":[0,0,16,16],"texture":"#0"},"south":{"uv":[0,0,16,16],"texture":"#0"},"west":{"uv":[0,0,16,16],"texture":"#0"},"up":{"uv":[0,0,16,16],"rotation":270,"texture":"#0"},"down":{"uv":[0,0,16,16],"rotation":90,"texture":"#0"}}},{"from":[15.0301,6.77359,8.50747],"to":[15.40235,8.44871,8.87972],"rotation":{"angle":22.5,"axis":"y","origin":[8,7.03835,7.28652]},"faces":{"north":{"uv":[0,0,2,16],"texture":"#1"},"east":{"uv":[0,0,2,16],"texture":"#1"},"south":{"uv":[0,0,2,16],"texture":"#1"},"west":{"uv":[0,0,2,16],"texture":"#1"},"up":{"uv":[0,0,2,2],"rotation":270,"texture":"#1"},"down":{"uv":[0,0,2,2],"rotation":90,"texture":"#1"}}},{"from":[17.17054,6.34483,3.44933],"to":[17.54279,8.01995,3.82158],"rotation":{"angle":0,"axis":"y","origin":[6.97631,8.34123,3.50198]},"faces":{"north":{"uv":[0,0,2,16],"texture":"#1"},"east":{"uv":[0,0,2,16],"texture":"#1"},"south":{"uv":[0,0,2,16],"texture":"#1"},"west":{"uv":[0,0,2,16],"texture":"#1"},"up":{"uv":[0,0,2,2],"rotation":270,"texture":"#1"},"down":{"uv":[0,0,2,2],"rotation":90,"texture":"#1"}}},{"from":[18.36484,7.16557,8.99351],"to":[18.73709,8.8407,9.36576],"rotation":{"angle":22.5,"axis":"y","origin":[8.40327,8,8.34123]},"faces":{"north":{"uv":[0,0,2,16],"texture":"#1"},"east":{"uv":[0,0,2,16],"texture":"#1"},"south":{"uv":[0,0,2,16],"texture":"#1"},"west":{"uv":[0,0,2,16],"texture":"#1"},"up":{"uv":[0,0,2,2],"rotation":270,"texture":"#1"},"down":{"uv":[0,0,2,2],"rotation":90,"texture":"#1"}}},{"from":[17.15503,11.16726,7.03919],"to":[17.52728,12.84239,7.41144],"rotation":{"angle":22.5,"axis":"y","origin":[10.0784,8,8.8996]},"faces":{"north":{"uv":[0,0,2,16],"texture":"#1"},"east":{"uv":[0,0,2,16],"texture":"#1"},"south":{"uv":[0,0,2,16],"texture":"#1"},"west":{"uv":[0,0,2,16],"texture":"#1"},"up":{"uv":[0,0,2,2],"rotation":270,"texture":"#1"},"down":{"uv":[0,0,2,2],"rotation":90,"texture":"#1"}}},{"from":[17.31013,10.55902,3.16711],"to":[17.8685,12.42027,3.72549],"rotation":{"angle":0,"axis":"y","origin":[7.72081,5.64242,3.22279]},"faces":{"north":{"uv":[0,0,2,16],"texture":"#1"},"east":{"uv":[0,0,2,16],"texture":"#1"},"south":{"uv":[0,0,2,16],"texture":"#1"},"west":{"uv":[0,0,2,16],"texture":"#1"},"up":{"uv":[0,0,2,2],"rotation":270,"texture":"#1"},"down":{"uv":[0,0,2,2],"rotation":90,"texture":"#1"}}},{"from":[14.70438,7.61658,5.63006],"to":[19.17138,12.08358,10.09706],"rotation":{"angle":22.5,"axis":"y","origin":[8,8,8]},"faces":{"north":{"uv":[0,0,16,16],"texture":"#0"},"east":{"uv":[0,0,16,16],"texture":"#0"},"south":{"uv":[0,0,16,16],"texture":"#0"},"west":{"uv":[0,0,16,16],"texture":"#0"},"up":{"uv":[0,0,16,16],"rotation":270,"texture":"#0"},"down":{"uv":[0,0,16,16],"rotation":90,"texture":"#0"}}},{"from":[15.0301,10.6989,9.22689],"to":[15.40235,12.37403,9.59914],"rotation":{"angle":45,"axis":"y","origin":[8,10.978,8]},"faces":{"north":{"uv":[0,0,2,16],"texture":"#1"},"east":{"uv":[0,0,2,16],"texture":"#1"},"south":{"uv":[0,0,2,16],"texture":"#1"},"west":{"uv":[0,0,2,16],"texture":"#1"},"up":{"uv":[0,0,2,2],"rotation":270,"texture":"#1"},"down":{"uv":[0,0,2,2],"rotation":90,"texture":"#1"}}},{"from":[14.50274,6.70611,3.96572],"to":[14.87499,8.38124,4.33797],"rotation":{"angle":22.5,"axis":"y","origin":[4.30852,8.71348,4.02933]},"faces":{"north":{"uv":[0,0,2,16],"texture":"#1"},"east":{"uv":[0,0,2,16],"texture":"#1"},"south":{"uv":[0,0,2,16],"texture":"#1"},"west":{"uv":[0,0,2,16],"texture":"#1"},"up":{"uv":[0,0,2,2],"rotation":270,"texture":"#1"},"down":{"uv":[0,0,2,2],"rotation":90,"texture":"#1"}}},{"from":[17.96157,7.15124,9.12352],"to":[18.33382,8.82637,9.49577],"rotation":{"angle":45,"axis":"y","origin":[8,8,8.46531]},"faces":{"north":{"uv":[0,0,2,16],"texture":"#1"},"east":{"uv":[0,0,2,16],"texture":"#1"},"south":{"uv":[0,0,2,16],"texture":"#1"},"west":{"uv":[0,0,2,16],"texture":"#1"},"up":{"uv":[0,0,2,2],"rotation":270,"texture":"#1"},"down":{"uv":[0,0,2,2],"rotation":90,"texture":"#1"}}},{"from":[16.31746,11.15293,6.14552],"to":[16.68971,12.82806,6.51777],"rotation":{"angle":45,"axis":"y","origin":[9.24083,8,8]},"faces":{"north":{"uv":[0,0,2,16],"texture":"#1"},"east":{"uv":[0,0,2,16],"texture":"#1"},"south":{"uv":[0,0,2,16],"texture":"#1"},"west":{"uv":[0,0,2,16],"texture":"#1"},"up":{"uv":[0,0,2,2],"rotation":270,"texture":"#1"},"down":{"uv":[0,0,2,2],"rotation":90,"texture":"#1"}}},{"from":[14.95255,11.26153,5.29658],"to":[15.51092,13.12278,5.85496],"rotation":{"angle":22.5,"axis":"y","origin":[5.36323,6.3559,5.36323]},"faces":{"north":{"uv":[0,0,2,16],"texture":"#1"},"east":{"uv":[0,0,2,16],"texture":"#1"},"south":{"uv":[0,0,2,16],"texture":"#1"},"west":{"uv":[0,0,2,16],"texture":"#1"},"up":{"uv":[0,0,2,2],"rotation":270,"texture":"#1"},"down":{"uv":[0,0,2,2],"rotation":90,"texture":"#1"}}},{"from":[14.70438,7.60107,5.63006],"to":[19.17138,12.06807,10.09706],"rotation":{"angle":45,"axis":"y","origin":[8,8,8]},"faces":{"north":{"uv":[0,0,16,16],"texture":"#0"},"east":{"uv":[0,0,16,16],"texture":"#0"},"south":{"uv":[0,0,16,16],"texture":"#0"},"west":{"uv":[0,0,16,16],"texture":"#0"},"up":{"uv":[0,0,16,16],"rotation":270,"texture":"#0"},"down":{"uv":[0,0,16,16],"rotation":90,"texture":"#0"}}},{"from":[9.22095,10.52711,-0.6742],"to":[9.5932,12.20223,-0.30195],"rotation":{"angle":-22.5,"axis":"y","origin":[8,10.79188,6.72815]},"faces":{"north":{"uv":[0,0,2,16],"texture":"#1"},"east":{"uv":[0,0,2,16],"texture":"#1"},"south":{"uv":[0,0,2,16],"texture":"#1"},"west":{"uv":[0,0,2,16],"texture":"#1"},"up":{"uv":[0,0,2,2],"rotation":180,"texture":"#1"},"down":{"uv":[0,0,2,2],"rotation":180,"texture":"#1"}}},{"from":[7.94736,6.18973,-2.56647],"to":[8.31961,7.86485,-2.19422],"rotation":{"angle":-22.5,"axis":"y","origin":[8,8.18612,8]},"faces":{"north":{"uv":[0,0,2,16],"texture":"#1"},"east":{"uv":[0,0,2,16],"texture":"#1"},"south":{"uv":[0,0,2,16],"texture":"#1"},"west":{"uv":[0,0,2,16],"texture":"#1"},"up":{"uv":[0,0,2,2],"rotation":180,"texture":"#1"},"down":{"uv":[0,0,2,2],"rotation":180,"texture":"#1"}}},{"from":[7.59757,7.16557,-1.65136],"to":[7.96982,8.8407,-1.27911],"rotation":{"angle":-22.5,"axis":"y","origin":[6.94529,8,8.68246]},"faces":{"north":{"uv":[0,0,2,16],"texture":"#1"},"east":{"uv":[0,0,2,16],"texture":"#1"},"south":{"uv":[0,0,2,16],"texture":"#1"},"west":{"uv":[0,0,2,16],"texture":"#1"},"up":{"uv":[0,0,2,2],"rotation":180,"texture":"#1"},"down":{"uv":[0,0,2,2],"rotation":180,"texture":"#1"}}},{"from":[6.41878,11.16726,0.89235],"to":[6.79103,12.84239,1.2646],"rotation":{"angle":-22.5,"axis":"y","origin":[8.27919,8,8.34123]},"faces":{"north":{"uv":[0,0,2,16],"texture":"#1"},"east":{"uv":[0,0,2,16],"texture":"#1"},"south":{"uv":[0,0,2,16],"texture":"#1"},"west":{"uv":[0,0,2,16],"texture":"#1"},"up":{"uv":[0,0,2,2],"rotation":180,"texture":"#1"},"down":{"uv":[0,0,2,2],"rotation":180,"texture":"#1"}}},{"from":[7.94432,11.30352,-2.14769],"to":[8.5027,13.16477,-1.58932],"rotation":{"angle":-22.5,"axis":"y","origin":[8,6.38692,8]},"faces":{"north":{"uv":[0,0,2,16],"texture":"#1"},"east":{"uv":[0,0,2,16],"texture":"#1"},"south":{"uv":[0,0,2,16],"texture":"#1"},"west":{"uv":[0,0,2,16],"texture":"#1"},"up":{"uv":[0,0,2,2],"rotation":180,"texture":"#1"},"down":{"uv":[0,0,2,2],"rotation":180,"texture":"#1"}}},{"from":[5.63006,7.61658,-3.17138],"to":[10.09706,12.08358,1.29562],"rotation":{"angle":-22.5,"axis":"y","origin":[8,8,8]},"faces":{"north":{"uv":[0,0,16,16],"texture":"#0"},"east":{"uv":[0,0,16,16],"texture":"#0"},"south":{"uv":[0,0,16,16],"texture":"#0"},"west":{"uv":[0,0,16,16],"texture":"#0"},"up":{"uv":[0,0,16,16],"rotation":180,"texture":"#0"},"down":{"uv":[0,0,16,16],"rotation":180,"texture":"#0"}}},{"from":[9.22689,10.82299,-0.02276],"to":[9.59914,12.49811,0.34949],"rotation":{"angle":0,"axis":"y","origin":[8,11.10208,7.37958]},"faces":{"north":{"uv":[0,0,2,16],"texture":"#1"},"east":{"uv":[0,0,2,16],"texture":"#1"},"south":{"uv":[0,0,2,16],"texture":"#1"},"west":{"uv":[0,0,2,16],"texture":"#1"},"up":{"uv":[0,0,2,2],"rotation":180,"texture":"#1"},"down":{"uv":[0,0,2,2],"rotation":180,"texture":"#1"}}},{"from":[7.93639,7.17142,-2.56647],"to":[8.30864,8.84655,-2.19422],"rotation":{"angle":0,"axis":"y","origin":[8,9.17879,8]},"faces":{"north":{"uv":[0,0,2,16],"texture":"#1"},"east":{"uv":[0,0,2,16],"texture":"#1"},"south":{"uv":[0,0,2,16],"texture":"#1"},"west":{"uv":[0,0,2,16],"texture":"#1"},"up":{"uv":[0,0,2,2],"rotation":180,"texture":"#1"},"down":{"uv":[0,0,2,2],"rotation":180,"texture":"#1"}}},{"from":[9.43373,6.84103,-2.33382],"to":[9.80598,8.51616,-1.96157],"rotation":{"angle":0,"axis":"y","origin":[8.77552,7.68979,8]},"faces":{"north":{"uv":[0,0,2,16],"texture":"#1"},"east":{"uv":[0,0,2,16],"texture":"#1"},"south":{"uv":[0,0,2,16],"texture":"#1"},"west":{"uv":[0,0,2,16],"texture":"#1"},"up":{"uv":[0,0,2,2],"rotation":180,"texture":"#1"},"down":{"uv":[0,0,2,2],"rotation":180,"texture":"#1"}}},{"from":[6.45573,11.12191,-1.03094],"to":[6.82798,12.79703,-0.65869],"rotation":{"angle":0,"axis":"y","origin":[8.31021,7.96898,6.41794]},"faces":{"north":{"uv":[0,0,2,16],"texture":"#1"},"east":{"uv":[0,0,2,16],"texture":"#1"},"south":{"uv":[0,0,2,16],"texture":"#1"},"west":{"uv":[0,0,2,16],"texture":"#1"},"up":{"uv":[0,0,2,2],"rotation":180,"texture":"#1"},"down":{"uv":[0,0,2,2],"rotation":180,"texture":"#1"}}},{"from":[7.59212,11.57174,-2.14769],"to":[8.1505,13.43299,-1.58932],"rotation":{"angle":0,"axis":"y","origin":[7.65877,6.6661,8]},"faces":{"north":{"uv":[0,0,2,16],"texture":"#1"},"east":{"uv":[0,0,2,16],"texture":"#1"},"south":{"uv":[0,0,2,16],"texture":"#1"},"west":{"uv":[0,0,2,16],"texture":"#1"},"up":{"uv":[0,0,2,2],"rotation":180,"texture":"#1"},"down":{"uv":[0,0,2,2],"rotation":180,"texture":"#1"}}},{"from":[5.63006,7.60107,-3.17138],"to":[10.09706,12.06807,1.29562],"rotation":{"angle":0,"axis":"y","origin":[8,8,8]},"faces":{"north":{"uv":[0,0,16,16],"texture":"#0"},"east":{"uv":[0,0,16,16],"texture":"#0"},"south":{"uv":[0,0,16,16],"texture":"#0"},"west":{"uv":[0,0,16,16],"texture":"#0"},"up":{"uv":[0,0,16,16],"rotation":180,"texture":"#0"},"down":{"uv":[0,0,16,16],"rotation":180,"texture":"#0"}}},{"from":[8.22829,7.14584,0.59765],"to":[8.60054,8.82096,0.9699],"rotation":{"angle":22.5,"axis":"y","origin":[7.00733,7.4106,8]},"faces":{"north":{"uv":[0,0,2,16],"texture":"#1"},"east":{"uv":[0,0,2,16],"texture":"#1"},"south":{"uv":[0,0,2,16],"texture":"#1"},"west":{"uv":[0,0,2,16],"texture":"#1"},"up":{"uv":[0,0,2,2],"rotation":180,"texture":"#1"},"down":{"uv":[0,0,2,2],"rotation":180,"texture":"#1"}}},{"from":[7.94736,6.37585,-2.56647],"to":[8.31961,8.05098,-2.19422],"rotation":{"angle":22.5,"axis":"y","origin":[8,8.37225,8]},"faces":{"north":{"uv":[0,0,2,16],"texture":"#1"},"east":{"uv":[0,0,2,16],"texture":"#1"},"south":{"uv":[0,0,2,16],"texture":"#1"},"west":{"uv":[0,0,2,16],"texture":"#1"},"up":{"uv":[0,0,2,2],"rotation":180,"texture":"#1"},"down":{"uv":[0,0,2,2],"rotation":180,"texture":"#1"}}},{"from":[9.30371,7.16557,-2.33382],"to":[9.67596,8.8407,-1.96157],"rotation":{"angle":22.5,"axis":"y","origin":[8.65144,8,8]},"faces":{"north":{"uv":[0,0,2,16],"texture":"#1"},"east":{"uv":[0,0,2,16],"texture":"#1"},"south":{"uv":[0,0,2,16],"texture":"#1"},"west":{"uv":[0,0,2,16],"texture":"#1"},"up":{"uv":[0,0,2,2],"rotation":180,"texture":"#1"},"down":{"uv":[0,0,2,2],"rotation":180,"texture":"#1"}}},{"from":[5.73632,11.16726,-1.21707],"to":[6.10857,12.84239,-0.84482],"rotation":{"angle":22.5,"axis":"y","origin":[7.59673,8,6.23181]},"faces":{"north":{"uv":[0,0,2,16],"texture":"#1"},"east":{"uv":[0,0,2,16],"texture":"#1"},"south":{"uv":[0,0,2,16],"texture":"#1"},"west":{"uv":[0,0,2,16],"texture":"#1"},"up":{"uv":[0,0,2,2],"rotation":180,"texture":"#1"},"down":{"uv":[0,0,2,2],"rotation":180,"texture":"#1"}}},{"from":[7.94432,11.30352,-2.14769],"to":[8.5027,13.16477,-1.58932],"rotation":{"angle":22.5,"axis":"y","origin":[8,6.38692,8]},"faces":{"north":{"uv":[0,0,2,16],"texture":"#1"},"east":{"uv":[0,0,2,16],"texture":"#1"},"south":{"uv":[0,0,2,16],"texture":"#1"},"west":{"uv":[0,0,2,16],"texture":"#1"},"up":{"uv":[0,0,2,2],"rotation":180,"texture":"#1"},"down":{"uv":[0,0,2,2],"rotation":180,"texture":"#1"}}},{"from":[5.63006,7.61658,-3.17138],"to":[10.09706,12.08358,1.29562],"rotation":{"angle":22.5,"axis":"y","origin":[8,8,8]},"faces":{"north":{"uv":[0,0,16,16],"texture":"#0"},"east":{"uv":[0,0,16,16],"texture":"#0"},"south":{"uv":[0,0,16,16],"texture":"#0"},"west":{"uv":[0,0,16,16],"texture":"#0"},"up":{"uv":[0,0,16,16],"rotation":180,"texture":"#0"},"down":{"uv":[0,0,16,16],"rotation":180,"texture":"#0"}}},{"from":[0.59765,6.63517,6.40086],"to":[0.9699,8.3103,6.77311],"rotation":{"angle":-45,"axis":"y","origin":[8,6.91427,8]},"faces":{"north":{"uv":[0,0,2,16],"texture":"#1"},"east":{"uv":[0,0,2,16],"texture":"#1"},"south":{"uv":[0,0,2,16],"texture":"#1"},"west":{"uv":[0,0,2,16],"texture":"#1"},"up":{"uv":[0,0,2,2],"rotation":90,"texture":"#1"},"down":{"uv":[0,0,2,2],"rotation":270,"texture":"#1"}}},{"from":[-2.07014,6.51999,7.50524],"to":[-1.69789,8.19511,7.87749],"rotation":{"angle":-22.5,"axis":"y","origin":[8.49633,8.52735,7.81387]},"faces":{"north":{"uv":[0,0,2,16],"texture":"#1"},"east":{"uv":[0,0,2,16],"texture":"#1"},"south":{"uv":[0,0,2,16],"texture":"#1"},"west":{"uv":[0,0,2,16],"texture":"#1"},"up":{"uv":[0,0,2,2],"rotation":90,"texture":"#1"},"down":{"uv":[0,0,2,2],"rotation":270,"texture":"#1"}}},{"from":[-2.33382,6.87205,6.96954],"to":[-1.96157,8.54718,7.34179],"rotation":{"angle":-45,"axis":"y","origin":[8,7.72081,8]},"faces":{"north":{"uv":[0,0,2,16],"texture":"#1"},"east":{"uv":[0,0,2,16],"texture":"#1"},"south":{"uv":[0,0,2,16],"texture":"#1"},"west":{"uv":[0,0,2,16],"texture":"#1"},"up":{"uv":[0,0,2,2],"rotation":90,"texture":"#1"},"down":{"uv":[0,0,2,2],"rotation":270,"texture":"#1"}}},{"from":[0.76827,11.15293,9.01691],"to":[1.14052,12.82806,9.38916],"rotation":{"angle":-45,"axis":"y","origin":[8.21715,8,7.53469]},"faces":{"north":{"uv":[0,0,2,16],"texture":"#1"},"east":{"uv":[0,0,2,16],"texture":"#1"},"south":{"uv":[0,0,2,16],"texture":"#1"},"west":{"uv":[0,0,2,16],"texture":"#1"},"up":{"uv":[0,0,2,2],"rotation":90,"texture":"#1"},"down":{"uv":[0,0,2,2],"rotation":270,"texture":"#1"}}},{"from":[-0.47257,11.78889,4.15802],"to":[0.08581,13.65014,4.7164],"rotation":{"angle":-22.5,"axis":"y","origin":[9.67513,6.88325,4.64975]},"faces":{"north":{"uv":[0,0,2,16],"texture":"#1"},"east":{"uv":[0,0,2,16],"texture":"#1"},"south":{"uv":[0,0,2,16],"texture":"#1"},"west":{"uv":[0,0,2,16],"texture":"#1"},"up":{"uv":[0,0,2,2],"rotation":90,"texture":"#1"},"down":{"uv":[0,0,2,2],"rotation":270,"texture":"#1"}}},{"from":[-3.17138,7.60107,5.90294],"to":[1.29562,12.06807,10.36994],"rotation":{"angle":-45,"axis":"y","origin":[8,8,8]},"faces":{"north":{"uv":[0,0,16,16],"texture":"#0"},"east":{"uv":[0,0,16,16],"texture":"#0"},"south":{"uv":[0,0,16,16],"texture":"#0"},"west":{"uv":[0,0,16,16],"texture":"#0"},"up":{"uv":[0,0,16,16],"rotation":90,"texture":"#0"},"down":{"uv":[0,0,16,16],"rotation":270,"texture":"#0"}}},{"from":[0.59765,7.0838,6.4068],"to":[0.9699,8.75892,6.77905],"rotation":{"angle":-22.5,"axis":"y","origin":[8,7.34856,8]},"faces":{"north":{"uv":[0,0,2,16],"texture":"#1"},"east":{"uv":[0,0,2,16],"texture":"#1"},"south":{"uv":[0,0,2,16],"texture":"#1"},"west":{"uv":[0,0,2,16],"texture":"#1"},"up":{"uv":[0,0,2,2],"rotation":90,"texture":"#1"},"down":{"uv":[0,0,2,2],"rotation":270,"texture":"#1"}}},{"from":[-3.09383,6.81014,8.11469],"to":[-2.72158,8.48527,8.48694],"rotation":{"angle":-22.5,"axis":"y","origin":[7.47265,8.80654,8.43429]},"faces":{"north":{"uv":[0,0,2,16],"texture":"#1"},"east":{"uv":[0,0,2,16],"texture":"#1"},"south":{"uv":[0,0,2,16],"texture":"#1"},"west":{"uv":[0,0,2,16],"texture":"#1"},"up":{"uv":[0,0,2,2],"rotation":90,"texture":"#1"},"down":{"uv":[0,0,2,2],"rotation":270,"texture":"#1"}}},{"from":[-1.46523,7.16557,6.97547],"to":[-1.09298,8.8407,7.34772],"rotation":{"angle":-22.5,"axis":"y","origin":[8.86858,8,8]},"faces":{"north":{"uv":[0,0,2,16],"texture":"#1"},"east":{"uv":[0,0,2,16],"texture":"#1"},"south":{"uv":[0,0,2,16],"texture":"#1"},"west":{"uv":[0,0,2,16],"texture":"#1"},"up":{"uv":[0,0,2,2],"rotation":90,"texture":"#1"},"down":{"uv":[0,0,2,2],"rotation":270,"texture":"#1"}}},{"from":[0.55112,11.16726,8.55754],"to":[0.92337,12.84239,8.92979],"rotation":{"angle":-22.5,"axis":"y","origin":[8,8,7.06937]},"faces":{"north":{"uv":[0,0,2,16],"texture":"#1"},"east":{"uv":[0,0,2,16],"texture":"#1"},"south":{"uv":[0,0,2,16],"texture":"#1"},"west":{"uv":[0,0,2,16],"texture":"#1"},"up":{"uv":[0,0,2,2],"rotation":90,"texture":"#1"},"down":{"uv":[0,0,2,2],"rotation":270,"texture":"#1"}}},{"from":[-1.89952,11.05535,6.81485],"to":[-1.34115,12.9166,7.37322],"rotation":{"angle":-22.5,"axis":"y","origin":[8.24817,6.13875,7.31754]},"faces":{"north":{"uv":[0,0,2,16],"texture":"#1"},"east":{"uv":[0,0,2,16],"texture":"#1"},"south":{"uv":[0,0,2,16],"texture":"#1"},"west":{"uv":[0,0,2,16],"texture":"#1"},"up":{"uv":[0,0,2,2],"rotation":90,"texture":"#1"},"down":{"uv":[0,0,2,2],"rotation":270,"texture":"#1"}}},{"from":[-3.17138,7.61658,5.90294],"to":[1.29562,12.08358,10.36994],"rotation":{"angle":-22.5,"axis":"y","origin":[8,8,8]},"faces":{"north":{"uv":[0,0,16,16],"texture":"#0"},"east":{"uv":[0,0,16,16],"texture":"#0"},"south":{"uv":[0,0,16,16],"texture":"#0"},"west":{"uv":[0,0,16,16],"texture":"#0"},"up":{"uv":[0,0,16,16],"rotation":90,"texture":"#0"},"down":{"uv":[0,0,16,16],"rotation":270,"texture":"#0"}}},{"from":[-0.98441,11.04013,4.78778],"to":[-0.61216,12.71526,5.16003],"rotation":{"angle":22.5,"axis":"y","origin":[6.41794,11.31923,6.38692]},"faces":{"north":{"uv":[0,0,2,16],"texture":"#1"},"east":{"uv":[0,0,2,16],"texture":"#1"},"south":{"uv":[0,0,2,16],"texture":"#1"},"west":{"uv":[0,0,2,16],"texture":"#1"},"up":{"uv":[0,0,2,2],"rotation":90,"texture":"#1"},"down":{"uv":[0,0,2,2],"rotation":270,"texture":"#1"}}},{"from":[4.49622,6.73713,12.51741],"to":[4.86847,8.41226,12.88966],"rotation":{"angle":-45,"axis":"y","origin":[4.80485,8.7445,2.32319]},"faces":{"north":{"uv":[0,0,2,16],"texture":"#1"},"east":{"uv":[0,0,2,16],"texture":"#1"},"south":{"uv":[0,0,2,16],"texture":"#1"},"west":{"uv":[0,0,2,16],"texture":"#1"},"up":{"uv":[0,0,2,2],"texture":"#1"},"down":{"uv":[0,0,2,2],"texture":"#1"}}},{"from":[-2.95423,7.15124,3.46418],"to":[-2.58198,8.82637,3.83643],"rotation":{"angle":22.5,"axis":"y","origin":[7.37958,8,4.49465]},"faces":{"north":{"uv":[0,0,2,16],"texture":"#1"},"east":{"uv":[0,0,2,16],"texture":"#1"},"south":{"uv":[0,0,2,16],"texture":"#1"},"west":{"uv":[0,0,2,16],"texture":"#1"},"up":{"uv":[0,0,2,2],"rotation":90,"texture":"#1"},"down":{"uv":[0,0,2,2],"rotation":270,"texture":"#1"}}},{"from":[-0.90686,11.49416,3.89848],"to":[-0.53461,13.16928,4.27073],"rotation":{"angle":22.5,"axis":"y","origin":[6.54202,8.34123,2.41625]},"faces":{"north":{"uv":[0,0,2,16],"texture":"#1"},"east":{"uv":[0,0,2,16],"texture":"#1"},"south":{"uv":[0,0,2,16],"texture":"#1"},"west":{"uv":[0,0,2,16],"texture":"#1"},"up":{"uv":[0,0,2,2],"rotation":90,"texture":"#1"},"down":{"uv":[0,0,2,2],"rotation":270,"texture":"#1"}}},{"from":[4.34415,10.70316,11.26107],"to":[4.90252,12.56441,11.81944],"rotation":{"angle":-45,"axis":"y","origin":[4.83588,5.79752,1.67175]},"faces":{"north":{"uv":[0,0,2,16],"texture":"#1"},"east":{"uv":[0,0,2,16],"texture":"#1"},"south":{"uv":[0,0,2,16],"texture":"#1"},"west":{"uv":[0,0,2,16],"texture":"#1"},"up":{"uv":[0,0,2,2],"texture":"#1"},"down":{"uv":[0,0,2,2],"texture":"#1"}}},{"from":[-3.17138,7.60107,5.90294],"to":[1.29562,12.06807,10.36994],"rotation":{"angle":0,"axis":"y","origin":[8,8,8]},"faces":{"north":{"uv":[0,0,16,16],"texture":"#0"},"east":{"uv":[0,0,16,16],"texture":"#0"},"south":{"uv":[0,0,16,16],"texture":"#0"},"west":{"uv":[0,0,16,16],"texture":"#0"},"up":{"uv":[0,0,16,16],"rotation":90,"texture":"#0"},"down":{"uv":[0,0,16,16],"rotation":270,"texture":"#0"}}},{"from":[0.59765,10.77527,9.04357],"to":[0.9699,12.4504,9.41582],"rotation":{"angle":0,"axis":"y","origin":[8,11.04004,10.63677]},"faces":{"north":{"uv":[0,0,2,16],"texture":"#1"},"east":{"uv":[0,0,2,16],"texture":"#1"},"south":{"uv":[0,0,2,16],"texture":"#1"},"west":{"uv":[0,0,2,16],"texture":"#1"},"up":{"uv":[0,0,2,2],"rotation":90,"texture":"#1"},"down":{"uv":[0,0,2,2],"rotation":270,"texture":"#1"}}},{"from":[8.11469,6.56198,15.40235],"to":[8.48694,8.2371,15.7746],"rotation":{"angle":-45,"axis":"y","origin":[8.43429,8.55837,5.20812]},"faces":{"north":{"uv":[0,0,2,16],"texture":"#1"},"east":{"uv":[0,0,2,16],"texture":"#1"},"south":{"uv":[0,0,2,16],"texture":"#1"},"west":{"uv":[0,0,2,16],"texture":"#1"},"up":{"uv":[0,0,2,2],"texture":"#1"},"down":{"uv":[0,0,2,2],"texture":"#1"}}},{"from":[-2.33382,7.16557,6.97547],"to":[-1.96157,8.8407,7.34772],"rotation":{"angle":22.5,"axis":"y","origin":[8,8,8]},"faces":{"north":{"uv":[0,0,2,16],"texture":"#1"},"east":{"uv":[0,0,2,16],"texture":"#1"},"south":{"uv":[0,0,2,16],"texture":"#1"},"west":{"uv":[0,0,2,16],"texture":"#1"},"up":{"uv":[0,0,2,2],"rotation":90,"texture":"#1"},"down":{"uv":[0,0,2,2],"rotation":270,"texture":"#1"}}},{"from":[0.55112,11.16726,9.48816],"to":[0.92337,12.84239,9.86041],"rotation":{"angle":22.5,"axis":"y","origin":[8,8,8]},"faces":{"north":{"uv":[0,0,2,16],"texture":"#1"},"east":{"uv":[0,0,2,16],"texture":"#1"},"south":{"uv":[0,0,2,16],"texture":"#1"},"west":{"uv":[0,0,2,16],"texture":"#1"},"up":{"uv":[0,0,2,2],"rotation":90,"texture":"#1"},"down":{"uv":[0,0,2,2],"rotation":270,"texture":"#1"}}},{"from":[5.6981,11.36556,14.23907],"to":[6.25647,13.22681,14.79744],"rotation":{"angle":-45,"axis":"y","origin":[6.20079,6.44896,4.64975]},"faces":{"north":{"uv":[0,0,2,16],"texture":"#1"},"east":{"uv":[0,0,2,16],"texture":"#1"},"south":{"uv":[0,0,2,16],"texture":"#1"},"west":{"uv":[0,0,2,16],"texture":"#1"},"up":{"uv":[0,0,2,2],"texture":"#1"},"down":{"uv":[0,0,2,2],"texture":"#1"}}},{"from":[-3.17138,7.61658,5.90294],"to":[1.29562,12.08358,10.36994],"rotation":{"angle":22.5,"axis":"y","origin":[8,8,8]},"faces":{"north":{"uv":[0,0,16,16],"texture":"#0"},"east":{"uv":[0,0,16,16],"texture":"#0"},"south":{"uv":[0,0,16,16],"texture":"#0"},"west":{"uv":[0,0,16,16],"texture":"#0"},"up":{"uv":[0,0,16,16],"rotation":90,"texture":"#0"},"down":{"uv":[0,0,16,16],"rotation":270,"texture":"#0"}}}]}
