{
	"textures": {
		"2": "minecraft:block/coal_block"
	},
	"display": {
		"head": {
			"rotation": [0, 180, 0]
		}
	},
	"elements": [
		{
			"from": [-2, 1.25, 2.35],
			"to": [11.5, 14.75, 13.15],
			"rotation": {
				"angle": 0,
				"axis": "y",
				"origin": [4.75, 8, 9.1]
			},
			"faces": {
				"north": {
					"uv": [2, 14, 0, 16],
					"rotation": 90,
					"texture": "#2"
				},
				"east": {
					"uv": [8, 1, 1, 3],
					"rotation": 270,
					"texture": "#2"
				},
				"south": {
					"uv": [2, 14, 0, 16],
					"rotation": 90,
					"texture": "#2"
				},
				"west": {
					"uv": [8, 1, 1, 3],
					"rotation": 270,
					"texture": "#2"
				},
				"up": {
					"uv": [8, 1, 1, 3],
					"rotation": 270,
					"texture": "#2"
				},
				"down": {
					"uv": [8, 1, 1, 3],
					"rotation": 270,
					"texture": "#2"
				}
			}
		}
	]
}
