{
	"textures": {
		"0": "minecraft:block/quartz_block_side"
	},
	"display": {
		"head": {
			"rotation": [0, 180, 0]
		}
	},
	"elements": [
		{
			"from": [-1.90278, -2.5, 6.43056],
			"to": [4.09722, 21.5, 7.93056],
			"rotation": {
				"angle": 0,
				"axis": "y",
				"origin": [7.09722, 8, 7.93056]
			},
			"faces": {
				"north": {
					"uv": [15, 1, 1, 5],
					"rotation": 90,
					"texture": "#0"
				},
				"east": {
					"uv": [15, 1, 1, 5],
					"rotation": 270,
					"texture": "#0"
				},
				"south": {
					"uv": [15, 1, 1, 5],
					"rotation": 270,
					"texture": "#0"
				},
				"west": {
					"uv": [15, 1, 1, 5],
					"rotation": 270,
					"texture": "#0"
				},
				"up": {
					"uv": [15, 1, 1, 5],
					"rotation": 270,
					"texture": "#0"
				},
				"down": {
					"uv": [15, 1, 1, 5],
					"rotation": 270,
					"texture": "#0"
				}
			}
		},
		{
			"from": [-4.90278, 6.5, 6.43056],
			"to": [-1.90278, 18.5, 7.93056],
			"rotation": {
				"angle": 0,
				"axis": "y",
				"origin": [7.09722, 8, 7.93056]
			},
			"faces": {
				"north": {
					"uv": [8, 1, 1, 3],
					"rotation": 90,
					"texture": "#0"
				},
				"east": {
					"uv": [8, 1, 1, 3],
					"rotation": 270,
					"texture": "#0"
				},
				"south": {
					"uv": [8, 1, 1, 3],
					"rotation": 270,
					"texture": "#0"
				},
				"west": {
					"uv": [8, 1, 1, 3],
					"rotation": 270,
					"texture": "#0"
				},
				"up": {
					"uv": [8, 1, 1, 3],
					"rotation": 270,
					"texture": "#0"
				},
				"down": {
					"uv": [8, 1, 1, 3],
					"rotation": 270,
					"texture": "#0"
				}
			}
		},
		{
			"from": [4.09722, 6.5, 6.43056],
			"to": [7.09722, 18.5, 7.93056],
			"rotation": {
				"angle": 0,
				"axis": "y",
				"origin": [7.09722, 8, 7.93056]
			},
			"faces": {
				"north": {
					"uv": [8, 1, 1, 3],
					"rotation": 90,
					"texture": "#0"
				},
				"east": {
					"uv": [8, 1, 1, 3],
					"rotation": 270,
					"texture": "#0"
				},
				"south": {
					"uv": [8, 1, 1, 3],
					"rotation": 270,
					"texture": "#0"
				},
				"west": {
					"uv": [8, 1, 1, 3],
					"rotation": 270,
					"texture": "#0"
				},
				"up": {
					"uv": [8, 1, 1, 3],
					"rotation": 270,
					"texture": "#0"
				},
				"down": {
					"uv": [8, 1, 1, 3],
					"rotation": 270,
					"texture": "#0"
				}
			}
		}
	]
}
