{"textures":{"0":"omega-flowey:custom/attacks/homing-vine-blinking-lane"},"display":{"head":{"rotation":[0,180,0]}},"elements":[{"from":[7.78281,8.02715,-5.60452],"to":[7.79638,8.02715,18.39548],"rotation":{"angle":0,"axis":"y","origin":[8,8,8]},"faces":{"north":{"uv":[0,0,0.5,0],"texture":"#0"},"east":{"uv":[0,0,9.55,0],"texture":"#0"},"south":{"uv":[0,0,0.5,0],"texture":"#0"},"west":{"uv":[0,0,9.55,0],"texture":"#0"},"up":{"uv":[0,0,9.55,0.5],"rotation":90,"texture":"#0"},"down":{"uv":[0,0,9.55,0.5],"rotation":270,"texture":"#0"}}},{"from":[8.20362,8.02715,-5.60452],"to":[8.21719,8.02715,18.39548],"rotation":{"angle":0,"axis":"y","origin":[8,8,8]},"faces":{"north":{"uv":[0,0,0.5,0],"texture":"#0"},"east":{"uv":[0,0,9.55,0],"texture":"#0"},"south":{"uv":[0,0,0.5,0],"texture":"#0"},"west":{"uv":[0,0,9.55,0],"texture":"#0"},"up":{"uv":[0,0,9.55,0.5],"rotation":90,"texture":"#0"},"down":{"uv":[0,0,9.55,0.5],"rotation":270,"texture":"#0"}}}]}
