{"textures":{"11":"omega-flowey:custom/lower_eye/granite_inner_eye"},"display":{"head":{"rotation":[0,180,0]}},"elements":[{"from":[-2.32222,-2.8,5.54444],"to":[4.87778,-0.4,9.14444],"rotation":{"angle":0,"axis":"y","origin":[7.27778,8,7.94444]},"faces":{"north":{"uv":[9,9,8,10],"rotation":90,"texture":"#11"},"east":{"uv":[9,9,8,10],"rotation":90,"texture":"#11"},"south":{"uv":[9,9,8,10],"rotation":90,"texture":"#11"},"west":{"uv":[9,9,8,10],"rotation":90,"texture":"#11"},"up":{"uv":[9,9,8,10],"rotation":90,"texture":"#11"},"down":{"uv":[9,9,8,10],"rotation":90,"texture":"#11"}}},{"from":[2.47778,18.8,5.54444],"to":[4.87778,21.2,9.14444],"rotation":{"angle":0,"axis":"y","origin":[7.27778,8,7.94444]},"faces":{"north":{"uv":[9,9,8,10],"rotation":90,"texture":"#11"},"east":{"uv":[9,9,8,10],"rotation":90,"texture":"#11"},"south":{"uv":[9,9,8,10],"rotation":90,"texture":"#11"},"west":{"uv":[9,9,8,10],"rotation":90,"texture":"#11"},"up":{"uv":[9,9,8,10],"rotation":90,"texture":"#11"},"down":{"uv":[9,9,8,10],"rotation":90,"texture":"#11"}}},{"from":[4.87778,16.4,5.54444],"to":[7.27778,21.2,9.14444],"rotation":{"angle":0,"axis":"y","origin":[7.27778,8,7.94444]},"faces":{"north":{"uv":[9,9,8,10],"rotation":90,"texture":"#11"},"east":{"uv":[9,9,8,10],"rotation":90,"texture":"#11"},"south":{"uv":[9,9,8,10],"rotation":90,"texture":"#11"},"west":{"uv":[9,9,8,10],"rotation":90,"texture":"#11"},"up":{"uv":[9,9,8,10],"rotation":90,"texture":"#11"},"down":{"uv":[9,9,8,10],"rotation":90,"texture":"#11"}}},{"from":[-4.72222,16.4,5.54444],"to":[-2.32222,18.8,9.14444],"rotation":{"angle":0,"axis":"y","origin":[7.27778,8,7.94444]},"faces":{"north":{"uv":[9,9,8,10],"rotation":90,"texture":"#11"},"east":{"uv":[9,9,8,10],"rotation":90,"texture":"#11"},"south":{"uv":[9,9,8,10],"rotation":90,"texture":"#11"},"west":{"uv":[9,9,8,10],"rotation":90,"texture":"#11"},"up":{"uv":[9,9,8,10],"rotation":90,"texture":"#11"},"down":{"uv":[9,9,8,10],"rotation":90,"texture":"#11"}}},{"from":[-7.12222,6.8,5.54444],"to":[-4.72222,16.4,9.14444],"rotation":{"angle":0,"axis":"y","origin":[7.27778,8,7.94444]},"faces":{"north":{"uv":[9,9,8,10],"rotation":90,"texture":"#11"},"east":{"uv":[9,9,8,10],"rotation":90,"texture":"#11"},"south":{"uv":[9,9,8,10],"rotation":90,"texture":"#11"},"west":{"uv":[9,9,8,10],"rotation":90,"texture":"#11"},"up":{"uv":[9,9,8,10],"rotation":90,"texture":"#11"},"down":{"uv":[9,9,8,10],"rotation":90,"texture":"#11"}}},{"from":[-4.72222,-0.4,5.54444],"to":[-2.32222,6.8,9.14444],"rotation":{"angle":0,"axis":"y","origin":[7.27778,8,7.94444]},"faces":{"north":{"uv":[9,9,8,10],"rotation":90,"texture":"#11"},"east":{"uv":[9,9,8,10],"rotation":90,"texture":"#11"},"south":{"uv":[9,9,8,10],"rotation":90,"texture":"#11"},"west":{"uv":[9,9,8,10],"rotation":90,"texture":"#11"},"up":{"uv":[9,9,8,10],"rotation":90,"texture":"#11"},"down":{"uv":[9,9,8,10],"rotation":90,"texture":"#11"}}},{"from":[4.87778,-0.4,5.54444],"to":[7.27778,6.8,9.14444],"rotation":{"angle":0,"axis":"y","origin":[7.27778,8,7.94444]},"faces":{"north":{"uv":[9,9,8,10],"rotation":90,"texture":"#11"},"east":{"uv":[9,9,8,10],"rotation":90,"texture":"#11"},"south":{"uv":[9,9,8,10],"rotation":90,"texture":"#11"},"west":{"uv":[9,9,8,10],"rotation":90,"texture":"#11"},"up":{"uv":[9,9,8,10],"rotation":90,"texture":"#11"},"down":{"uv":[9,9,8,10],"rotation":90,"texture":"#11"}}},{"from":[7.27778,6.8,5.54444],"to":[8.47778,16.4,9.14444],"rotation":{"angle":0,"axis":"y","origin":[7.27778,8,7.94444]},"faces":{"north":{"uv":[9,9,8,10],"rotation":90,"texture":"#11"},"east":{"uv":[9,9,8,10],"rotation":90,"texture":"#11"},"south":{"uv":[9,9,8,10],"rotation":90,"texture":"#11"},"west":{"uv":[9,9,8,10],"rotation":90,"texture":"#11"},"up":{"uv":[9,9,8,10],"rotation":90,"texture":"#11"},"down":{"uv":[9,9,8,10],"rotation":90,"texture":"#11"}}},{"from":[0.07778,-0.4,5.84444],"to":[2.47778,2,8.84444],"rotation":{"angle":0,"axis":"y","origin":[7.27778,8,7.94444]},"faces":{"north":{"uv":[11,2,10,3],"rotation":90,"texture":"#11"},"east":{"uv":[11,2,10,3],"rotation":90,"texture":"#11"},"south":{"uv":[11,2,10,3],"rotation":90,"texture":"#11"},"west":{"uv":[11,2,10,3],"rotation":90,"texture":"#11"},"up":{"uv":[11,2,10,3],"rotation":90,"texture":"#11"},"down":{"uv":[11,2,10,3],"rotation":90,"texture":"#11"}}},{"from":[-2.32222,-0.4,5.84444],"to":[0.07778,6.8,8.84444],"rotation":{"angle":0,"axis":"y","origin":[7.27778,8,7.94444]},"faces":{"north":{"uv":[11,2,10,3],"rotation":90,"texture":"#11"},"east":{"uv":[11,2,10,3],"rotation":90,"texture":"#11"},"south":{"uv":[11,2,10,3],"rotation":90,"texture":"#11"},"west":{"uv":[11,2,10,3],"rotation":90,"texture":"#11"},"up":{"uv":[11,2,10,3],"rotation":90,"texture":"#11"},"down":{"uv":[11,2,10,3],"rotation":90,"texture":"#11"}}},{"from":[-4.72222,6.8,5.84444],"to":[-2.32222,16.4,8.84444],"rotation":{"angle":0,"axis":"y","origin":[7.27778,8,7.94444]},"faces":{"north":{"uv":[11,2,10,3],"rotation":90,"texture":"#11"},"east":{"uv":[11,2,10,3],"rotation":90,"texture":"#11"},"south":{"uv":[11,2,10,3],"rotation":90,"texture":"#11"},"west":{"uv":[11,2,10,3],"rotation":90,"texture":"#11"},"up":{"uv":[11,2,10,3],"rotation":90,"texture":"#11"},"down":{"uv":[11,2,10,3],"rotation":90,"texture":"#11"}}},{"from":[0.07778,18.8,5.84444],"to":[2.47778,21.2,8.84444],"rotation":{"angle":0,"axis":"y","origin":[7.27778,8,7.94444]},"faces":{"north":{"uv":[11,2,10,3],"rotation":90,"texture":"#11"},"east":{"uv":[11,2,10,3],"rotation":90,"texture":"#11"},"south":{"uv":[11,2,10,3],"rotation":90,"texture":"#11"},"west":{"uv":[11,2,10,3],"rotation":90,"texture":"#11"},"up":{"uv":[11,2,10,3],"rotation":90,"texture":"#11"},"down":{"uv":[11,2,10,3],"rotation":90,"texture":"#11"}}},{"from":[-2.32222,16.4,5.84444],"to":[0.07778,21.2,8.84444],"rotation":{"angle":0,"axis":"y","origin":[7.27778,8,7.94444]},"faces":{"north":{"uv":[11,2,10,3],"rotation":90,"texture":"#11"},"east":{"uv":[11,2,10,3],"rotation":90,"texture":"#11"},"south":{"uv":[11,2,10,3],"rotation":90,"texture":"#11"},"west":{"uv":[11,2,10,3],"rotation":90,"texture":"#11"},"up":{"uv":[11,2,10,3],"rotation":90,"texture":"#11"},"down":{"uv":[11,2,10,3],"rotation":90,"texture":"#11"}}}]}
