{"textures":{"0":"minecraft:block/azalea_top","3":"omega-flowey:custom/dentata_snake_ball/blank"},"display":{"head":{"rotation":[0,180,0]}},"elements":[{"from":[8,18.83673,6.64541],"to":[8.6773,20.86862,7.3227],"faces":{"north":{"uv":[0,0,1,3],"texture":"#3"},"east":{"uv":[0,0,1,3],"texture":"#3"},"south":{"uv":[0,0,1,3],"texture":"#3"},"west":{"uv":[0,0,1,3],"texture":"#3"},"up":{"uv":[0,0,1,1],"texture":"#3"},"down":{"uv":[0,0,1,1],"texture":"#3"}}},{"from":[5.96811,18.83673,9.35459],"to":[6.64541,20.86862,10.03189],"faces":{"north":{"uv":[0,0,1,3],"texture":"#3"},"east":{"uv":[0,0,1,3],"texture":"#3"},"south":{"uv":[0,0,1,3],"texture":"#3"},"west":{"uv":[0,0,1,3],"texture":"#3"},"up":{"uv":[0,0,1,1],"texture":"#3"},"down":{"uv":[0,0,1,1],"texture":"#3"}}},{"from":[8.6773,5.96811,6.64541],"to":[9.35459,8,7.3227],"faces":{"north":{"uv":[0,0,1,3],"texture":"#3"},"east":{"uv":[0,0,1,3],"texture":"#3"},"south":{"uv":[0,0,1,3],"texture":"#3"},"west":{"uv":[0,0,1,3],"texture":"#3"},"up":{"uv":[0,0,1,1],"texture":"#3"},"down":{"uv":[0,0,1,1],"texture":"#3"}}},{"from":[10.70918,7.49203,7.3227],"to":[11.38648,8.84662,8],"rotation":{"angle":22.5,"axis":"z","origin":[10.37054,8,7.66135]},"faces":{"north":{"uv":[0,0,1,2],"texture":"#0"},"east":{"uv":[0,0,1,2],"texture":"#0"},"south":{"uv":[0,0,1,2],"texture":"#0"},"west":{"uv":[0,0,1,2],"texture":"#0"},"up":{"uv":[0,0,1,1],"texture":"#0"},"down":{"uv":[0,0,1,1],"texture":"#0"}}},{"from":[7.3227,6.64541,9.35459],"to":[8,8,10.03189],"faces":{"north":{"uv":[0,0,1,2],"texture":"#3"},"east":{"uv":[0,0,1,2],"texture":"#3"},"south":{"uv":[0,0,1,2],"texture":"#3"},"west":{"uv":[0,0,1,2],"texture":"#3"},"up":{"uv":[0,0,1,1],"texture":"#3"},"down":{"uv":[0,0,1,1],"texture":"#3"}}},{"from":[5.29082,8,10.70918],"to":[5.96811,9.35459,11.38648],"faces":{"north":{"uv":[0,0,1,2],"texture":"#3"},"east":{"uv":[0,0,1,2],"texture":"#3"},"south":{"uv":[0,0,1,2],"texture":"#3"},"west":{"uv":[0,0,1,2],"texture":"#3"},"up":{"uv":[0,0,1,1],"texture":"#3"},"down":{"uv":[0,0,1,1],"texture":"#3"}}},{"from":[6.64541,5.96811,7.3227],"to":[7.3227,8,8],"faces":{"north":{"uv":[0,0,1,3],"texture":"#3"},"east":{"uv":[0,0,1,3],"texture":"#3"},"south":{"uv":[0,0,1,3],"texture":"#3"},"west":{"uv":[0,0,1,3],"texture":"#3"},"up":{"uv":[0,0,1,1],"texture":"#3"},"down":{"uv":[0,0,1,1],"texture":"#3"}}},{"from":[0.54975,14.09566,8.6773],"to":[2.58163,14.77296,9.35459],"rotation":{"angle":0,"axis":"y","origin":[1.56569,19.85268,9.69324]},"faces":{"north":{"uv":[0,0,1,3],"rotation":90,"texture":"#0"},"east":{"uv":[0,0,1,1],"rotation":270,"texture":"#0"},"south":{"uv":[0,0,1,3],"rotation":270,"texture":"#0"},"west":{"uv":[0,0,1,1],"rotation":270,"texture":"#0"},"up":{"uv":[0,0,1,3],"rotation":270,"texture":"#0"},"down":{"uv":[0,0,1,3],"rotation":270,"texture":"#0"}}},{"from":[1.22704,11.38648,8],"to":[2.58163,12.06378,8.6773],"rotation":{"angle":0,"axis":"y","origin":[1.56569,19.85268,9.69324]},"faces":{"north":{"uv":[0,0,1,2],"rotation":90,"texture":"#0"},"east":{"uv":[0,0,1,1],"rotation":270,"texture":"#0"},"south":{"uv":[0,0,1,2],"rotation":270,"texture":"#0"},"west":{"uv":[0,0,1,1],"rotation":270,"texture":"#0"},"up":{"uv":[0,0,1,2],"rotation":270,"texture":"#0"},"down":{"uv":[0,0,1,2],"rotation":270,"texture":"#0"}}},{"from":[5.96811,14.09566,0.54975],"to":[6.64541,14.77296,2.58163],"rotation":{"angle":0,"axis":"y","origin":[1.56569,19.85268,9.69324]},"faces":{"north":{"uv":[0,0,1,1],"rotation":270,"texture":"#3"},"east":{"uv":[0,0,1,3],"rotation":90,"texture":"#3"},"south":{"uv":[0,0,1,1],"rotation":270,"texture":"#3"},"west":{"uv":[0,0,1,3],"rotation":270,"texture":"#3"},"up":{"uv":[0,0,1,3],"texture":"#3"},"down":{"uv":[0,0,1,3],"rotation":180,"texture":"#3"}}},{"from":[8.6773,14.77296,1.22704],"to":[9.35459,15.45025,2.58163],"rotation":{"angle":0,"axis":"y","origin":[1.56569,19.85268,9.69324]},"faces":{"north":{"uv":[0,0,1,1],"rotation":270,"texture":"#3"},"east":{"uv":[0,0,1,2],"rotation":90,"texture":"#3"},"south":{"uv":[0,0,1,1],"rotation":270,"texture":"#3"},"west":{"uv":[0,0,1,2],"rotation":270,"texture":"#3"},"up":{"uv":[0,0,1,2],"texture":"#3"},"down":{"uv":[0,0,1,2],"rotation":180,"texture":"#3"}}},{"from":[7.3227,12.74107,0.54975],"to":[8,13.41837,2.58163],"rotation":{"angle":0,"axis":"y","origin":[1.56569,19.85268,9.69324]},"faces":{"north":{"uv":[0,0,1,1],"rotation":270,"texture":"#3"},"east":{"uv":[0,0,1,3],"rotation":90,"texture":"#3"},"south":{"uv":[0,0,1,1],"rotation":270,"texture":"#3"},"west":{"uv":[0,0,1,3],"rotation":270,"texture":"#3"},"up":{"uv":[0,0,1,3],"texture":"#3"},"down":{"uv":[0,0,1,3],"rotation":180,"texture":"#3"}}},{"from":[9.35459,11.38648,1.22704],"to":[10.03189,12.06378,2.58163],"rotation":{"angle":0,"axis":"y","origin":[1.56569,19.85268,9.69324]},"faces":{"north":{"uv":[0,0,1,1],"rotation":270,"texture":"#3"},"east":{"uv":[0,0,1,2],"rotation":90,"texture":"#3"},"south":{"uv":[0,0,1,1],"rotation":270,"texture":"#3"},"west":{"uv":[0,0,1,2],"rotation":270,"texture":"#3"},"up":{"uv":[0,0,1,2],"texture":"#3"},"down":{"uv":[0,0,1,2],"rotation":180,"texture":"#3"}}},{"from":[8.6773,13.41837,13.41837],"to":[9.35459,14.09566,15.45025],"rotation":{"angle":0,"axis":"y","origin":[1.56569,19.85268,9.69324]},"faces":{"north":{"uv":[0,0,1,1],"rotation":270,"texture":"#3"},"east":{"uv":[0,0,1,3],"rotation":90,"texture":"#3"},"south":{"uv":[0,0,1,1],"rotation":270,"texture":"#3"},"west":{"uv":[0,0,1,3],"rotation":270,"texture":"#3"},"up":{"uv":[0,0,1,3],"texture":"#3"},"down":{"uv":[0,0,1,3],"rotation":180,"texture":"#3"}}},{"from":[6.64541,14.09566,13.41837],"to":[7.3227,14.77296,15.45025],"rotation":{"angle":0,"axis":"y","origin":[1.56569,19.85268,9.69324]},"faces":{"north":{"uv":[0,0,1,1],"rotation":270,"texture":"#3"},"east":{"uv":[0,0,1,3],"rotation":90,"texture":"#3"},"south":{"uv":[0,0,1,1],"rotation":270,"texture":"#3"},"west":{"uv":[0,0,1,3],"rotation":270,"texture":"#3"},"up":{"uv":[0,0,1,3],"texture":"#3"},"down":{"uv":[0,0,1,3],"rotation":180,"texture":"#3"}}},{"from":[8,11.38648,13.41837],"to":[8.6773,12.06378,14.77296],"rotation":{"angle":0,"axis":"y","origin":[1.56569,19.85268,9.69324]},"faces":{"north":{"uv":[0,0,1,1],"rotation":270,"texture":"#3"},"east":{"uv":[0,0,1,2],"rotation":90,"texture":"#3"},"south":{"uv":[0,0,1,1],"rotation":270,"texture":"#3"},"west":{"uv":[0,0,1,2],"rotation":270,"texture":"#3"},"up":{"uv":[0,0,1,2],"texture":"#3"},"down":{"uv":[0,0,1,2],"rotation":180,"texture":"#3"}}},{"from":[1.22704,14.77296,5.96811],"to":[2.58163,15.45025,6.64541],"rotation":{"angle":0,"axis":"y","origin":[1.56569,19.85268,9.69324]},"faces":{"north":{"uv":[0,0,1,2],"rotation":90,"texture":"#0"},"east":{"uv":[0,0,1,1],"rotation":270,"texture":"#0"},"south":{"uv":[0,0,1,2],"rotation":270,"texture":"#0"},"west":{"uv":[0,0,1,1],"rotation":270,"texture":"#0"},"up":{"uv":[0,0,1,2],"rotation":270,"texture":"#0"},"down":{"uv":[0,0,1,2],"rotation":270,"texture":"#0"}}},{"from":[13.41837,12.06378,9.35459],"to":[15.45025,12.74107,10.03189],"rotation":{"angle":0,"axis":"y","origin":[1.56569,19.85268,9.69324]},"faces":{"north":{"uv":[0,0,1,3],"rotation":90,"texture":"#0"},"east":{"uv":[0,0,1,1],"rotation":270,"texture":"#0"},"south":{"uv":[0,0,1,3],"rotation":270,"texture":"#0"},"west":{"uv":[0,0,1,1],"rotation":270,"texture":"#0"},"up":{"uv":[0,0,1,3],"rotation":270,"texture":"#0"},"down":{"uv":[0,0,1,3],"rotation":270,"texture":"#0"}}},{"from":[13.41837,14.77296,8.6773],"to":[14.77296,15.45025,9.35459],"rotation":{"angle":0,"axis":"y","origin":[1.56569,19.85268,9.69324]},"faces":{"north":{"uv":[0,0,1,2],"rotation":90,"texture":"#0"},"east":{"uv":[0,0,1,1],"rotation":270,"texture":"#0"},"south":{"uv":[0,0,1,2],"rotation":270,"texture":"#0"},"west":{"uv":[0,0,1,1],"rotation":270,"texture":"#0"},"up":{"uv":[0,0,1,2],"rotation":270,"texture":"#0"},"down":{"uv":[0,0,1,2],"rotation":270,"texture":"#0"}}},{"from":[13.41837,12.74107,6.64541],"to":[15.45025,13.41837,7.3227],"rotation":{"angle":0,"axis":"y","origin":[1.56569,19.85268,9.69324]},"faces":{"north":{"uv":[0,0,1,3],"rotation":90,"texture":"#0"},"east":{"uv":[0,0,1,1],"rotation":270,"texture":"#0"},"south":{"uv":[0,0,1,3],"rotation":270,"texture":"#0"},"west":{"uv":[0,0,1,1],"rotation":270,"texture":"#0"},"up":{"uv":[0,0,1,3],"rotation":270,"texture":"#0"},"down":{"uv":[0,0,1,3],"rotation":270,"texture":"#0"}}},{"from":[12.74107,14.09566,2.58163],"to":[14.77296,14.77296,3.25893],"rotation":{"angle":45,"axis":"y","origin":[14.43431,13.07972,4.95217]},"faces":{"north":{"uv":[0,0,1,3],"rotation":90,"texture":"#0"},"east":{"uv":[0,0,1,1],"rotation":270,"texture":"#0"},"south":{"uv":[0,0,1,3],"rotation":270,"texture":"#0"},"west":{"uv":[0,0,1,1],"rotation":270,"texture":"#0"},"up":{"uv":[0,0,1,3],"rotation":270,"texture":"#0"},"down":{"uv":[0,0,1,3],"rotation":270,"texture":"#0"}}},{"from":[1.05772,13.41837,3.25893],"to":[3.0896,14.09566,3.93622],"rotation":{"angle":45,"axis":"y","origin":[14.43431,13.07972,4.95217]},"faces":{"north":{"uv":[0,0,1,3],"rotation":90,"texture":"#0"},"east":{"uv":[0,0,1,1],"rotation":270,"texture":"#0"},"south":{"uv":[0,0,1,3],"rotation":270,"texture":"#0"},"west":{"uv":[0,0,1,1],"rotation":270,"texture":"#0"},"up":{"uv":[0,0,1,3],"rotation":270,"texture":"#0"},"down":{"uv":[0,0,1,3],"rotation":270,"texture":"#0"}}},{"from":[14.60363,13.41837,10.70918],"to":[15.95823,14.09566,11.38648],"rotation":{"angle":-22.5,"axis":"y","origin":[14.43431,13.07972,4.95217]},"faces":{"north":{"uv":[0,0,1,2],"rotation":90,"texture":"#0"},"east":{"uv":[0,0,1,1],"rotation":270,"texture":"#0"},"south":{"uv":[0,0,1,2],"rotation":270,"texture":"#0"},"west":{"uv":[0,0,1,1],"rotation":270,"texture":"#0"},"up":{"uv":[0,0,1,2],"rotation":270,"texture":"#0"},"down":{"uv":[0,0,1,2],"rotation":270,"texture":"#0"}}},{"from":[11.34945,13.92634,12.83659],"to":[12.70404,14.60363,13.51389],"rotation":{"angle":-45,"axis":"y","origin":[12.3654,13.75702,12.15929]},"faces":{"north":{"uv":[0,0,1,2],"rotation":90,"texture":"#0"},"east":{"uv":[0,0,1,1],"rotation":270,"texture":"#0"},"south":{"uv":[0,0,1,2],"rotation":270,"texture":"#0"},"west":{"uv":[0,0,1,1],"rotation":270,"texture":"#0"},"up":{"uv":[0,0,1,2],"rotation":270,"texture":"#0"},"down":{"uv":[0,0,1,2],"rotation":270,"texture":"#0"}}},{"from":[10.03189,12.74107,3.93622],"to":[10.70918,13.41837,5.96811],"rotation":{"angle":-22.5,"axis":"y","origin":[14.43431,13.07972,4.95217]},"faces":{"north":{"uv":[0,0,1,1],"rotation":270,"texture":"#3"},"east":{"uv":[0,0,1,3],"rotation":270,"texture":"#3"},"south":{"uv":[0,0,1,1],"rotation":270,"texture":"#3"},"west":{"uv":[0,0,1,3],"rotation":90,"texture":"#3"},"up":{"uv":[0,0,1,3],"rotation":180,"texture":"#3"},"down":{"uv":[0,0,1,3],"texture":"#3"}}},{"from":[0.54975,12.74107,5.96811],"to":[2.58163,13.41837,6.64541],"rotation":{"angle":22.5,"axis":"y","origin":[14.43431,13.07972,4.95217]},"faces":{"north":{"uv":[0,0,1,3],"rotation":90,"texture":"#0"},"east":{"uv":[0,0,1,1],"rotation":270,"texture":"#0"},"south":{"uv":[0,0,1,3],"rotation":270,"texture":"#0"},"west":{"uv":[0,0,1,1],"rotation":270,"texture":"#0"},"up":{"uv":[0,0,1,3],"rotation":270,"texture":"#0"},"down":{"uv":[0,0,1,3],"rotation":270,"texture":"#0"}}},{"from":[5.29082,12.06378,10.20121],"to":[7.3227,12.74107,10.87851],"rotation":{"angle":-45,"axis":"y","origin":[14.43431,13.07972,4.95217]},"faces":{"north":{"uv":[0,0,1,3],"rotation":90,"texture":"#3"},"east":{"uv":[0,0,1,1],"rotation":270,"texture":"#3"},"south":{"uv":[0,0,1,3],"rotation":270,"texture":"#3"},"west":{"uv":[0,0,1,1],"rotation":270,"texture":"#3"},"up":{"uv":[0,0,1,3],"rotation":270,"texture":"#3"},"down":{"uv":[0,0,1,3],"rotation":270,"texture":"#3"}}},{"from":[2.74184,13.41837,4.1346],"to":[4.77373,14.09566,4.81189],"rotation":{"angle":-22.5,"axis":"y","origin":[3.41914,13.75702,4.47325]},"faces":{"north":{"uv":[0,0,1,3],"rotation":90,"texture":"#0"},"east":{"uv":[0,0,1,1],"rotation":270,"texture":"#0"},"south":{"uv":[0,0,1,3],"rotation":270,"texture":"#0"},"west":{"uv":[0,0,1,1],"rotation":270,"texture":"#0"},"up":{"uv":[0,0,1,3],"rotation":270,"texture":"#0"},"down":{"uv":[0,0,1,3],"rotation":270,"texture":"#0"}}},{"from":[9.35459,18.83673,8.6773],"to":[10.03189,20.86862,9.35459],"faces":{"north":{"uv":[0,0,1,3],"texture":"#3"},"east":{"uv":[0,0,1,3],"texture":"#3"},"south":{"uv":[0,0,1,3],"texture":"#3"},"west":{"uv":[0,0,1,3],"texture":"#3"},"up":{"uv":[0,0,1,1],"texture":"#3"},"down":{"uv":[0,0,1,1],"texture":"#3"}}},{"from":[11.38648,16.80485,10.70918],"to":[12.06378,18.15944,11.38648],"faces":{"north":{"uv":[0,0,1,2],"texture":"#0"},"east":{"uv":[0,0,1,2],"texture":"#0"},"south":{"uv":[0,0,1,2],"texture":"#0"},"west":{"uv":[0,0,1,2],"texture":"#0"},"up":{"uv":[0,0,1,1],"texture":"#0"},"down":{"uv":[0,0,1,1],"texture":"#0"}}},{"from":[10.70918,17.48214,4.61352],"to":[11.38648,18.15944,5.29082],"faces":{"north":{"uv":[0,0,1,1],"texture":"#0"},"east":{"uv":[0,0,1,1],"texture":"#0"},"south":{"uv":[0,0,1,1],"texture":"#0"},"west":{"uv":[0,0,1,1],"texture":"#0"},"up":{"uv":[0,0,1,1],"texture":"#0"},"down":{"uv":[0,0,1,1],"texture":"#0"}}},{"from":[11.38648,10.70918,11.38648],"to":[12.06378,11.38648,12.06378],"faces":{"north":{"uv":[0,0,1,1],"texture":"#0"},"east":{"uv":[0,0,1,1],"texture":"#0"},"south":{"uv":[0,0,1,1],"texture":"#0"},"west":{"uv":[0,0,1,1],"texture":"#0"},"up":{"uv":[0,0,1,1],"texture":"#0"},"down":{"uv":[0,0,1,1],"texture":"#0"}}},{"from":[4.61352,10.70918,12.06378],"to":[5.29082,11.38648,12.74107],"faces":{"north":{"uv":[0,0,1,1],"texture":"#0"},"east":{"uv":[0,0,1,1],"texture":"#0"},"south":{"uv":[0,0,1,1],"texture":"#0"},"west":{"uv":[0,0,1,1],"texture":"#0"},"up":{"uv":[0,0,1,1],"texture":"#0"},"down":{"uv":[0,0,1,1],"texture":"#0"}}},{"from":[3.25893,10.70918,4.61352],"to":[3.93622,11.38648,5.29082],"faces":{"north":{"uv":[0,0,1,1],"texture":"#0"},"east":{"uv":[0,0,1,1],"texture":"#0"},"south":{"uv":[0,0,1,1],"texture":"#0"},"west":{"uv":[0,0,1,1],"texture":"#0"},"up":{"uv":[0,0,1,1],"texture":"#0"},"down":{"uv":[0,0,1,1],"texture":"#0"}}},{"from":[4.61352,16.80485,3.93622],"to":[5.29082,18.15944,4.61352],"faces":{"north":{"uv":[0,0,1,2],"texture":"#3"},"east":{"uv":[0,0,1,2],"texture":"#3"},"south":{"uv":[0,0,1,2],"texture":"#3"},"west":{"uv":[0,0,1,2],"texture":"#3"},"up":{"uv":[0,0,1,1],"texture":"#3"},"down":{"uv":[0,0,1,1],"texture":"#3"}}},{"from":[3.59758,15.45025,11.38648],"to":[4.27487,16.12755,12.74107],"rotation":{"angle":-45,"axis":"y","origin":[4.27487,15.7889,12.06378]},"faces":{"north":{"uv":[0,0,1,1],"texture":"#0"},"east":{"uv":[0,0,2,1],"texture":"#0"},"south":{"uv":[0,0,1,1],"texture":"#0"},"west":{"uv":[0,0,2,1],"texture":"#0"},"up":{"uv":[0,0,1,2],"texture":"#0"},"down":{"uv":[0,0,1,2],"texture":"#0"}}},{"from":[3.59758,10.70918,0.54975],"to":[4.27487,11.38648,1.90434],"rotation":{"angle":-45,"axis":"y","origin":[4.27487,15.7889,12.06378]},"faces":{"north":{"uv":[0,0,1,1],"texture":"#0"},"east":{"uv":[0,0,2,1],"texture":"#0"},"south":{"uv":[0,0,1,1],"texture":"#0"},"west":{"uv":[0,0,2,1],"texture":"#0"},"up":{"uv":[0,0,1,2],"texture":"#0"},"down":{"uv":[0,0,1,2],"texture":"#0"}}},{"from":[13.41837,17.48214,8.6773],"to":[14.09566,19.51403,9.35459],"rotation":{"angle":-45,"axis":"z","origin":[12.40242,19.85268,9.01594]},"faces":{"north":{"uv":[0,0,1,3],"texture":"#0"},"east":{"uv":[0,0,1,3],"texture":"#0"},"south":{"uv":[0,0,1,3],"texture":"#0"},"west":{"uv":[0,0,1,3],"texture":"#0"},"up":{"uv":[0,0,1,1],"texture":"#0"},"down":{"uv":[0,0,1,1],"texture":"#0"}}},{"from":[6.64541,13.41837,6.30676],"to":[7.3227,14.09566,8.33865],"rotation":{"angle":45,"axis":"x","origin":[12.40242,19.85268,9.01594]},"faces":{"north":{"uv":[0,0,1,1],"rotation":90,"texture":"#3"},"east":{"uv":[0,0,1,3],"rotation":90,"texture":"#3"},"south":{"uv":[0,0,1,1],"rotation":90,"texture":"#3"},"west":{"uv":[0,0,1,3],"rotation":270,"texture":"#3"},"up":{"uv":[0,0,1,3],"texture":"#3"},"down":{"uv":[0,0,1,3],"rotation":180,"texture":"#3"}}},{"from":[8,19.85268,12.74107],"to":[8.6773,21.88457,13.41837],"rotation":{"angle":45,"axis":"x","origin":[12.40242,19.85268,9.01594]},"faces":{"north":{"uv":[0,0,1,3],"texture":"#3"},"east":{"uv":[0,0,1,3],"texture":"#3"},"south":{"uv":[0,0,1,3],"texture":"#3"},"west":{"uv":[0,0,1,3],"texture":"#3"},"up":{"uv":[0,0,1,1],"rotation":270,"texture":"#3"},"down":{"uv":[0,0,1,1],"rotation":90,"texture":"#3"}}},{"from":[7.3227,7.66135,12.74107],"to":[8,9.69324,13.41837],"rotation":{"angle":45,"axis":"x","origin":[12.40242,19.85268,9.01594]},"faces":{"north":{"uv":[0,0,1,3],"texture":"#3"},"east":{"uv":[0,0,1,3],"texture":"#3"},"south":{"uv":[0,0,1,3],"texture":"#3"},"west":{"uv":[0,0,1,3],"texture":"#3"},"up":{"uv":[0,0,1,1],"rotation":270,"texture":"#3"},"down":{"uv":[0,0,1,1],"rotation":90,"texture":"#3"}}},{"from":[9.18527,14.09566,17.82079],"to":[9.86256,14.77296,19.85268],"rotation":{"angle":45,"axis":"x","origin":[12.40242,19.85268,9.01594]},"faces":{"north":{"uv":[0,0,1,1],"rotation":90,"texture":"#3"},"east":{"uv":[0,0,1,3],"rotation":90,"texture":"#3"},"south":{"uv":[0,0,1,1],"rotation":90,"texture":"#3"},"west":{"uv":[0,0,1,3],"rotation":270,"texture":"#3"},"up":{"uv":[0,0,1,3],"texture":"#3"},"down":{"uv":[0,0,1,3],"rotation":180,"texture":"#3"}}},{"from":[18.83673,11.38648,9.18527],"to":[20.86862,12.06378,9.86256],"rotation":{"angle":-45,"axis":"z","origin":[12.40242,19.85268,9.01594]},"faces":{"north":{"uv":[0,0,1,3],"rotation":270,"texture":"#0"},"east":{"uv":[0,0,1,1],"rotation":90,"texture":"#0"},"south":{"uv":[0,0,1,3],"rotation":90,"texture":"#0"},"west":{"uv":[0,0,1,1],"rotation":90,"texture":"#0"},"up":{"uv":[0,0,1,3],"rotation":90,"texture":"#0"},"down":{"uv":[0,0,1,3],"rotation":90,"texture":"#0"}}},{"from":[6.64541,11.38648,7.83068],"to":[8.6773,12.06378,8.50797],"rotation":{"angle":-45,"axis":"z","origin":[12.40242,19.85268,9.01594]},"faces":{"north":{"uv":[0,0,1,3],"rotation":270,"texture":"#0"},"east":{"uv":[0,0,1,1],"rotation":90,"texture":"#0"},"south":{"uv":[0,0,1,3],"rotation":90,"texture":"#0"},"west":{"uv":[0,0,1,1],"rotation":90,"texture":"#0"},"up":{"uv":[0,0,1,3],"rotation":90,"texture":"#0"},"down":{"uv":[0,0,1,3],"rotation":90,"texture":"#0"}}},{"from":[-3.13138,11.02377,6.47608],"to":[-1.09949,11.70106,7.15338],"rotation":{"angle":45,"axis":"z","origin":[3.30293,17.45808,8.16932]},"faces":{"north":{"uv":[0,0,1,3],"rotation":270,"texture":"#0"},"east":{"uv":[0,0,1,1],"rotation":90,"texture":"#0"},"south":{"uv":[0,0,1,3],"rotation":90,"texture":"#0"},"west":{"uv":[0,0,1,1],"rotation":90,"texture":"#0"},"up":{"uv":[0,0,1,3],"rotation":90,"texture":"#0"},"down":{"uv":[0,0,1,3],"rotation":90,"texture":"#0"}}},{"from":[12.34432,16.30186,6.64541],"to":[14.37621,16.97916,7.3227],"rotation":{"angle":22.5,"axis":"z","origin":[13.36026,16.97916,6.98406]},"faces":{"north":{"uv":[0,0,1,3],"rotation":270,"texture":"#0"},"east":{"uv":[0,0,1,1],"rotation":90,"texture":"#0"},"south":{"uv":[0,0,1,3],"rotation":90,"texture":"#0"},"west":{"uv":[0,0,1,1],"rotation":90,"texture":"#0"},"up":{"uv":[0,0,1,3],"rotation":90,"texture":"#0"},"down":{"uv":[0,0,1,3],"rotation":90,"texture":"#0"}}}]}
