{"textures":{"0":"omega-flowey:custom/black","1":"omega-flowey:custom/soul/act_orange","2":"omega-flowey:custom/soul/act_orange_2"},"display":{"head":{"rotation":[0,180,0]}},"elements":[{"from":[-3.35714,7.57143,3.92857],"to":[19.35714,8.42857,12.07143],"faces":{"north":{"uv":[0,0,16,4],"texture":"#0"},"east":{"uv":[0,0,16,4],"texture":"#0"},"south":{"uv":[0,0,16,4],"texture":"#0"},"west":{"uv":[0,0,16,4],"texture":"#0"},"up":{"uv":[0,0,16,16],"texture":"#0"},"down":{"uv":[0,0,16,16],"texture":"#0"}}},{"from":[-3.78571,7.57143,3.5],"to":[19.78571,8.42857,3.92857],"faces":{"north":{"uv":[0,0,16,4],"texture":"#1"},"east":{"uv":[0,0,2,4],"texture":"#1"},"south":{"uv":[0,0,16,4],"texture":"#1"},"west":{"uv":[0,0,2,4],"texture":"#1"},"up":{"uv":[0,0,16,2],"texture":"#1"},"down":{"uv":[0,0,16,2],"texture":"#1"}}},{"from":[19.35714,7.57143,3.92857],"to":[19.78571,8.42857,12.07143],"faces":{"north":{"uv":[0,0,2,4],"texture":"#1"},"east":{"uv":[0,0,16,4],"texture":"#1"},"south":{"uv":[0,0,2,4],"texture":"#1"},"west":{"uv":[0,0,16,4],"texture":"#1"},"up":{"uv":[0,0,2,16],"texture":"#1"},"down":{"uv":[0,0,2,16],"texture":"#1"}}},{"from":[-3.78571,7.57143,3.92857],"to":[-3.35714,8.42857,12.07143],"faces":{"north":{"uv":[0,0,2,4],"texture":"#1"},"east":{"uv":[0,0,16,4],"texture":"#1"},"south":{"uv":[0,0,2,4],"texture":"#1"},"west":{"uv":[0,0,16,4],"texture":"#1"},"up":{"uv":[0,0,2,16],"texture":"#1"},"down":{"uv":[0,0,2,16],"texture":"#1"}}},{"from":[-3.78571,7.57143,12.07143],"to":[19.78571,8.42857,12.5],"faces":{"north":{"uv":[0,0,16,4],"texture":"#1"},"east":{"uv":[0,0,2,4],"texture":"#1"},"south":{"uv":[0,0,16,4],"texture":"#1"},"west":{"uv":[0,0,2,4],"texture":"#1"},"up":{"uv":[0,0,16,2],"texture":"#1"},"down":{"uv":[0,0,16,2],"texture":"#1"}}},{"from":[11.42857,8.42857,5],"to":[12.5,8.64286,10.57143],"faces":{"north":{"uv":[0,0,5,1],"texture":"#1"},"east":{"uv":[0,0,16,1],"texture":"#1"},"south":{"uv":[0,0,5,1],"texture":"#1"},"west":{"uv":[0,0,16,1],"texture":"#1"},"up":{"uv":[0,0,5,16],"texture":"#1"},"down":{"uv":[0,0,5,16],"texture":"#1"}}},{"from":[11.21429,8.42857,5],"to":[11.42857,8.64286,5.21429],"faces":{"north":{"uv":[0,0,1,1],"texture":"#1"},"east":{"uv":[0,0,1,1],"texture":"#1"},"south":{"uv":[0,0,1,1],"texture":"#1"},"west":{"uv":[0,0,1,1],"texture":"#1"},"up":{"uv":[0,0,1,1],"texture":"#1"},"down":{"uv":[0,0,1,1],"texture":"#1"}}},{"from":[9.5,8.42857,7.57143],"to":[11.42857,8.64286,8.42857],"faces":{"north":{"uv":[0,0,9,1],"texture":"#1"},"east":{"uv":[0,0,4,1],"texture":"#1"},"south":{"uv":[0,0,9,1],"texture":"#1"},"west":{"uv":[0,0,4,1],"texture":"#1"},"up":{"uv":[0,0,9,4],"texture":"#1"},"down":{"uv":[0,0,9,4],"texture":"#1"}}},{"from":[11.42857,8.42857,10.57143],"to":[12.28571,8.64286,10.78571],"faces":{"north":{"uv":[0,0,4,1],"texture":"#1"},"east":{"uv":[0,0,1,1],"texture":"#1"},"south":{"uv":[0,0,4,1],"texture":"#1"},"west":{"uv":[0,0,1,1],"texture":"#1"},"up":{"uv":[0,0,4,1],"texture":"#1"},"down":{"uv":[0,0,4,1],"texture":"#1"}}},{"from":[8.64286,8.42857,10.57143],"to":[9.5,8.64286,10.78571],"faces":{"north":{"uv":[0,0,4,1],"texture":"#1"},"east":{"uv":[0,0,1,1],"texture":"#1"},"south":{"uv":[0,0,4,1],"texture":"#1"},"west":{"uv":[0,0,1,1],"texture":"#1"},"up":{"uv":[0,0,4,1],"texture":"#1"},"down":{"uv":[0,0,4,1],"texture":"#1"}}},{"from":[9.5,8.42857,9.71429],"to":[9.71429,8.64286,9.92857],"faces":{"north":{"uv":[0,0,1,1],"texture":"#1"},"east":{"uv":[0,0,1,1],"texture":"#1"},"south":{"uv":[0,0,1,1],"texture":"#1"},"west":{"uv":[0,0,1,1],"texture":"#1"},"up":{"uv":[0,0,1,1],"texture":"#1"},"down":{"uv":[0,0,1,1],"texture":"#1"}}},{"from":[11.21429,8.42857,9.71429],"to":[11.42857,8.64286,9.92857],"faces":{"north":{"uv":[0,0,1,1],"texture":"#1"},"east":{"uv":[0,0,1,1],"texture":"#1"},"south":{"uv":[0,0,1,1],"texture":"#1"},"west":{"uv":[0,0,1,1],"texture":"#1"},"up":{"uv":[0,0,1,1],"texture":"#1"},"down":{"uv":[0,0,1,1],"texture":"#1"}}},{"from":[9.5,8.42857,9.92857],"to":[11.42857,8.64286,10.78571],"faces":{"north":{"uv":[0,0,9,1],"texture":"#1"},"east":{"uv":[0,0,4,1],"texture":"#1"},"south":{"uv":[0,0,9,1],"texture":"#1"},"west":{"uv":[0,0,4,1],"texture":"#1"},"up":{"uv":[0,0,9,4],"texture":"#1"},"down":{"uv":[0,0,9,4],"texture":"#1"}}},{"from":[9.5,8.42857,5],"to":[9.71429,8.64286,5.21429],"faces":{"north":{"uv":[0,0,1,1],"texture":"#1"},"east":{"uv":[0,0,1,1],"texture":"#1"},"south":{"uv":[0,0,1,1],"texture":"#1"},"west":{"uv":[0,0,1,1],"texture":"#1"},"up":{"uv":[0,0,1,1],"texture":"#1"},"down":{"uv":[0,0,1,1],"texture":"#1"}}},{"from":[3.28571,8.42857,5],"to":[6.71429,8.64286,5.21429],"faces":{"north":{"uv":[0,0,16,1],"texture":"#1"},"east":{"uv":[0,0,1,1],"texture":"#1"},"south":{"uv":[0,0,16,1],"texture":"#1"},"west":{"uv":[0,0,1,1],"texture":"#1"},"up":{"uv":[0,0,16,1],"texture":"#1"},"down":{"uv":[0,0,16,1],"texture":"#1"}}},{"from":[3.28571,8.42857,10.57143],"to":[6.71429,8.64286,10.78571],"faces":{"north":{"uv":[0,0,16,1],"texture":"#1"},"east":{"uv":[0,0,1,1],"texture":"#1"},"south":{"uv":[0,0,16,1],"texture":"#1"},"west":{"uv":[0,0,1,1],"texture":"#1"},"up":{"uv":[0,0,16,1],"texture":"#1"},"down":{"uv":[0,0,16,1],"texture":"#1"}}},{"from":[3.07143,8.42857,5.21429],"to":[6.92857,8.64286,6.07143],"faces":{"north":{"uv":[0,0,16,1],"texture":"#1"},"east":{"uv":[0,0,4,1],"texture":"#1"},"south":{"uv":[0,0,16,1],"texture":"#1"},"west":{"uv":[0,0,4,1],"texture":"#1"},"up":{"uv":[0,0,16,4],"texture":"#1"},"down":{"uv":[0,0,16,4],"texture":"#1"}}},{"from":[5.64286,8.42857,6.07143],"to":[6.92857,8.64286,6.28571],"faces":{"north":{"uv":[0,0,6,1],"texture":"#1"},"east":{"uv":[0,0,1,1],"texture":"#1"},"south":{"uv":[0,0,6,1],"texture":"#1"},"west":{"uv":[0,0,1,1],"texture":"#1"},"up":{"uv":[0,0,6,1],"texture":"#1"},"down":{"uv":[0,0,6,1],"texture":"#1"}}},{"from":[5.64286,8.42857,9.5],"to":[6.92857,8.64286,9.71429],"faces":{"north":{"uv":[0,0,6,1],"texture":"#1"},"east":{"uv":[0,0,1,1],"texture":"#1"},"south":{"uv":[0,0,6,1],"texture":"#1"},"west":{"uv":[0,0,1,1],"texture":"#1"},"up":{"uv":[0,0,6,1],"texture":"#1"},"down":{"uv":[0,0,6,1],"texture":"#1"}}},{"from":[3.07143,8.42857,9.5],"to":[4.35714,8.64286,9.71429],"faces":{"north":{"uv":[0,0,6,1],"texture":"#1"},"east":{"uv":[0,0,1,1],"texture":"#1"},"south":{"uv":[0,0,6,1],"texture":"#1"},"west":{"uv":[0,0,1,1],"texture":"#1"},"up":{"uv":[0,0,6,1],"texture":"#1"},"down":{"uv":[0,0,6,1],"texture":"#1"}}},{"from":[3.07143,8.42857,9.71429],"to":[6.92857,8.64286,10.57143],"faces":{"north":{"uv":[0,0,16,1],"texture":"#1"},"east":{"uv":[0,0,4,1],"texture":"#1"},"south":{"uv":[0,0,16,1],"texture":"#1"},"west":{"uv":[0,0,4,1],"texture":"#1"},"up":{"uv":[0,0,16,4],"texture":"#1"},"down":{"uv":[0,0,16,4],"texture":"#1"}}},{"from":[-2.28571,8.42857,9.92857],"to":[1.78571,8.64286,10.78571],"faces":{"north":{"uv":[0,0,16,1],"texture":"#1"},"east":{"uv":[0,0,4,1],"texture":"#1"},"south":{"uv":[0,0,16,1],"texture":"#1"},"west":{"uv":[0,0,4,1],"texture":"#1"},"up":{"uv":[0,0,16,4],"texture":"#1"},"down":{"uv":[0,0,16,4],"texture":"#1"}}},{"from":[-0.78571,8.42857,5],"to":[0.28571,8.64286,9.92857],"faces":{"north":{"uv":[0,0,5,1],"texture":"#1"},"east":{"uv":[0,0,16,1],"texture":"#1"},"south":{"uv":[0,0,5,1],"texture":"#1"},"west":{"uv":[0,0,16,1],"texture":"#1"},"up":{"uv":[0,0,5,16],"texture":"#1"},"down":{"uv":[0,0,5,16],"texture":"#1"}}},{"from":[0.28571,8.42857,5],"to":[0.5,8.64286,5.42857],"faces":{"north":{"uv":[0,0,1,1],"texture":"#1"},"east":{"uv":[0,0,2,1],"texture":"#1"},"south":{"uv":[0,0,1,1],"texture":"#1"},"west":{"uv":[0,0,2,1],"texture":"#1"},"up":{"uv":[0,0,1,2],"texture":"#1"},"down":{"uv":[0,0,1,2],"texture":"#1"}}},{"from":[-1,8.42857,5],"to":[-0.78571,8.64286,5.42857],"faces":{"north":{"uv":[0,0,1,1],"texture":"#1"},"east":{"uv":[0,0,2,1],"texture":"#1"},"south":{"uv":[0,0,1,1],"texture":"#1"},"west":{"uv":[0,0,2,1],"texture":"#1"},"up":{"uv":[0,0,1,2],"texture":"#1"},"down":{"uv":[0,0,1,2],"texture":"#1"}}},{"from":[0.5,8.42857,5],"to":[1.14286,8.64286,5.21429],"faces":{"north":{"uv":[0,0,3,1],"texture":"#1"},"east":{"uv":[0,0,1,1],"texture":"#1"},"south":{"uv":[0,0,3,1],"texture":"#1"},"west":{"uv":[0,0,1,1],"texture":"#1"},"up":{"uv":[0,0,3,1],"texture":"#1"},"down":{"uv":[0,0,3,1],"texture":"#1"}}},{"from":[-1.64286,8.42857,5],"to":[-1,8.64286,5.21429],"faces":{"north":{"uv":[0,0,3,1],"texture":"#1"},"east":{"uv":[0,0,1,1],"texture":"#1"},"south":{"uv":[0,0,3,1],"texture":"#1"},"west":{"uv":[0,0,1,1],"texture":"#1"},"up":{"uv":[0,0,3,1],"texture":"#1"},"down":{"uv":[0,0,3,1],"texture":"#1"}}},{"from":[1.57143,8.42857,9.71429],"to":[1.78571,8.64286,9.92857],"faces":{"north":{"uv":[0,0,1,1],"texture":"#1"},"east":{"uv":[0,0,1,1],"texture":"#1"},"south":{"uv":[0,0,1,1],"texture":"#1"},"west":{"uv":[0,0,1,1],"texture":"#1"},"up":{"uv":[0,0,1,1],"texture":"#1"},"down":{"uv":[0,0,1,1],"texture":"#1"}}},{"from":[-2.28571,8.42857,9.71429],"to":[-2.07143,8.64286,9.92857],"faces":{"north":{"uv":[0,0,1,1],"texture":"#1"},"east":{"uv":[0,0,1,1],"texture":"#1"},"south":{"uv":[0,0,1,1],"texture":"#1"},"west":{"uv":[0,0,1,1],"texture":"#1"},"up":{"uv":[0,0,1,1],"texture":"#1"},"down":{"uv":[0,0,1,1],"texture":"#1"}}},{"from":[3.07143,8.42857,6.07143],"to":[4.35714,8.64286,6.28571],"faces":{"north":{"uv":[0,0,6,1],"texture":"#1"},"east":{"uv":[0,0,1,1],"texture":"#1"},"south":{"uv":[0,0,6,1],"texture":"#1"},"west":{"uv":[0,0,1,1],"texture":"#1"},"up":{"uv":[0,0,6,1],"texture":"#1"},"down":{"uv":[0,0,6,1],"texture":"#1"}}},{"from":[3.07143,8.42857,6.28571],"to":[4.14286,8.64286,7.57143],"faces":{"north":{"uv":[0,0,5,1],"texture":"#1"},"east":{"uv":[0,0,6,1],"texture":"#1"},"south":{"uv":[0,0,5,1],"texture":"#1"},"west":{"uv":[0,0,6,1],"texture":"#1"},"up":{"uv":[0,0,5,6],"texture":"#1"},"down":{"uv":[0,0,5,6],"texture":"#1"}}},{"from":[3.07143,8.42857,8.85714],"to":[4.14286,8.64286,9.5],"faces":{"north":{"uv":[0,0,5,1],"texture":"#1"},"east":{"uv":[0,0,3,1],"texture":"#1"},"south":{"uv":[0,0,5,1],"texture":"#1"},"west":{"uv":[0,0,3,1],"texture":"#1"},"up":{"uv":[0,0,5,3],"texture":"#1"},"down":{"uv":[0,0,5,3],"texture":"#1"}}},{"from":[5.85714,8.42857,6.28571],"to":[6.92857,8.64286,9.5],"faces":{"north":{"uv":[0,0,5,1],"texture":"#1"},"east":{"uv":[0,0,15,1],"texture":"#1"},"south":{"uv":[0,0,5,1],"texture":"#1"},"west":{"uv":[0,0,15,1],"texture":"#1"},"up":{"uv":[0,0,5,15],"texture":"#1"},"down":{"uv":[0,0,5,15],"texture":"#1"}}},{"from":[8.42857,8.42857,5],"to":[9.5,8.64286,10.57143],"faces":{"north":{"uv":[0,0,5,1],"texture":"#1"},"east":{"uv":[0,0,16,1],"texture":"#1"},"south":{"uv":[0,0,5,1],"texture":"#1"},"west":{"uv":[0,0,16,1],"texture":"#1"},"up":{"uv":[0,0,5,16],"texture":"#1"},"down":{"uv":[0,0,5,16],"texture":"#1"}}},{"from":[16.78571,8.42857,8.42857],"to":[17.21429,8.64286,8.64286],"faces":{"north":{"uv":[0,0,2,1],"texture":"#2"},"east":{"uv":[0,0,1,1],"texture":"#2"},"south":{"uv":[0,0,2,1],"texture":"#2"},"west":{"uv":[0,0,1,1],"texture":"#2"},"up":{"uv":[0,0,2,1],"texture":"#2"},"down":{"uv":[0,0,2,1],"texture":"#2"}}},{"from":[16.78571,8.42857,7.14286],"to":[17.21429,8.64286,7.35714],"faces":{"north":{"uv":[0,0,2,1],"texture":"#2"},"east":{"uv":[0,0,1,1],"texture":"#2"},"south":{"uv":[0,0,2,1],"texture":"#2"},"west":{"uv":[0,0,1,1],"texture":"#2"},"up":{"uv":[0,0,2,1],"texture":"#2"},"down":{"uv":[0,0,2,1],"texture":"#2"}}},{"from":[15.92857,8.42857,6.71429],"to":[16.35714,8.64286,6.92857],"faces":{"north":{"uv":[0,0,2,1],"texture":"#2"},"east":{"uv":[0,0,1,1],"texture":"#2"},"south":{"uv":[0,0,2,1],"texture":"#2"},"west":{"uv":[0,0,1,1],"texture":"#2"},"up":{"uv":[0,0,2,1],"texture":"#2"},"down":{"uv":[0,0,2,1],"texture":"#2"}}},{"from":[16.14286,8.42857,6.5],"to":[16.57143,8.64286,6.71429],"faces":{"north":{"uv":[0,0,2,1],"texture":"#2"},"east":{"uv":[0,0,1,1],"texture":"#2"},"south":{"uv":[0,0,2,1],"texture":"#2"},"west":{"uv":[0,0,1,1],"texture":"#2"},"up":{"uv":[0,0,2,1],"texture":"#2"},"down":{"uv":[0,0,2,1],"texture":"#2"}}},{"from":[16.14286,8.42857,9.07143],"to":[16.57143,8.64286,9.28571],"faces":{"north":{"uv":[0,0,2,1],"texture":"#2"},"east":{"uv":[0,0,1,1],"texture":"#2"},"south":{"uv":[0,0,2,1],"texture":"#2"},"west":{"uv":[0,0,1,1],"texture":"#2"},"up":{"uv":[0,0,2,1],"texture":"#2"},"down":{"uv":[0,0,2,1],"texture":"#2"}}},{"from":[15.92857,8.42857,8.85714],"to":[16.35714,8.64286,9.07143],"faces":{"north":{"uv":[0,0,2,1],"texture":"#2"},"east":{"uv":[0,0,1,1],"texture":"#2"},"south":{"uv":[0,0,2,1],"texture":"#2"},"west":{"uv":[0,0,1,1],"texture":"#2"},"up":{"uv":[0,0,2,1],"texture":"#2"},"down":{"uv":[0,0,2,1],"texture":"#2"}}},{"from":[16.57143,8.42857,7.35714],"to":[17,8.64286,8.42857],"faces":{"north":{"uv":[0,0,2,1],"texture":"#2"},"east":{"uv":[0,0,5,1],"texture":"#2"},"south":{"uv":[0,0,2,1],"texture":"#2"},"west":{"uv":[0,0,5,1],"texture":"#2"},"up":{"uv":[0,0,2,5],"texture":"#2"},"down":{"uv":[0,0,2,5],"texture":"#2"}}},{"from":[15.71429,8.42857,6.92857],"to":[16.14286,8.64286,8.85714],"faces":{"north":{"uv":[0,0,2,1],"texture":"#2"},"east":{"uv":[0,0,9,1],"texture":"#2"},"south":{"uv":[0,0,2,1],"texture":"#2"},"west":{"uv":[0,0,9,1],"texture":"#2"},"up":{"uv":[0,0,2,9],"texture":"#2"},"down":{"uv":[0,0,2,9],"texture":"#2"}}},{"from":[15.28571,8.42857,6.28571],"to":[15.71429,8.64286,6.5],"faces":{"north":{"uv":[0,0,2,1],"texture":"#2"},"east":{"uv":[0,0,1,1],"texture":"#2"},"south":{"uv":[0,0,2,1],"texture":"#2"},"west":{"uv":[0,0,1,1],"texture":"#2"},"up":{"uv":[0,0,2,1],"texture":"#2"},"down":{"uv":[0,0,2,1],"texture":"#2"}}},{"from":[15.07143,8.42857,6.5],"to":[15.5,8.64286,6.71429],"faces":{"north":{"uv":[0,0,2,1],"texture":"#2"},"east":{"uv":[0,0,1,1],"texture":"#2"},"south":{"uv":[0,0,2,1],"texture":"#2"},"west":{"uv":[0,0,1,1],"texture":"#2"},"up":{"uv":[0,0,2,1],"texture":"#2"},"down":{"uv":[0,0,2,1],"texture":"#2"}}},{"from":[14.85714,8.42857,6.71429],"to":[15.28571,8.64286,9.07143],"faces":{"north":{"uv":[0,0,2,1],"texture":"#2"},"east":{"uv":[0,0,11,1],"texture":"#2"},"south":{"uv":[0,0,2,1],"texture":"#2"},"west":{"uv":[0,0,11,1],"texture":"#2"},"up":{"uv":[0,0,2,11],"texture":"#2"},"down":{"uv":[0,0,2,11],"texture":"#2"}}},{"from":[15.07143,8.42857,9.07143],"to":[15.5,8.64286,9.28571],"faces":{"north":{"uv":[0,0,2,1],"texture":"#2"},"east":{"uv":[0,0,1,1],"texture":"#2"},"south":{"uv":[0,0,2,1],"texture":"#2"},"west":{"uv":[0,0,1,1],"texture":"#2"},"up":{"uv":[0,0,2,1],"texture":"#2"},"down":{"uv":[0,0,2,1],"texture":"#2"}}},{"from":[15.28571,8.42857,9.28571],"to":[15.71429,8.64286,9.5],"faces":{"north":{"uv":[0,0,2,1],"texture":"#2"},"east":{"uv":[0,0,1,1],"texture":"#2"},"south":{"uv":[0,0,2,1],"texture":"#2"},"west":{"uv":[0,0,1,1],"texture":"#2"},"up":{"uv":[0,0,2,1],"texture":"#2"},"down":{"uv":[0,0,2,1],"texture":"#2"}}},{"from":[15.5,8.42857,9.5],"to":[15.92857,8.64286,9.71429],"faces":{"north":{"uv":[0,0,2,1],"texture":"#2"},"east":{"uv":[0,0,1,1],"texture":"#2"},"south":{"uv":[0,0,2,1],"texture":"#2"},"west":{"uv":[0,0,1,1],"texture":"#2"},"up":{"uv":[0,0,2,1],"texture":"#2"},"down":{"uv":[0,0,2,1],"texture":"#2"}}},{"from":[15.5,8.42857,6.07143],"to":[15.92857,8.64286,6.28571],"faces":{"north":{"uv":[0,0,2,1],"texture":"#2"},"east":{"uv":[0,0,1,1],"texture":"#2"},"south":{"uv":[0,0,2,1],"texture":"#2"},"west":{"uv":[0,0,1,1],"texture":"#2"},"up":{"uv":[0,0,2,1],"texture":"#2"},"down":{"uv":[0,0,2,1],"texture":"#2"}}},{"from":[16.78571,7.35714,7.35714],"to":[17.21429,7.57143,7.57143],"faces":{"north":{"uv":[0,0,2,1],"rotation":180,"texture":"#2"},"east":{"uv":[0,0,1,1],"rotation":180,"texture":"#2"},"south":{"uv":[0,0,2,1],"rotation":180,"texture":"#2"},"west":{"uv":[0,0,1,1],"rotation":180,"texture":"#2"},"up":{"uv":[0,0,2,1],"texture":"#2"},"down":{"uv":[0,0,2,1],"texture":"#2"}}},{"from":[16.78571,7.35714,8.64286],"to":[17.21429,7.57143,8.85714],"faces":{"north":{"uv":[0,0,2,1],"rotation":180,"texture":"#2"},"east":{"uv":[0,0,1,1],"rotation":180,"texture":"#2"},"south":{"uv":[0,0,2,1],"rotation":180,"texture":"#2"},"west":{"uv":[0,0,1,1],"rotation":180,"texture":"#2"},"up":{"uv":[0,0,2,1],"texture":"#2"},"down":{"uv":[0,0,2,1],"texture":"#2"}}},{"from":[16.57143,7.35714,7.57143],"to":[17,7.57143,8.64286],"faces":{"north":{"uv":[0,0,2,1],"rotation":180,"texture":"#2"},"east":{"uv":[0,0,5,1],"rotation":180,"texture":"#2"},"south":{"uv":[0,0,2,1],"rotation":180,"texture":"#2"},"west":{"uv":[0,0,5,1],"rotation":180,"texture":"#2"},"up":{"uv":[0,0,2,5],"texture":"#2"},"down":{"uv":[0,0,2,5],"texture":"#2"}}},{"from":[15.71429,7.35714,7.14286],"to":[16.14286,7.57143,9.07143],"faces":{"north":{"uv":[0,0,2,1],"rotation":180,"texture":"#2"},"east":{"uv":[0,0,9,1],"rotation":180,"texture":"#2"},"south":{"uv":[0,0,2,1],"rotation":180,"texture":"#2"},"west":{"uv":[0,0,9,1],"rotation":180,"texture":"#2"},"up":{"uv":[0,0,2,9],"texture":"#2"},"down":{"uv":[0,0,2,9],"texture":"#2"}}},{"from":[15.92857,7.35714,9.07143],"to":[16.35714,7.57143,9.28571],"faces":{"north":{"uv":[0,0,2,1],"rotation":180,"texture":"#2"},"east":{"uv":[0,0,1,1],"rotation":180,"texture":"#2"},"south":{"uv":[0,0,2,1],"rotation":180,"texture":"#2"},"west":{"uv":[0,0,1,1],"rotation":180,"texture":"#2"},"up":{"uv":[0,0,2,1],"texture":"#2"},"down":{"uv":[0,0,2,1],"texture":"#2"}}},{"from":[16.14286,7.35714,9.28571],"to":[16.57143,7.57143,9.5],"faces":{"north":{"uv":[0,0,2,1],"rotation":180,"texture":"#2"},"east":{"uv":[0,0,1,1],"rotation":180,"texture":"#2"},"south":{"uv":[0,0,2,1],"rotation":180,"texture":"#2"},"west":{"uv":[0,0,1,1],"rotation":180,"texture":"#2"},"up":{"uv":[0,0,2,1],"texture":"#2"},"down":{"uv":[0,0,2,1],"texture":"#2"}}},{"from":[15.92857,7.35714,6.92857],"to":[16.35714,7.57143,7.14286],"faces":{"north":{"uv":[0,0,2,1],"rotation":180,"texture":"#2"},"east":{"uv":[0,0,1,1],"rotation":180,"texture":"#2"},"south":{"uv":[0,0,2,1],"rotation":180,"texture":"#2"},"west":{"uv":[0,0,1,1],"rotation":180,"texture":"#2"},"up":{"uv":[0,0,2,1],"texture":"#2"},"down":{"uv":[0,0,2,1],"texture":"#2"}}},{"from":[16.14286,7.35714,6.71429],"to":[16.57143,7.57143,6.92857],"faces":{"north":{"uv":[0,0,2,1],"rotation":180,"texture":"#2"},"east":{"uv":[0,0,1,1],"rotation":180,"texture":"#2"},"south":{"uv":[0,0,2,1],"rotation":180,"texture":"#2"},"west":{"uv":[0,0,1,1],"rotation":180,"texture":"#2"},"up":{"uv":[0,0,2,1],"texture":"#2"},"down":{"uv":[0,0,2,1],"texture":"#2"}}},{"from":[15.28571,7.35714,6.5],"to":[15.71429,7.57143,6.71429],"faces":{"north":{"uv":[0,0,2,1],"rotation":180,"texture":"#2"},"east":{"uv":[0,0,1,1],"rotation":180,"texture":"#2"},"south":{"uv":[0,0,2,1],"rotation":180,"texture":"#2"},"west":{"uv":[0,0,1,1],"rotation":180,"texture":"#2"},"up":{"uv":[0,0,2,1],"texture":"#2"},"down":{"uv":[0,0,2,1],"texture":"#2"}}},{"from":[15.07143,7.35714,6.71429],"to":[15.5,7.57143,6.92857],"faces":{"north":{"uv":[0,0,2,1],"rotation":180,"texture":"#2"},"east":{"uv":[0,0,1,1],"rotation":180,"texture":"#2"},"south":{"uv":[0,0,2,1],"rotation":180,"texture":"#2"},"west":{"uv":[0,0,1,1],"rotation":180,"texture":"#2"},"up":{"uv":[0,0,2,1],"texture":"#2"},"down":{"uv":[0,0,2,1],"texture":"#2"}}},{"from":[14.85714,7.35714,6.92857],"to":[15.28571,7.57143,9.28571],"faces":{"north":{"uv":[0,0,2,1],"rotation":180,"texture":"#2"},"east":{"uv":[0,0,11,1],"rotation":180,"texture":"#2"},"south":{"uv":[0,0,2,1],"rotation":180,"texture":"#2"},"west":{"uv":[0,0,11,1],"rotation":180,"texture":"#2"},"up":{"uv":[0,0,2,11],"texture":"#2"},"down":{"uv":[0,0,2,11],"texture":"#2"}}},{"from":[15.07143,7.35714,9.28571],"to":[15.5,7.57143,9.5],"faces":{"north":{"uv":[0,0,2,1],"rotation":180,"texture":"#2"},"east":{"uv":[0,0,1,1],"rotation":180,"texture":"#2"},"south":{"uv":[0,0,2,1],"rotation":180,"texture":"#2"},"west":{"uv":[0,0,1,1],"rotation":180,"texture":"#2"},"up":{"uv":[0,0,2,1],"texture":"#2"},"down":{"uv":[0,0,2,1],"texture":"#2"}}},{"from":[15.28571,7.35714,9.5],"to":[15.71429,7.57143,9.71429],"faces":{"north":{"uv":[0,0,2,1],"rotation":180,"texture":"#2"},"east":{"uv":[0,0,1,1],"rotation":180,"texture":"#2"},"south":{"uv":[0,0,2,1],"rotation":180,"texture":"#2"},"west":{"uv":[0,0,1,1],"rotation":180,"texture":"#2"},"up":{"uv":[0,0,2,1],"texture":"#2"},"down":{"uv":[0,0,2,1],"texture":"#2"}}},{"from":[15.5,7.35714,6.28571],"to":[15.92857,7.57143,6.5],"faces":{"north":{"uv":[0,0,2,1],"rotation":180,"texture":"#2"},"east":{"uv":[0,0,1,1],"rotation":180,"texture":"#2"},"south":{"uv":[0,0,2,1],"rotation":180,"texture":"#2"},"west":{"uv":[0,0,1,1],"rotation":180,"texture":"#2"},"up":{"uv":[0,0,2,1],"texture":"#2"},"down":{"uv":[0,0,2,1],"texture":"#2"}}},{"from":[15.5,7.35714,9.71429],"to":[15.92857,7.57143,9.92857],"faces":{"north":{"uv":[0,0,2,1],"rotation":180,"texture":"#2"},"east":{"uv":[0,0,1,1],"rotation":180,"texture":"#2"},"south":{"uv":[0,0,2,1],"rotation":180,"texture":"#2"},"west":{"uv":[0,0,1,1],"rotation":180,"texture":"#2"},"up":{"uv":[0,0,2,1],"texture":"#2"},"down":{"uv":[0,0,2,1],"texture":"#2"}}},{"from":[11.42857,7.35714,5.42857],"to":[12.5,7.57143,11],"faces":{"north":{"uv":[0,0,5,1],"rotation":180,"texture":"#1"},"east":{"uv":[0,0,16,1],"rotation":180,"texture":"#1"},"south":{"uv":[0,0,5,1],"rotation":180,"texture":"#1"},"west":{"uv":[0,0,16,1],"rotation":180,"texture":"#1"},"up":{"uv":[0,0,5,16],"texture":"#1"},"down":{"uv":[0,0,5,16],"texture":"#1"}}},{"from":[8.42857,7.35714,5.42857],"to":[9.5,7.57143,11],"faces":{"north":{"uv":[0,0,5,1],"rotation":180,"texture":"#1"},"east":{"uv":[0,0,16,1],"rotation":180,"texture":"#1"},"south":{"uv":[0,0,5,1],"rotation":180,"texture":"#1"},"west":{"uv":[0,0,16,1],"rotation":180,"texture":"#1"},"up":{"uv":[0,0,5,16],"texture":"#1"},"down":{"uv":[0,0,5,16],"texture":"#1"}}},{"from":[11.21429,7.35714,10.78571],"to":[11.42857,7.57143,11],"faces":{"north":{"uv":[0,0,1,1],"rotation":180,"texture":"#1"},"east":{"uv":[0,0,1,1],"rotation":180,"texture":"#1"},"south":{"uv":[0,0,1,1],"rotation":180,"texture":"#1"},"west":{"uv":[0,0,1,1],"rotation":180,"texture":"#1"},"up":{"uv":[0,0,1,1],"texture":"#1"},"down":{"uv":[0,0,1,1],"texture":"#1"}}},{"from":[9.5,7.35714,10.78571],"to":[9.71429,7.57143,11],"faces":{"north":{"uv":[0,0,1,1],"rotation":180,"texture":"#1"},"east":{"uv":[0,0,1,1],"rotation":180,"texture":"#1"},"south":{"uv":[0,0,1,1],"rotation":180,"texture":"#1"},"west":{"uv":[0,0,1,1],"rotation":180,"texture":"#1"},"up":{"uv":[0,0,1,1],"texture":"#1"},"down":{"uv":[0,0,1,1],"texture":"#1"}}},{"from":[9.5,7.35714,7.57143],"to":[11.42857,7.57143,8.42857],"faces":{"north":{"uv":[0,0,9,1],"rotation":180,"texture":"#1"},"east":{"uv":[0,0,4,1],"rotation":180,"texture":"#1"},"south":{"uv":[0,0,9,1],"rotation":180,"texture":"#1"},"west":{"uv":[0,0,4,1],"rotation":180,"texture":"#1"},"up":{"uv":[0,0,9,4],"texture":"#1"},"down":{"uv":[0,0,9,4],"texture":"#1"}}},{"from":[11.42857,7.35714,5.21429],"to":[12.28571,7.57143,5.42857],"faces":{"north":{"uv":[0,0,4,1],"rotation":180,"texture":"#1"},"east":{"uv":[0,0,1,1],"rotation":180,"texture":"#1"},"south":{"uv":[0,0,4,1],"rotation":180,"texture":"#1"},"west":{"uv":[0,0,1,1],"rotation":180,"texture":"#1"},"up":{"uv":[0,0,4,1],"texture":"#1"},"down":{"uv":[0,0,4,1],"texture":"#1"}}},{"from":[9.5,7.35714,5.21429],"to":[11.42857,7.57143,6.07143],"faces":{"north":{"uv":[0,0,9,1],"rotation":180,"texture":"#1"},"east":{"uv":[0,0,4,1],"rotation":180,"texture":"#1"},"south":{"uv":[0,0,9,1],"rotation":180,"texture":"#1"},"west":{"uv":[0,0,4,1],"rotation":180,"texture":"#1"},"up":{"uv":[0,0,9,4],"texture":"#1"},"down":{"uv":[0,0,9,4],"texture":"#1"}}},{"from":[8.64286,7.35714,5.21429],"to":[9.5,7.57143,5.42857],"faces":{"north":{"uv":[0,0,4,1],"rotation":180,"texture":"#1"},"east":{"uv":[0,0,1,1],"rotation":180,"texture":"#1"},"south":{"uv":[0,0,4,1],"rotation":180,"texture":"#1"},"west":{"uv":[0,0,1,1],"rotation":180,"texture":"#1"},"up":{"uv":[0,0,4,1],"texture":"#1"},"down":{"uv":[0,0,4,1],"texture":"#1"}}},{"from":[9.5,7.35714,6.07143],"to":[9.71429,7.57143,6.28571],"faces":{"north":{"uv":[0,0,1,1],"rotation":180,"texture":"#1"},"east":{"uv":[0,0,1,1],"rotation":180,"texture":"#1"},"south":{"uv":[0,0,1,1],"rotation":180,"texture":"#1"},"west":{"uv":[0,0,1,1],"rotation":180,"texture":"#1"},"up":{"uv":[0,0,1,1],"texture":"#1"},"down":{"uv":[0,0,1,1],"texture":"#1"}}},{"from":[11.21429,7.35714,6.07143],"to":[11.42857,7.57143,6.28571],"faces":{"north":{"uv":[0,0,1,1],"rotation":180,"texture":"#1"},"east":{"uv":[0,0,1,1],"rotation":180,"texture":"#1"},"south":{"uv":[0,0,1,1],"rotation":180,"texture":"#1"},"west":{"uv":[0,0,1,1],"rotation":180,"texture":"#1"},"up":{"uv":[0,0,1,1],"texture":"#1"},"down":{"uv":[0,0,1,1],"texture":"#1"}}},{"from":[3.28571,7.35714,10.78571],"to":[6.71429,7.57143,11],"faces":{"north":{"uv":[0,0,16,1],"rotation":180,"texture":"#1"},"east":{"uv":[0,0,1,1],"rotation":180,"texture":"#1"},"south":{"uv":[0,0,16,1],"rotation":180,"texture":"#1"},"west":{"uv":[0,0,1,1],"rotation":180,"texture":"#1"},"up":{"uv":[0,0,16,1],"texture":"#1"},"down":{"uv":[0,0,16,1],"texture":"#1"}}},{"from":[3.07143,7.35714,9.92857],"to":[6.92857,7.57143,10.78571],"faces":{"north":{"uv":[0,0,16,1],"rotation":180,"texture":"#1"},"east":{"uv":[0,0,4,1],"rotation":180,"texture":"#1"},"south":{"uv":[0,0,16,1],"rotation":180,"texture":"#1"},"west":{"uv":[0,0,4,1],"rotation":180,"texture":"#1"},"up":{"uv":[0,0,16,4],"texture":"#1"},"down":{"uv":[0,0,16,4],"texture":"#1"}}},{"from":[5.64286,7.35714,9.71429],"to":[6.92857,7.57143,9.92857],"faces":{"north":{"uv":[0,0,6,1],"rotation":180,"texture":"#1"},"east":{"uv":[0,0,1,1],"rotation":180,"texture":"#1"},"south":{"uv":[0,0,6,1],"rotation":180,"texture":"#1"},"west":{"uv":[0,0,1,1],"rotation":180,"texture":"#1"},"up":{"uv":[0,0,6,1],"texture":"#1"},"down":{"uv":[0,0,6,1],"texture":"#1"}}},{"from":[3.07143,7.35714,9.71429],"to":[4.35714,7.57143,9.92857],"faces":{"north":{"uv":[0,0,6,1],"rotation":180,"texture":"#1"},"east":{"uv":[0,0,1,1],"rotation":180,"texture":"#1"},"south":{"uv":[0,0,6,1],"rotation":180,"texture":"#1"},"west":{"uv":[0,0,1,1],"rotation":180,"texture":"#1"},"up":{"uv":[0,0,6,1],"texture":"#1"},"down":{"uv":[0,0,6,1],"texture":"#1"}}},{"from":[3.07143,7.35714,8.42857],"to":[4.14286,7.57143,9.71429],"faces":{"north":{"uv":[0,0,5,1],"rotation":180,"texture":"#1"},"east":{"uv":[0,0,6,1],"rotation":180,"texture":"#1"},"south":{"uv":[0,0,5,1],"rotation":180,"texture":"#1"},"west":{"uv":[0,0,6,1],"rotation":180,"texture":"#1"},"up":{"uv":[0,0,5,6],"texture":"#1"},"down":{"uv":[0,0,5,6],"texture":"#1"}}},{"from":[5.85714,7.35714,6.5],"to":[6.92857,7.57143,9.71429],"faces":{"north":{"uv":[0,0,5,1],"rotation":180,"texture":"#1"},"east":{"uv":[0,0,15,1],"rotation":180,"texture":"#1"},"south":{"uv":[0,0,5,1],"rotation":180,"texture":"#1"},"west":{"uv":[0,0,15,1],"rotation":180,"texture":"#1"},"up":{"uv":[0,0,5,15],"texture":"#1"},"down":{"uv":[0,0,5,15],"texture":"#1"}}},{"from":[5.64286,7.35714,6.28571],"to":[6.92857,7.57143,6.5],"faces":{"north":{"uv":[0,0,6,1],"rotation":180,"texture":"#1"},"east":{"uv":[0,0,1,1],"rotation":180,"texture":"#1"},"south":{"uv":[0,0,6,1],"rotation":180,"texture":"#1"},"west":{"uv":[0,0,1,1],"rotation":180,"texture":"#1"},"up":{"uv":[0,0,6,1],"texture":"#1"},"down":{"uv":[0,0,6,1],"texture":"#1"}}},{"from":[3.28571,7.35714,5.21429],"to":[6.71429,7.57143,5.42857],"faces":{"north":{"uv":[0,0,16,1],"rotation":180,"texture":"#1"},"east":{"uv":[0,0,1,1],"rotation":180,"texture":"#1"},"south":{"uv":[0,0,16,1],"rotation":180,"texture":"#1"},"west":{"uv":[0,0,1,1],"rotation":180,"texture":"#1"},"up":{"uv":[0,0,16,1],"texture":"#1"},"down":{"uv":[0,0,16,1],"texture":"#1"}}},{"from":[3.07143,7.35714,5.42857],"to":[6.92857,7.57143,6.28571],"faces":{"north":{"uv":[0,0,16,1],"rotation":180,"texture":"#1"},"east":{"uv":[0,0,4,1],"rotation":180,"texture":"#1"},"south":{"uv":[0,0,16,1],"rotation":180,"texture":"#1"},"west":{"uv":[0,0,4,1],"rotation":180,"texture":"#1"},"up":{"uv":[0,0,16,4],"texture":"#1"},"down":{"uv":[0,0,16,4],"texture":"#1"}}},{"from":[3.07143,7.35714,6.28571],"to":[4.35714,7.57143,6.5],"faces":{"north":{"uv":[0,0,6,1],"rotation":180,"texture":"#1"},"east":{"uv":[0,0,1,1],"rotation":180,"texture":"#1"},"south":{"uv":[0,0,6,1],"rotation":180,"texture":"#1"},"west":{"uv":[0,0,1,1],"rotation":180,"texture":"#1"},"up":{"uv":[0,0,6,1],"texture":"#1"},"down":{"uv":[0,0,6,1],"texture":"#1"}}},{"from":[3.07143,7.35714,6.5],"to":[4.14286,7.57143,7.14286],"faces":{"north":{"uv":[0,0,5,1],"rotation":180,"texture":"#1"},"east":{"uv":[0,0,3,1],"rotation":180,"texture":"#1"},"south":{"uv":[0,0,5,1],"rotation":180,"texture":"#1"},"west":{"uv":[0,0,3,1],"rotation":180,"texture":"#1"},"up":{"uv":[0,0,5,3],"texture":"#1"},"down":{"uv":[0,0,5,3],"texture":"#1"}}},{"from":[-2.28571,7.35714,5.21429],"to":[1.78571,7.57143,6.07143],"faces":{"north":{"uv":[0,0,16,1],"rotation":180,"texture":"#1"},"east":{"uv":[0,0,4,1],"rotation":180,"texture":"#1"},"south":{"uv":[0,0,16,1],"rotation":180,"texture":"#1"},"west":{"uv":[0,0,4,1],"rotation":180,"texture":"#1"},"up":{"uv":[0,0,16,4],"texture":"#1"},"down":{"uv":[0,0,16,4],"texture":"#1"}}},{"from":[1.57143,7.35714,6.07143],"to":[1.78571,7.57143,6.28571],"faces":{"north":{"uv":[0,0,1,1],"rotation":180,"texture":"#1"},"east":{"uv":[0,0,1,1],"rotation":180,"texture":"#1"},"south":{"uv":[0,0,1,1],"rotation":180,"texture":"#1"},"west":{"uv":[0,0,1,1],"rotation":180,"texture":"#1"},"up":{"uv":[0,0,1,1],"texture":"#1"},"down":{"uv":[0,0,1,1],"texture":"#1"}}},{"from":[-2.28571,7.35714,6.07143],"to":[-2.07143,7.57143,6.28571],"faces":{"north":{"uv":[0,0,1,1],"rotation":180,"texture":"#1"},"east":{"uv":[0,0,1,1],"rotation":180,"texture":"#1"},"south":{"uv":[0,0,1,1],"rotation":180,"texture":"#1"},"west":{"uv":[0,0,1,1],"rotation":180,"texture":"#1"},"up":{"uv":[0,0,1,1],"texture":"#1"},"down":{"uv":[0,0,1,1],"texture":"#1"}}},{"from":[-0.78571,7.35714,6.07143],"to":[0.28571,7.57143,11],"faces":{"north":{"uv":[0,0,5,1],"rotation":180,"texture":"#1"},"east":{"uv":[0,0,16,1],"rotation":180,"texture":"#1"},"south":{"uv":[0,0,5,1],"rotation":180,"texture":"#1"},"west":{"uv":[0,0,16,1],"rotation":180,"texture":"#1"},"up":{"uv":[0,0,5,16],"texture":"#1"},"down":{"uv":[0,0,5,16],"texture":"#1"}}},{"from":[0.28571,7.35714,10.57143],"to":[0.5,7.57143,11],"faces":{"north":{"uv":[0,0,1,1],"rotation":180,"texture":"#1"},"east":{"uv":[0,0,2,1],"rotation":180,"texture":"#1"},"south":{"uv":[0,0,1,1],"rotation":180,"texture":"#1"},"west":{"uv":[0,0,2,1],"rotation":180,"texture":"#1"},"up":{"uv":[0,0,1,2],"texture":"#1"},"down":{"uv":[0,0,1,2],"texture":"#1"}}},{"from":[-1,7.35714,10.57143],"to":[-0.78571,7.57143,11],"faces":{"north":{"uv":[0,0,1,1],"rotation":180,"texture":"#1"},"east":{"uv":[0,0,2,1],"rotation":180,"texture":"#1"},"south":{"uv":[0,0,1,1],"rotation":180,"texture":"#1"},"west":{"uv":[0,0,2,1],"rotation":180,"texture":"#1"},"up":{"uv":[0,0,1,2],"texture":"#1"},"down":{"uv":[0,0,1,2],"texture":"#1"}}},{"from":[0.5,7.35714,10.78571],"to":[1.14286,7.57143,11],"faces":{"north":{"uv":[0,0,3,1],"rotation":180,"texture":"#1"},"east":{"uv":[0,0,1,1],"rotation":180,"texture":"#1"},"south":{"uv":[0,0,3,1],"rotation":180,"texture":"#1"},"west":{"uv":[0,0,1,1],"rotation":180,"texture":"#1"},"up":{"uv":[0,0,3,1],"texture":"#1"},"down":{"uv":[0,0,3,1],"texture":"#1"}}},{"from":[-1.64286,7.35714,10.78571],"to":[-1,7.57143,11],"faces":{"north":{"uv":[0,0,3,1],"rotation":180,"texture":"#1"},"east":{"uv":[0,0,1,1],"rotation":180,"texture":"#1"},"south":{"uv":[0,0,3,1],"rotation":180,"texture":"#1"},"west":{"uv":[0,0,1,1],"rotation":180,"texture":"#1"},"up":{"uv":[0,0,3,1],"texture":"#1"},"down":{"uv":[0,0,3,1],"texture":"#1"}}}]}
