{
	"textures": {
		"0": "minecraft:block/azalea_top",
		"1": "minecraft:block/sunflower_front",
		"2": "omega-flowey:custom/decorative/theafroofdoom"
	},
	"display": {
		"head": {
			"rotation": [0, 180, 0]
		}
	},
	"elements": [
		{
			"from": [7.02816, 9.94367, 7.02816],
			"to": [8.97184, 13.83102, 8.97184],
			"rotation": {
				"angle": 0,
				"axis": "y",
				"origin": [8, 9.94367, 8]
			},
			"faces": {
				"north": {
					"uv": [0, 0, 2, 4],
					"texture": "#0"
				},
				"east": {
					"uv": [0, 0, 2, 4],
					"texture": "#0"
				},
				"south": {
					"uv": [0, 0, 2, 4],
					"texture": "#0"
				},
				"west": {
					"uv": [0, 0, 2, 4],
					"texture": "#0"
				},
				"up": {
					"uv": [0, 0, 2, 2],
					"texture": "#0"
				},
				"down": {
					"uv": [0, 0, 2, 2],
					"texture": "#0"
				}
			}
		},
		{
			"from": [7.02816, 15.77469, 7.02816],
			"to": [8.97184, 21.60571, 8.97184],
			"rotation": {
				"angle": 0,
				"axis": "y",
				"origin": [8, 15.77469, 8]
			},
			"faces": {
				"north": {
					"uv": [0, 0, 2, 6],
					"texture": "#0"
				},
				"east": {
					"uv": [0, 0, 2, 6],
					"texture": "#0"
				},
				"south": {
					"uv": [0, 0, 2, 6],
					"texture": "#0"
				},
				"west": {
					"uv": [0, 0, 2, 6],
					"texture": "#0"
				},
				"up": {
					"uv": [0, 0, 2, 2],
					"texture": "#0"
				},
				"down": {
					"uv": [0, 0, 2, 2],
					"texture": "#0"
				}
			}
		},
		{
			"from": [8.97184, 11.88734, 8.97184],
			"to": [10.91551, 17.71836, 10.91551],
			"rotation": {
				"angle": 0,
				"axis": "y",
				"origin": [9.94367, 11.88734, 9.94367]
			},
			"faces": {
				"north": {
					"uv": [0, 0, 2, 6],
					"texture": "#0"
				},
				"east": {
					"uv": [0, 0, 2, 6],
					"texture": "#0"
				},
				"south": {
					"uv": [0, 0, 2, 6],
					"texture": "#0"
				},
				"west": {
					"uv": [0, 0, 2, 6],
					"texture": "#0"
				},
				"up": {
					"uv": [0, 0, 2, 2],
					"texture": "#0"
				},
				"down": {
					"uv": [0, 0, 2, 2],
					"texture": "#0"
				}
			}
		},
		{
			"from": [6.54225, 8, 6.54225],
			"to": [9.45775, 9.94367, 9.45775],
			"rotation": {
				"angle": 0,
				"axis": "y",
				"origin": [8.48592, 8, 8.48592]
			},
			"faces": {
				"north": {
					"uv": [0, 0, 3, 2],
					"texture": "#0"
				},
				"east": {
					"uv": [0, 0, 3, 2],
					"texture": "#0"
				},
				"south": {
					"uv": [0, 0, 3, 2],
					"texture": "#0"
				},
				"west": {
					"uv": [0, 0, 3, 2],
					"texture": "#0"
				},
				"up": {
					"uv": [0, 0, 3, 3],
					"texture": "#0"
				},
				"down": {
					"uv": [0, 0, 3, 3],
					"texture": "#0"
				}
			}
		},
		{
			"from": [-0.74653, 23.69733, 5.55547],
			"to": [4.11266, 27.58468, 6.52731],
			"rotation": {
				"angle": 22.5,
				"axis": "x",
				"origin": [0.22531, 25.641, 6.52731]
			},
			"faces": {
				"north": {
					"uv": [6, 9, 10, 12],
					"texture": "#1"
				},
				"east": {
					"uv": [10, 10, 11, 7],
					"texture": "#1"
				},
				"south": {
					"uv": [6, 9, 10, 12],
					"texture": "#1"
				},
				"west": {
					"uv": [10, 10, 11, 7],
					"texture": "#1"
				},
				"up": {
					"uv": [6, 6, 10, 7],
					"texture": "#1"
				},
				"down": {
					"uv": [7, 5, 11, 6],
					"texture": "#1"
				}
			}
		},
		{
			"from": [4.11266, 22.3665, 3.20342],
			"to": [11.88734, 30.14119, 10.97811],
			"rotation": {
				"angle": 22.5,
				"axis": "x",
				"origin": [8.97184, 24.31017, 4.66118]
			},
			"faces": {
				"north": {
					"uv": [2, 2, 4, 4],
					"texture": "#2"
				},
				"east": {
					"uv": [0, 2, 2, 4],
					"texture": "#2"
				},
				"south": {
					"uv": [6, 2, 8, 4],
					"texture": "#2"
				},
				"west": {
					"uv": [4, 2, 6, 4],
					"texture": "#2"
				},
				"up": {
					"uv": [2, 0, 4, 2],
					"texture": "#2"
				},
				"down": {
					"uv": [4, 0, 6, 2],
					"texture": "#2"
				}
			}
		},
		{
			"from": [2.6549, 19.39398, 3.24702],
			"to": [7.51408, 22.30949, 4.21886],
			"rotation": {
				"angle": 45,
				"axis": "x",
				"origin": [3.62674, 21.33765, 4.21886]
			},
			"faces": {
				"north": {
					"uv": [6, 10, 10, 12],
					"texture": "#1"
				},
				"east": {
					"uv": [4, 7, 5, 10],
					"texture": "#1"
				},
				"south": {
					"uv": [6, 10, 10, 12],
					"texture": "#1"
				},
				"west": {
					"uv": [11, 7, 12, 10],
					"texture": "#1"
				},
				"up": {
					"uv": [10, 11, 6, 10],
					"texture": "#1"
				},
				"down": {
					"uv": [10, 11, 6, 10],
					"texture": "#1"
				}
			}
		},
		{
			"from": [11.88734, 23.69733, 5.55547],
			"to": [16.74653, 27.58468, 6.52731],
			"rotation": {
				"angle": 22.5,
				"axis": "x",
				"origin": [12.85918, 25.641, 6.52731]
			},
			"faces": {
				"north": {
					"uv": [6, 9, 10, 12],
					"texture": "#1"
				},
				"east": {
					"uv": [10, 10, 11, 7],
					"texture": "#1"
				},
				"south": {
					"uv": [6, 9, 10, 12],
					"texture": "#1"
				},
				"west": {
					"uv": [10, 10, 11, 7],
					"texture": "#1"
				},
				"up": {
					"uv": [6, 6, 10, 7],
					"texture": "#1"
				},
				"down": {
					"uv": [7, 5, 11, 6],
					"texture": "#1"
				}
			}
		},
		{
			"from": [4.59857, 31.02816, 7.78691],
			"to": [7.51408, 32, 8.75874],
			"rotation": {
				"angle": 22.5,
				"axis": "x",
				"origin": [5.57041, 31.02816, 8.75874]
			},
			"faces": {
				"north": {
					"uv": [10, 10, 7, 11],
					"texture": "#1"
				},
				"east": {
					"uv": [4, 9, 5, 10],
					"texture": "#1"
				},
				"south": {
					"uv": [6, 10, 10, 12],
					"texture": "#1"
				},
				"west": {
					"uv": [11, 8, 12, 9],
					"texture": "#1"
				},
				"up": {
					"uv": [10, 11, 6, 10],
					"texture": "#1"
				},
				"down": {
					"uv": [10, 11, 6, 10],
					"texture": "#1"
				}
			}
		},
		{
			"from": [2.6549, 29.08449, 7.78691],
			"to": [7.51408, 31.02816, 8.75874],
			"rotation": {
				"angle": 22.5,
				"axis": "x",
				"origin": [3.62674, 31.02816, 8.75874]
			},
			"faces": {
				"north": {
					"uv": [11, 9, 6, 11],
					"texture": "#1"
				},
				"east": {
					"uv": [4, 8, 5, 10],
					"texture": "#1"
				},
				"south": {
					"uv": [11, 9, 6, 11],
					"texture": "#1"
				},
				"west": {
					"uv": [4, 8, 5, 10],
					"texture": "#1"
				},
				"up": {
					"uv": [11, 11, 6, 10],
					"texture": "#1"
				},
				"down": {
					"uv": [11, 11, 6, 10],
					"texture": "#1"
				}
			}
		},
		{
			"from": [8.48592, 29.08449, 7.78691],
			"to": [13.3451, 31.02816, 8.75874],
			"rotation": {
				"angle": 22.5,
				"axis": "x",
				"origin": [9.45775, 31.02816, 8.75874]
			},
			"faces": {
				"north": {
					"uv": [6, 9, 11, 11],
					"texture": "#1"
				},
				"east": {
					"uv": [4, 8, 5, 10],
					"texture": "#1"
				},
				"south": {
					"uv": [6, 9, 11, 11],
					"texture": "#1"
				},
				"west": {
					"uv": [4, 8, 5, 10],
					"texture": "#1"
				},
				"up": {
					"uv": [11, 11, 6, 10],
					"texture": "#1"
				},
				"down": {
					"uv": [11, 11, 6, 10],
					"texture": "#1"
				}
			}
		},
		{
			"from": [8.48592, 31.02816, 7.78691],
			"to": [11.40143, 32, 8.75874],
			"rotation": {
				"angle": 22.5,
				"axis": "x",
				"origin": [9.45775, 31.02816, 8.75874]
			},
			"faces": {
				"north": {
					"uv": [7, 10, 10, 11],
					"texture": "#1"
				},
				"east": {
					"uv": [4, 9, 5, 10],
					"texture": "#1"
				},
				"south": {
					"uv": [6, 10, 10, 12],
					"texture": "#1"
				},
				"west": {
					"uv": [11, 8, 12, 9],
					"texture": "#1"
				},
				"up": {
					"uv": [10, 11, 6, 10],
					"texture": "#1"
				},
				"down": {
					"uv": [10, 11, 6, 10],
					"texture": "#1"
				}
			}
		},
		{
			"from": [3.14082, 22.30949, 3.24702],
			"to": [4.11266, 23.28133, 4.21886],
			"rotation": {
				"angle": 45,
				"axis": "x",
				"origin": [0.22531, 21.33765, 4.21886]
			},
			"faces": {
				"north": {
					"uv": [6, 10, 7, 11],
					"texture": "#1"
				},
				"east": {
					"uv": [6, 10, 7, 11],
					"texture": "#1"
				},
				"south": {
					"uv": [6, 10, 7, 11],
					"texture": "#1"
				},
				"west": {
					"uv": [6, 10, 7, 11],
					"texture": "#1"
				},
				"up": {
					"uv": [6, 10, 7, 11],
					"texture": "#1"
				},
				"down": {
					"uv": [6, 10, 7, 11],
					"texture": "#1"
				}
			}
		},
		{
			"from": [3.14082, 28.40856, 6.29929],
			"to": [4.11266, 29.3804, 7.27112],
			"rotation": {
				"angle": 22.5,
				"axis": "x",
				"origin": [0.22531, 27.43672, 7.27112]
			},
			"faces": {
				"north": {
					"uv": [6, 10, 7, 11],
					"texture": "#1"
				},
				"east": {
					"uv": [6, 10, 7, 11],
					"texture": "#1"
				},
				"south": {
					"uv": [6, 10, 7, 11],
					"texture": "#1"
				},
				"west": {
					"uv": [6, 10, 7, 11],
					"texture": "#1"
				},
				"up": {
					"uv": [6, 10, 7, 11],
					"texture": "#1"
				},
				"down": {
					"uv": [6, 10, 7, 11],
					"texture": "#1"
				}
			}
		},
		{
			"from": [11.88734, 28.40856, 6.29929],
			"to": [12.85918, 29.3804, 7.27112],
			"rotation": {
				"angle": 22.5,
				"axis": "x",
				"origin": [8.97184, 27.43672, 7.27112]
			},
			"faces": {
				"north": {
					"uv": [6, 10, 7, 11],
					"texture": "#1"
				},
				"east": {
					"uv": [6, 10, 7, 11],
					"texture": "#1"
				},
				"south": {
					"uv": [6, 10, 7, 11],
					"texture": "#1"
				},
				"west": {
					"uv": [6, 10, 7, 11],
					"texture": "#1"
				},
				"up": {
					"uv": [6, 10, 7, 11],
					"texture": "#1"
				},
				"down": {
					"uv": [6, 10, 7, 11],
					"texture": "#1"
				}
			}
		},
		{
			"from": [11.88734, 22.30949, 3.24702],
			"to": [12.85918, 23.28133, 4.21886],
			"rotation": {
				"angle": 45,
				"axis": "x",
				"origin": [8.97184, 21.33765, 4.21886]
			},
			"faces": {
				"north": {
					"uv": [6, 10, 7, 11],
					"texture": "#1"
				},
				"east": {
					"uv": [6, 10, 7, 11],
					"texture": "#1"
				},
				"south": {
					"uv": [6, 10, 7, 11],
					"texture": "#1"
				},
				"west": {
					"uv": [6, 10, 7, 11],
					"texture": "#1"
				},
				"up": {
					"uv": [6, 10, 7, 11],
					"texture": "#1"
				},
				"down": {
					"uv": [6, 10, 7, 11],
					"texture": "#1"
				}
			}
		},
		{
			"from": [8.48592, 19.39398, 3.24702],
			"to": [13.3451, 22.30949, 4.21886],
			"rotation": {
				"angle": 45,
				"axis": "x",
				"origin": [9.45775, 21.33765, 4.21886]
			},
			"faces": {
				"north": {
					"uv": [6, 10, 10, 12],
					"texture": "#1"
				},
				"east": {
					"uv": [4, 7, 5, 10],
					"texture": "#1"
				},
				"south": {
					"uv": [6, 10, 10, 12],
					"texture": "#1"
				},
				"west": {
					"uv": [11, 7, 12, 10],
					"texture": "#1"
				},
				"up": {
					"uv": [10, 11, 6, 10],
					"texture": "#1"
				},
				"down": {
					"uv": [10, 11, 6, 10],
					"texture": "#1"
				}
			}
		}
	]
}
