{"textures":{"0":"minecraft:block/polished_granite","1":"minecraft:block/bone_block_side"},"display":{"head":{"rotation":[0,180,0]}},"elements":[{"from":[2.90829,4.60552,4.60552],"to":[5.45414,6.30276,26.88177],"rotation":{"angle":0,"axis":"y","origin":[3.75691,4.60552,24.12376]},"faces":{"north":{"uv":[6,2,3,4],"texture":"#0"},"east":{"uv":[16,3,3,5],"texture":"#0"},"south":{"uv":[6,2,3,4],"texture":"#0"},"west":{"uv":[14,6,1,8],"texture":"#0"},"up":{"uv":[9,0,6,16],"texture":"#0"},"down":{"uv":[2,6,15,4],"rotation":90,"texture":"#0"}}},{"from":[2.90829,13.09171,4.60552],"to":[5.45414,14.78895,26.88177],"rotation":{"angle":0,"axis":"y","origin":[3.75691,13.09171,24.12376]},"faces":{"north":{"uv":[6,7,3,9],"texture":"#0"},"east":{"uv":[15,13,2,15],"texture":"#0"},"south":{"uv":[6,7,3,9],"texture":"#0"},"west":{"uv":[2,10,15,12],"texture":"#0"},"up":{"uv":[2,7,15,5],"rotation":90,"texture":"#0"},"down":{"uv":[2,7,15,5],"rotation":90,"texture":"#0"}}},{"from":[5.45414,11.39448,4.60552],"to":[7.1779,13.09171,26.88177],"rotation":{"angle":0,"axis":"y","origin":[6.30276,11.39448,24.12376]},"faces":{"north":{"uv":[3,5,1,7],"texture":"#0"},"east":{"uv":[1,8,14,10],"texture":"#0"},"south":{"uv":[3,5,1,7],"texture":"#0"},"west":{"uv":[14,11,1,13],"texture":"#0"},"up":{"uv":[2,9,15,7],"rotation":90,"texture":"#0"},"down":{"uv":[2,9,15,7],"rotation":90,"texture":"#0"}}},{"from":[5.45414,6.30276,4.60552],"to":[7.1779,8,26.88177],"rotation":{"angle":0,"axis":"y","origin":[6.30276,6.30276,24.12376]},"faces":{"north":{"uv":[6,2,4,4],"texture":"#0"},"east":{"uv":[14,11,1,13],"texture":"#0"},"south":{"uv":[6,2,4,4],"texture":"#0"},"west":{"uv":[14,11,1,13],"texture":"#0"},"up":{"uv":[1,4,14,2],"rotation":90,"texture":"#0"},"down":{"uv":[1,4,14,2],"rotation":90,"texture":"#0"}}},{"from":[5.45414,8,2.90829],"to":[7.15138,11.39448,4.60552],"rotation":{"angle":0,"axis":"y","origin":[6.30276,8,29.21547]},"faces":{"north":{"uv":[3,5,1,9],"texture":"#0"},"east":{"uv":[7,7,5,11],"texture":"#0"},"south":{"uv":[4,0,2,4],"texture":"#0"},"west":{"uv":[7,7,5,11],"texture":"#0"},"up":{"uv":[4,0,2,2],"texture":"#0"},"down":{"uv":[4,0,2,2],"texture":"#0"}}},{"from":[2.90829,11.39448,2.90829],"to":[5.45414,13.09171,4.60552],"rotation":{"angle":0,"axis":"y","origin":[4.60552,9.69724,29.21547]},"faces":{"north":{"uv":[5,4,2,6],"texture":"#0"},"east":{"uv":[8,9,6,11],"texture":"#0"},"south":{"uv":[5,4,2,6],"texture":"#0"},"west":{"uv":[8,9,6,11],"texture":"#0"},"up":{"uv":[6,0,3,2],"texture":"#0"},"down":{"uv":[6,0,3,2],"texture":"#0"}}},{"from":[2.90829,11.39448,22.42652],"to":[5.45414,13.09171,26.88177],"rotation":{"angle":0,"axis":"y","origin":[4.60552,9.69724,48.7337]},"faces":{"north":{"uv":[6,0,3,2],"texture":"#0"},"east":{"uv":[4,0,2,2],"texture":"#0"},"south":{"uv":[11,7,8,9],"texture":"#0"},"west":{"uv":[6,2,4,4],"texture":"#0"},"up":{"uv":[6,0,3,2],"texture":"#0"},"down":{"uv":[6,0,3,2],"texture":"#0"}}},{"from":[2.90829,6.30276,22.42652],"to":[5.45414,8,26.88177],"rotation":{"angle":0,"axis":"y","origin":[4.60552,4.60552,48.7337]},"faces":{"north":{"uv":[6,0,3,2],"texture":"#0"},"east":{"uv":[6,0,3,2],"texture":"#0"},"south":{"uv":[10,5,7,7],"texture":"#0"},"west":{"uv":[5,3,2,5],"texture":"#0"},"up":{"uv":[6,0,3,3],"texture":"#0"},"down":{"uv":[6,0,3,3],"texture":"#0"}}},{"from":[2.90829,8,23.27514],"to":[5.45414,11.39448,26.88177],"rotation":{"angle":0,"axis":"y","origin":[4.60552,8,49.58232]},"faces":{"north":{"uv":[7,2,4,6],"texture":"#0"},"east":{"uv":[4,0,2,4],"texture":"#0"},"south":{"uv":[13,7,10,11],"texture":"#0"},"west":{"uv":[6,4,4,8],"texture":"#0"},"up":{"uv":[6,0,3,2],"texture":"#0"},"down":{"uv":[6,0,3,2],"texture":"#0"}}},{"from":[5.45414,8,22.42652],"to":[7.15138,11.39448,26.88177],"rotation":{"angle":0,"axis":"y","origin":[6.30276,8,49.58232]},"faces":{"north":{"uv":[4,0,2,4],"texture":"#0"},"east":{"uv":[6,0,3,4],"texture":"#0"},"south":{"uv":[13,6,11,10],"texture":"#0"},"west":{"uv":[7,3,4,7],"texture":"#0"},"up":{"uv":[4,0,2,3],"texture":"#0"},"down":{"uv":[4,0,2,3],"texture":"#0"}}},{"from":[2.90829,6.30276,2.90829],"to":[5.45414,8,4.60552],"rotation":{"angle":0,"axis":"y","origin":[4.60552,4.60552,29.21547]},"faces":{"north":{"uv":[7,2,4,4],"texture":"#0"},"east":{"uv":[4,4,2,6],"texture":"#0"},"south":{"uv":[9,6,6,8],"texture":"#0"},"west":{"uv":[4,4,2,6],"texture":"#0"},"up":{"uv":[9,4,6,6],"texture":"#0"},"down":{"uv":[7,5,4,7],"texture":"#0"}}},{"from":[7.15138,8,4.60552],"to":[8.84862,11.39448,26.88177],"rotation":{"angle":0,"axis":"y","origin":[8,8,24.12376]},"faces":{"north":{"uv":[7,7,5,11],"texture":"#0"},"east":{"uv":[14,6,1,10],"texture":"#0"},"south":{"uv":[7,7,5,11],"texture":"#0"},"west":{"uv":[14,6,1,10],"texture":"#0"},"up":{"uv":[1,6,14,4],"rotation":90,"texture":"#0"},"down":{"uv":[1,6,14,4],"rotation":90,"texture":"#0"}}},{"from":[5.45414,11.39448,21.5779],"to":[7.10895,13.94033,24.12376],"rotation":{"angle":0,"axis":"y","origin":[6.30276,10.54586,48.7337]},"faces":{"north":{"uv":[11.95,9,10,12],"texture":"#0"},"east":{"uv":[6,3,3,6],"texture":"#0"},"south":{"uv":[10.95,3,9,6],"texture":"#0"},"west":{"uv":[7,6,4,9],"texture":"#0"},"up":{"uv":[10.95,11,9,14],"texture":"#0"},"down":{"uv":[8.95,6,7,9],"texture":"#0"}}},{"from":[5.45414,5.87845,24.33591],"to":[8.38188,8,26.90829],"rotation":{"angle":0,"axis":"y","origin":[6.30276,4.60552,51.49171]},"faces":{"north":{"uv":[12.95,9,11,12],"texture":"#0"},"east":{"uv":[5,3,3,6],"texture":"#0"},"south":{"uv":[10.95,3,9,6],"texture":"#0"},"west":{"uv":[5,3,3,6],"texture":"#0"},"up":{"uv":[10.95,11,9,14],"texture":"#0"},"down":{"uv":[7.95,3,5,5],"texture":"#0"}}},{"from":[5.87845,9.69724,4.60552],"to":[7.15138,11.39448,22.42652],"rotation":{"angle":0,"axis":"y","origin":[6.30276,9.69724,5.45414]},"faces":{"north":{"uv":[1.5,0,3,2],"texture":"#1"},"east":{"uv":[0,0,16,2],"texture":"#1"},"south":{"uv":[1.5,0,3,2],"texture":"#1"},"west":{"uv":[0,0,16,2],"texture":"#1"},"up":{"uv":[1.5,0,3,16],"texture":"#1"},"down":{"uv":[1.5,0,3,16],"texture":"#1"}}},{"from":[4.60552,10.54586,4.60552],"to":[5.87845,11.39448,6.30276],"rotation":{"angle":0,"axis":"y","origin":[5.02983,9.69724,5.45414]},"faces":{"north":{"uv":[1.5,0,3,1],"texture":"#1"},"east":{"uv":[2,0,4,1],"texture":"#1"},"south":{"uv":[1.5,0,3,1],"texture":"#1"},"west":{"uv":[2,0,4,1],"texture":"#1"},"up":{"uv":[1.5,0,3,2],"texture":"#1"},"down":{"uv":[1.5,0,3,2],"texture":"#1"}}},{"from":[4.18122,9.69724,5.87845],"to":[5.87845,10.54586,7.57569],"rotation":{"angle":0,"axis":"y","origin":[5.02983,8.84862,6.72707]},"faces":{"north":{"uv":[2,0,4,1],"texture":"#1"},"east":{"uv":[2,0,4,1],"texture":"#1"},"south":{"uv":[2,0,4,1],"texture":"#1"},"west":{"uv":[2,0,4,1],"texture":"#1"},"up":{"uv":[2,0,4,2],"texture":"#1"},"down":{"uv":[2,0,4,2],"texture":"#1"}}},{"from":[4.18122,9.69724,19.45635],"to":[5.87845,10.54586,21.15359],"rotation":{"angle":0,"axis":"y","origin":[5.02983,8.84862,20.30497]},"faces":{"north":{"uv":[2,0,4,1],"texture":"#1"},"east":{"uv":[2,0,4,1],"texture":"#1"},"south":{"uv":[2,0,4,1],"texture":"#1"},"west":{"uv":[2,0,4,1],"texture":"#1"},"up":{"uv":[2,0,4,2],"texture":"#1"},"down":{"uv":[2,0,4,2],"texture":"#1"}}},{"from":[3.3326,9.69724,8.84862],"to":[5.87845,10.54586,11.39448],"rotation":{"angle":0,"axis":"y","origin":[5.02983,8.84862,10.12155]},"faces":{"north":{"uv":[3,0,6,1],"texture":"#1"},"east":{"uv":[3,0,6,1],"texture":"#1"},"south":{"uv":[3,0,6,1],"texture":"#1"},"west":{"uv":[3,0,6,1],"texture":"#1"},"up":{"uv":[3,0,6,3],"texture":"#1"},"down":{"uv":[3,0,6,3],"texture":"#1"}}},{"from":[2.69613,9.69724,12.24309],"to":[5.87845,10.54586,14.78895],"rotation":{"angle":0,"axis":"y","origin":[5.02983,8.84862,13.51602]},"faces":{"north":{"uv":[3.75,0,7.5,1],"texture":"#1"},"east":{"uv":[3,0,6,1],"texture":"#1"},"south":{"uv":[3.75,0,7.5,1],"texture":"#1"},"west":{"uv":[3,0,6,1],"texture":"#1"},"up":{"uv":[3.75,0,7.5,3],"texture":"#1"},"down":{"uv":[3.75,0,7.5,3],"texture":"#1"}}},{"from":[3.3326,9.69724,15.63757],"to":[5.87845,10.54586,18.18343],"rotation":{"angle":0,"axis":"y","origin":[5.02983,8.84862,16.9105]},"faces":{"north":{"uv":[3,0,6,1],"texture":"#1"},"east":{"uv":[3,0,6,1],"texture":"#1"},"south":{"uv":[3,0,6,1],"texture":"#1"},"west":{"uv":[3,0,6,1],"texture":"#1"},"up":{"uv":[3,0,6,3],"texture":"#1"},"down":{"uv":[3,0,6,3],"texture":"#1"}}},{"from":[4.60552,10.54586,20.72928],"to":[5.87845,11.39448,22.42652],"rotation":{"angle":0,"axis":"y","origin":[5.02983,9.69724,20.72928]},"faces":{"north":{"uv":[1.5,0,3,1],"texture":"#1"},"east":{"uv":[2,0,4,1],"texture":"#1"},"south":{"uv":[1.5,0,3,1],"texture":"#1"},"west":{"uv":[2,0,4,1],"texture":"#1"},"up":{"uv":[1.5,0,3,2],"texture":"#1"},"down":{"uv":[1.5,0,3,2],"texture":"#1"}}},{"from":[3.75691,10.54586,7.15138],"to":[5.87845,11.39448,9.69724],"rotation":{"angle":0,"axis":"y","origin":[5.02983,9.69724,8]},"faces":{"north":{"uv":[2.5,0,5,1],"texture":"#1"},"east":{"uv":[3,0,6,1],"texture":"#1"},"south":{"uv":[2.5,0,5,1],"texture":"#1"},"west":{"uv":[3,0,6,1],"texture":"#1"},"up":{"uv":[2.5,0,5,3],"texture":"#1"},"down":{"uv":[2.5,0,5,3],"texture":"#1"}}},{"from":[3.75691,10.54586,17.33481],"to":[5.87845,11.39448,19.88066],"rotation":{"angle":0,"axis":"y","origin":[5.02983,9.69724,18.18343]},"faces":{"north":{"uv":[2.5,0,5,1],"texture":"#1"},"east":{"uv":[3,0,6,1],"texture":"#1"},"south":{"uv":[2.5,0,5,1],"texture":"#1"},"west":{"uv":[3,0,6,1],"texture":"#1"},"up":{"uv":[2.5,0,5,3],"texture":"#1"},"down":{"uv":[2.5,0,5,3],"texture":"#1"}}},{"from":[2.90829,10.54586,10.54586],"to":[5.87845,11.39448,13.09171],"rotation":{"angle":0,"axis":"y","origin":[5.02983,9.69724,11.39448]},"faces":{"north":{"uv":[3.5,0,7,1],"texture":"#1"},"east":{"uv":[3,0,6,1],"texture":"#1"},"south":{"uv":[3.5,0,7,1],"texture":"#1"},"west":{"uv":[3,0,6,1],"texture":"#1"},"up":{"uv":[3.5,0,7,3],"texture":"#1"},"down":{"uv":[3.5,0,7,3],"texture":"#1"}}},{"from":[2.90829,10.54586,13.94033],"to":[5.87845,11.39448,16.48619],"rotation":{"angle":0,"axis":"y","origin":[5.02983,9.69724,14.78895]},"faces":{"north":{"uv":[3.5,0,7,1],"texture":"#1"},"east":{"uv":[3,0,6,1],"texture":"#1"},"south":{"uv":[3.5,0,7,1],"texture":"#1"},"west":{"uv":[3,0,6,1],"texture":"#1"},"up":{"uv":[3.5,0,7,3],"texture":"#1"},"down":{"uv":[3.5,0,7,3],"texture":"#1"}}},{"from":[2.90829,8.84862,13.94033],"to":[5.87845,9.69724,16.48619],"rotation":{"angle":0,"axis":"y","origin":[5.02983,8,14.78895]},"faces":{"north":{"uv":[3.5,0,7,1],"texture":"#1"},"east":{"uv":[3,0,6,1],"texture":"#1"},"south":{"uv":[3.5,0,7,1],"texture":"#1"},"west":{"uv":[3,0,6,1],"texture":"#1"},"up":{"uv":[3.5,0,7,3],"texture":"#1"},"down":{"uv":[3.5,0,7,3],"texture":"#1"}}},{"from":[2.90829,8.84862,10.54586],"to":[5.87845,9.69724,13.09171],"rotation":{"angle":0,"axis":"y","origin":[5.02983,8,11.39448]},"faces":{"north":{"uv":[3.5,0,7,1],"texture":"#1"},"east":{"uv":[3,0,6,1],"texture":"#1"},"south":{"uv":[3.5,0,7,1],"texture":"#1"},"west":{"uv":[3,0,6,1],"texture":"#1"},"up":{"uv":[3.5,0,7,3],"texture":"#1"},"down":{"uv":[3.5,0,7,3],"texture":"#1"}}},{"from":[3.75691,8.84862,17.33481],"to":[5.87845,9.69724,19.88066],"rotation":{"angle":0,"axis":"y","origin":[5.02983,8,18.18343]},"faces":{"north":{"uv":[2.5,0,5,1],"texture":"#1"},"east":{"uv":[3,0,6,1],"texture":"#1"},"south":{"uv":[2.5,0,5,1],"texture":"#1"},"west":{"uv":[3,0,6,1],"texture":"#1"},"up":{"uv":[2.5,0,5,3],"texture":"#1"},"down":{"uv":[2.5,0,5,3],"texture":"#1"}}},{"from":[3.75691,8.84862,7.15138],"to":[5.87845,9.69724,9.69724],"rotation":{"angle":0,"axis":"y","origin":[5.02983,8,8]},"faces":{"north":{"uv":[2.5,0,5,1],"texture":"#1"},"east":{"uv":[3,0,6,1],"texture":"#1"},"south":{"uv":[2.5,0,5,1],"texture":"#1"},"west":{"uv":[3,0,6,1],"texture":"#1"},"up":{"uv":[2.5,0,5,3],"texture":"#1"},"down":{"uv":[2.5,0,5,3],"texture":"#1"}}},{"from":[4.60552,8.84862,20.72928],"to":[5.87845,9.69724,22.42652],"rotation":{"angle":0,"axis":"y","origin":[5.02983,8,20.72928]},"faces":{"north":{"uv":[1.5,0,3,1],"texture":"#1"},"east":{"uv":[2,0,4,1],"texture":"#1"},"south":{"uv":[1.5,0,3,1],"texture":"#1"},"west":{"uv":[2,0,4,1],"texture":"#1"},"up":{"uv":[1.5,0,3,2],"texture":"#1"},"down":{"uv":[1.5,0,3,2],"texture":"#1"}}},{"from":[3.3326,8,15.63757],"to":[5.87845,8.84862,18.18343],"rotation":{"angle":0,"axis":"y","origin":[5.02983,7.15138,16.9105]},"faces":{"north":{"uv":[3,0,6,1],"texture":"#1"},"east":{"uv":[3,0,6,1],"texture":"#1"},"south":{"uv":[3,0,6,1],"texture":"#1"},"west":{"uv":[3,0,6,1],"texture":"#1"},"up":{"uv":[3,0,6,3],"texture":"#1"},"down":{"uv":[3,0,6,3],"texture":"#1"}}},{"from":[2.69613,8,12.24309],"to":[5.87845,8.84862,14.78895],"rotation":{"angle":0,"axis":"y","origin":[5.02983,7.15138,13.51602]},"faces":{"north":{"uv":[3.75,0,7.5,1],"texture":"#1"},"east":{"uv":[3,0,6,1],"texture":"#1"},"south":{"uv":[3.75,0,7.5,1],"texture":"#1"},"west":{"uv":[3,0,6,1],"texture":"#1"},"up":{"uv":[3.75,0,7.5,3],"texture":"#1"},"down":{"uv":[3.75,0,7.5,3],"texture":"#1"}}},{"from":[3.3326,8,8.84862],"to":[5.87845,8.84862,11.39448],"rotation":{"angle":0,"axis":"y","origin":[5.02983,7.15138,10.12155]},"faces":{"north":{"uv":[3,0,6,1],"texture":"#1"},"east":{"uv":[3,0,6,1],"texture":"#1"},"south":{"uv":[3,0,6,1],"texture":"#1"},"west":{"uv":[3,0,6,1],"texture":"#1"},"up":{"uv":[3,0,6,3],"texture":"#1"},"down":{"uv":[3,0,6,3],"texture":"#1"}}},{"from":[4.18122,8,19.45635],"to":[5.87845,8.84862,21.15359],"rotation":{"angle":0,"axis":"y","origin":[5.02983,7.15138,20.30497]},"faces":{"north":{"uv":[2,0,4,1],"texture":"#1"},"east":{"uv":[2,0,4,1],"texture":"#1"},"south":{"uv":[2,0,4,1],"texture":"#1"},"west":{"uv":[2,0,4,1],"texture":"#1"},"up":{"uv":[2,0,4,2],"texture":"#1"},"down":{"uv":[2,0,4,2],"texture":"#1"}}},{"from":[4.18122,8,5.87845],"to":[5.87845,8.84862,7.57569],"rotation":{"angle":0,"axis":"y","origin":[5.02983,7.15138,6.72707]},"faces":{"north":{"uv":[2,0,4,1],"texture":"#1"},"east":{"uv":[2,0,4,1],"texture":"#1"},"south":{"uv":[2,0,4,1],"texture":"#1"},"west":{"uv":[2,0,4,1],"texture":"#1"},"up":{"uv":[2,0,4,2],"texture":"#1"},"down":{"uv":[2,0,4,2],"texture":"#1"}}},{"from":[4.60552,8.84862,4.60552],"to":[5.87845,9.69724,6.30276],"rotation":{"angle":0,"axis":"y","origin":[5.02983,8,5.45414]},"faces":{"north":{"uv":[1.5,0,3,1],"texture":"#1"},"east":{"uv":[2,0,4,1],"texture":"#1"},"south":{"uv":[1.5,0,3,1],"texture":"#1"},"west":{"uv":[2,0,4,1],"texture":"#1"},"up":{"uv":[1.5,0,3,2],"texture":"#1"},"down":{"uv":[1.5,0,3,2],"texture":"#1"}}},{"from":[5.87845,8,4.60552],"to":[7.15138,9.69724,22.42652],"rotation":{"angle":0,"axis":"y","origin":[6.30276,8,5.45414]},"faces":{"north":{"uv":[1.5,0,3,2],"texture":"#1"},"east":{"uv":[0,0,16,2],"texture":"#1"},"south":{"uv":[1.5,0,3,2],"texture":"#1"},"west":{"uv":[0,0,16,2],"texture":"#1"},"up":{"uv":[1.5,0,3,16],"texture":"#1"},"down":{"uv":[1.5,0,3,16],"texture":"#1"}}},{"from":[1.21105,6.30276,13.94033],"to":[4.18122,7.15138,16.48619],"rotation":{"angle":0,"axis":"y","origin":[3.3326,8,14.78895]},"faces":{"north":{"uv":[3.5,1,7,2],"texture":"#1"},"east":{"uv":[3,1,6,2],"texture":"#1"},"south":{"uv":[3.5,1,7,2],"texture":"#1"},"west":{"uv":[3,1,6,2],"texture":"#1"},"up":{"uv":[3.5,3,7,6],"texture":"#1"},"down":{"uv":[3.5,3,7,6],"texture":"#1"}}},{"from":[1.21105,6.30276,10.54586],"to":[4.18122,7.15138,13.09171],"rotation":{"angle":0,"axis":"y","origin":[3.3326,8,11.39448]},"faces":{"north":{"uv":[3.5,1,7,2],"texture":"#1"},"east":{"uv":[3,1,6,2],"texture":"#1"},"south":{"uv":[3.5,1,7,2],"texture":"#1"},"west":{"uv":[3,1,6,2],"texture":"#1"},"up":{"uv":[3.5,3,7,6],"texture":"#1"},"down":{"uv":[3.5,3,7,6],"texture":"#1"}}},{"from":[2.05967,6.30276,17.33481],"to":[4.18122,7.15138,19.88066],"rotation":{"angle":0,"axis":"y","origin":[3.3326,8,18.18343]},"faces":{"north":{"uv":[2.5,1,5,2],"texture":"#1"},"east":{"uv":[3,1,6,2],"texture":"#1"},"south":{"uv":[2.5,1,5,2],"texture":"#1"},"west":{"uv":[3,1,6,2],"texture":"#1"},"up":{"uv":[2.5,3,5,6],"texture":"#1"},"down":{"uv":[2.5,3,5,6],"texture":"#1"}}},{"from":[2.05967,6.30276,7.15138],"to":[4.18122,7.15138,9.69724],"rotation":{"angle":0,"axis":"y","origin":[3.3326,8,8]},"faces":{"north":{"uv":[2.5,1,5,2],"texture":"#1"},"east":{"uv":[3,1,6,2],"texture":"#1"},"south":{"uv":[2.5,1,5,2],"texture":"#1"},"west":{"uv":[3,1,6,2],"texture":"#1"},"up":{"uv":[2.5,3,5,6],"texture":"#1"},"down":{"uv":[2.5,3,5,6],"texture":"#1"}}},{"from":[2.90829,6.30276,20.72928],"to":[4.18122,7.15138,22.42652],"rotation":{"angle":0,"axis":"y","origin":[3.3326,8,20.72928]},"faces":{"north":{"uv":[1.5,1,3,2],"texture":"#1"},"east":{"uv":[2,1,4,2],"texture":"#1"},"south":{"uv":[1.5,1,3,2],"texture":"#1"},"west":{"uv":[2,1,4,2],"texture":"#1"},"up":{"uv":[1.5,2,3,4],"texture":"#1"},"down":{"uv":[1.5,2,3,4],"texture":"#1"}}},{"from":[1.63536,7.15138,15.63757],"to":[4.18122,8,18.18343],"rotation":{"angle":0,"axis":"y","origin":[3.3326,8.84862,16.9105]},"faces":{"north":{"uv":[3,1,6,2],"texture":"#1"},"east":{"uv":[3,1,6,2],"texture":"#1"},"south":{"uv":[3,1,6,2],"texture":"#1"},"west":{"uv":[3,1,6,2],"texture":"#1"},"up":{"uv":[3,3,6,6],"texture":"#1"},"down":{"uv":[3,3,6,6],"texture":"#1"}}},{"from":[0.9989,7.15138,12.24309],"to":[4.18122,8,14.78895],"rotation":{"angle":0,"axis":"y","origin":[3.3326,8.84862,13.51602]},"faces":{"north":{"uv":[3.75,1,7.5,2],"texture":"#1"},"east":{"uv":[3,1,6,2],"texture":"#1"},"south":{"uv":[3.75,1,7.5,2],"texture":"#1"},"west":{"uv":[3,1,6,2],"texture":"#1"},"up":{"uv":[3.75,3,7.5,6],"texture":"#1"},"down":{"uv":[3.75,3,7.5,6],"texture":"#1"}}},{"from":[1.63536,7.15138,8.84862],"to":[4.18122,8,11.39448],"rotation":{"angle":0,"axis":"y","origin":[3.3326,8.84862,10.12155]},"faces":{"north":{"uv":[3,1,6,2],"texture":"#1"},"east":{"uv":[3,1,6,2],"texture":"#1"},"south":{"uv":[3,1,6,2],"texture":"#1"},"west":{"uv":[3,1,6,2],"texture":"#1"},"up":{"uv":[3,3,6,6],"texture":"#1"},"down":{"uv":[3,3,6,6],"texture":"#1"}}},{"from":[2.48398,7.15138,19.45635],"to":[4.18122,8,21.15359],"rotation":{"angle":0,"axis":"y","origin":[3.3326,8.84862,20.30497]},"faces":{"north":{"uv":[2,1,4,2],"texture":"#1"},"east":{"uv":[2,1,4,2],"texture":"#1"},"south":{"uv":[2,1,4,2],"texture":"#1"},"west":{"uv":[2,1,4,2],"texture":"#1"},"up":{"uv":[2,2,4,4],"texture":"#1"},"down":{"uv":[2,2,4,4],"texture":"#1"}}},{"from":[2.48398,7.15138,5.87845],"to":[4.18122,8,7.57569],"rotation":{"angle":0,"axis":"y","origin":[3.3326,8.84862,6.72707]},"faces":{"north":{"uv":[2,1,4,2],"texture":"#1"},"east":{"uv":[2,1,4,2],"texture":"#1"},"south":{"uv":[2,1,4,2],"texture":"#1"},"west":{"uv":[2,1,4,2],"texture":"#1"},"up":{"uv":[2,2,4,4],"texture":"#1"},"down":{"uv":[2,2,4,4],"texture":"#1"}}},{"from":[2.90829,6.30276,4.60552],"to":[4.18122,7.15138,6.30276],"rotation":{"angle":0,"axis":"y","origin":[3.3326,8,5.45414]},"faces":{"north":{"uv":[1.5,1,3,2],"texture":"#1"},"east":{"uv":[2,1,4,2],"texture":"#1"},"south":{"uv":[1.5,1,3,2],"texture":"#1"},"west":{"uv":[2,1,4,2],"texture":"#1"},"up":{"uv":[1.5,2,3,4],"texture":"#1"},"down":{"uv":[1.5,2,3,4],"texture":"#1"}}},{"from":[4.18122,6.30276,4.60552],"to":[5.45414,8,22.42652],"rotation":{"angle":0,"axis":"y","origin":[4.60552,8,5.45414]},"faces":{"north":{"uv":[1.5,2,3,4],"texture":"#1"},"east":{"uv":[0,2,16,4],"texture":"#1"},"south":{"uv":[1.5,2,3,4],"texture":"#1"},"west":{"uv":[0,2,16,4],"texture":"#1"},"up":{"uv":[1.5,0,3,16],"texture":"#1"},"down":{"uv":[1.5,0,3,16],"texture":"#1"}}},{"from":[1.21105,12.24309,13.94033],"to":[4.18122,13.09171,16.48619],"rotation":{"angle":0,"axis":"y","origin":[3.3326,11.39448,14.78895]},"faces":{"north":{"uv":[3.5,0,7,1],"texture":"#1"},"east":{"uv":[3,0,6,1],"texture":"#1"},"south":{"uv":[3.5,0,7,1],"texture":"#1"},"west":{"uv":[3,0,6,1],"texture":"#1"},"up":{"uv":[3.5,0,7,3],"texture":"#1"},"down":{"uv":[3.5,0,7,3],"texture":"#1"}}},{"from":[1.21105,12.24309,10.54586],"to":[4.18122,13.09171,13.09171],"rotation":{"angle":0,"axis":"y","origin":[3.3326,11.39448,11.39448]},"faces":{"north":{"uv":[3.5,0,7,1],"texture":"#1"},"east":{"uv":[3,0,6,1],"texture":"#1"},"south":{"uv":[3.5,0,7,1],"texture":"#1"},"west":{"uv":[3,0,6,1],"texture":"#1"},"up":{"uv":[3.5,0,7,3],"texture":"#1"},"down":{"uv":[3.5,0,7,3],"texture":"#1"}}},{"from":[2.05967,12.24309,17.33481],"to":[4.18122,13.09171,19.88066],"rotation":{"angle":0,"axis":"y","origin":[3.3326,11.39448,18.18343]},"faces":{"north":{"uv":[2.5,0,5,1],"texture":"#1"},"east":{"uv":[3,0,6,1],"texture":"#1"},"south":{"uv":[2.5,0,5,1],"texture":"#1"},"west":{"uv":[3,0,6,1],"texture":"#1"},"up":{"uv":[2.5,0,5,3],"texture":"#1"},"down":{"uv":[2.5,0,5,3],"texture":"#1"}}},{"from":[2.05967,12.24309,7.15138],"to":[4.18122,13.09171,9.69724],"rotation":{"angle":0,"axis":"y","origin":[3.3326,11.39448,8]},"faces":{"north":{"uv":[2.5,0,5,1],"texture":"#1"},"east":{"uv":[3,0,6,1],"texture":"#1"},"south":{"uv":[2.5,0,5,1],"texture":"#1"},"west":{"uv":[3,0,6,1],"texture":"#1"},"up":{"uv":[2.5,0,5,3],"texture":"#1"},"down":{"uv":[2.5,0,5,3],"texture":"#1"}}},{"from":[2.90829,12.24309,20.72928],"to":[4.18122,13.09171,22.42652],"rotation":{"angle":0,"axis":"y","origin":[3.3326,11.39448,20.72928]},"faces":{"north":{"uv":[1.5,0,3,1],"texture":"#1"},"east":{"uv":[2,0,4,1],"texture":"#1"},"south":{"uv":[1.5,0,3,1],"texture":"#1"},"west":{"uv":[2,0,4,1],"texture":"#1"},"up":{"uv":[1.5,0,3,2],"texture":"#1"},"down":{"uv":[1.5,0,3,2],"texture":"#1"}}},{"from":[1.63536,11.39448,15.63757],"to":[4.18122,12.24309,18.18343],"rotation":{"angle":0,"axis":"y","origin":[3.3326,10.54586,16.9105]},"faces":{"north":{"uv":[3,0,6,1],"texture":"#1"},"east":{"uv":[3,0,6,1],"texture":"#1"},"south":{"uv":[3,0,6,1],"texture":"#1"},"west":{"uv":[3,0,6,1],"texture":"#1"},"up":{"uv":[3,0,6,3],"texture":"#1"},"down":{"uv":[3,0,6,3],"texture":"#1"}}},{"from":[0.9989,11.39448,12.24309],"to":[4.18122,12.24309,14.78895],"rotation":{"angle":0,"axis":"y","origin":[3.3326,10.54586,13.51602]},"faces":{"north":{"uv":[3.75,0,7.5,1],"texture":"#1"},"east":{"uv":[3,0,6,1],"texture":"#1"},"south":{"uv":[3.75,0,7.5,1],"texture":"#1"},"west":{"uv":[3,0,6,1],"texture":"#1"},"up":{"uv":[3.75,0,7.5,3],"texture":"#1"},"down":{"uv":[3.75,0,7.5,3],"texture":"#1"}}},{"from":[1.63536,11.39448,8.84862],"to":[4.18122,12.24309,11.39448],"rotation":{"angle":0,"axis":"y","origin":[3.3326,10.54586,10.12155]},"faces":{"north":{"uv":[3,0,6,1],"texture":"#1"},"east":{"uv":[3,0,6,1],"texture":"#1"},"south":{"uv":[3,0,6,1],"texture":"#1"},"west":{"uv":[3,0,6,1],"texture":"#1"},"up":{"uv":[3,0,6,3],"texture":"#1"},"down":{"uv":[3,0,6,3],"texture":"#1"}}},{"from":[2.48398,11.39448,19.45635],"to":[4.18122,12.24309,21.15359],"rotation":{"angle":0,"axis":"y","origin":[3.3326,10.54586,20.30497]},"faces":{"north":{"uv":[2,0,4,1],"texture":"#1"},"east":{"uv":[2,0,4,1],"texture":"#1"},"south":{"uv":[2,0,4,1],"texture":"#1"},"west":{"uv":[2,0,4,1],"texture":"#1"},"up":{"uv":[2,0,4,2],"texture":"#1"},"down":{"uv":[2,0,4,2],"texture":"#1"}}},{"from":[2.48398,11.39448,5.87845],"to":[4.18122,12.24309,7.57569],"rotation":{"angle":0,"axis":"y","origin":[3.3326,10.54586,6.72707]},"faces":{"north":{"uv":[2,0,4,1],"texture":"#1"},"east":{"uv":[2,0,4,1],"texture":"#1"},"south":{"uv":[2,0,4,1],"texture":"#1"},"west":{"uv":[2,0,4,1],"texture":"#1"},"up":{"uv":[2,0,4,2],"texture":"#1"},"down":{"uv":[2,0,4,2],"texture":"#1"}}},{"from":[2.90829,12.24309,4.60552],"to":[4.18122,13.09171,6.30276],"rotation":{"angle":0,"axis":"y","origin":[3.3326,11.39448,5.45414]},"faces":{"north":{"uv":[1.5,0,3,1],"texture":"#1"},"east":{"uv":[2,0,4,1],"texture":"#1"},"south":{"uv":[1.5,0,3,1],"texture":"#1"},"west":{"uv":[2,0,4,1],"texture":"#1"},"up":{"uv":[1.5,0,3,2],"texture":"#1"},"down":{"uv":[1.5,0,3,2],"texture":"#1"}}},{"from":[4.18122,11.39448,4.60552],"to":[5.45414,13.09171,22.42652],"rotation":{"angle":0,"axis":"y","origin":[4.60552,11.39448,5.45414]},"faces":{"north":{"uv":[1.5,0,3,2],"texture":"#1"},"east":{"uv":[0,0,16,2],"texture":"#1"},"south":{"uv":[1.5,0,3,2],"texture":"#1"},"west":{"uv":[0,0,16,2],"texture":"#1"},"up":{"uv":[1.5,0,3,16],"texture":"#1"},"down":{"uv":[1.5,0,3,16],"texture":"#1"}}}]}
