{"textures":{"0":"omega-flowey:custom/pipe/polished_andesite"},"display":{"head":{"rotation":[0,180,0]}},"elements":[{"from":[5.59536,-2.42232,5.6],"to":[7.19536,-0.82232,10.4],"rotation":{"angle":0,"axis":"y","origin":[8.79536,-1.62232,8]},"faces":{"north":{"uv":[4,0,0,4],"rotation":180,"texture":"#0"},"east":{"uv":[4,0,0,12],"rotation":90,"texture":"#0"},"south":{"uv":[4,0,0,4],"rotation":180,"texture":"#0"},"west":{"uv":[4,0,0,12],"rotation":90,"texture":"#0"},"up":{"uv":[12,0,0,4],"rotation":90,"texture":"#0"},"down":{"uv":[12,0,0,4],"rotation":90,"texture":"#0"}}},{"from":[5.60536,-4.02232,7.2],"to":[7.19536,0.77768,8.8],"rotation":{"angle":0,"axis":"y","origin":[9.19536,4.77768,8.4]},"faces":{"north":{"uv":[4,0,0,12],"texture":"#0"},"east":{"uv":[4,0,0,12],"texture":"#0"},"south":{"uv":[4,0,0,12],"texture":"#0"},"west":{"uv":[4,0,0,12],"texture":"#0"},"up":{"uv":[4,0,0,4],"texture":"#0"},"down":{"uv":[4,0,0,4],"texture":"#0"}}},{"from":[7.19536,-2.42232,5.6],"to":[8.79536,-0.82232,10.4],"rotation":{"angle":0,"axis":"y","origin":[10.39536,-1.62232,8]},"faces":{"north":{"uv":[4,0,0,4],"rotation":180,"texture":"#0"},"east":{"uv":[4,0,0,12],"rotation":90,"texture":"#0"},"south":{"uv":[4,0,0,4],"rotation":180,"texture":"#0"},"west":{"uv":[4,0,0,12],"rotation":90,"texture":"#0"},"up":{"uv":[12,0,0,4],"rotation":90,"texture":"#0"},"down":{"uv":[12,0,0,4],"rotation":90,"texture":"#0"}}},{"from":[7.19536,-4.02232,7.2],"to":[8.79536,0.77768,8.8],"rotation":{"angle":0,"axis":"y","origin":[10.79536,4.77768,8.4]},"faces":{"north":{"uv":[4,0,0,12],"texture":"#0"},"east":{"uv":[4,0,0,12],"texture":"#0"},"south":{"uv":[4,0,0,12],"texture":"#0"},"west":{"uv":[4,0,0,12],"texture":"#0"},"up":{"uv":[4,0,0,4],"texture":"#0"},"down":{"uv":[4,0,0,4],"texture":"#0"}}},{"from":[8.79536,-2.42232,5.6],"to":[10.38536,-0.82232,10.4],"rotation":{"angle":0,"axis":"y","origin":[11.99536,-1.62232,8]},"faces":{"north":{"uv":[4,0,0,4],"rotation":180,"texture":"#0"},"east":{"uv":[4,0,0,12],"rotation":90,"texture":"#0"},"south":{"uv":[4,0,0,4],"rotation":180,"texture":"#0"},"west":{"uv":[4,0,0,12],"rotation":90,"texture":"#0"},"up":{"uv":[12,0,0,4],"rotation":90,"texture":"#0"},"down":{"uv":[12,0,0,4],"rotation":90,"texture":"#0"}}},{"from":[8.79536,-4.02232,7.2],"to":[10.38536,0.77768,8.8],"rotation":{"angle":0,"axis":"y","origin":[12.39536,4.77768,8.4]},"faces":{"north":{"uv":[4,0,0,12],"texture":"#0"},"east":{"uv":[4,0,0,12],"texture":"#0"},"south":{"uv":[4,0,0,12],"texture":"#0"},"west":{"uv":[4,0,0,12],"texture":"#0"},"up":{"uv":[4,0,0,4],"texture":"#0"},"down":{"uv":[4,0,0,4],"texture":"#0"}}},{"from":[10.39536,-0.82232,5.6],"to":[11.99536,0.77768,10.4],"rotation":{"angle":0,"axis":"y","origin":[13.59536,-0.02232,8]},"faces":{"north":{"uv":[4,0,0,4],"rotation":180,"texture":"#0"},"east":{"uv":[4,0,0,12],"rotation":90,"texture":"#0"},"south":{"uv":[4,0,0,4],"rotation":180,"texture":"#0"},"west":{"uv":[4,0,0,12],"rotation":90,"texture":"#0"},"up":{"uv":[12,0,0,4],"rotation":90,"texture":"#0"},"down":{"uv":[12,0,0,4],"rotation":90,"texture":"#0"}}},{"from":[10.39536,-2.42232,7.2],"to":[11.99536,2.37768,8.8],"rotation":{"angle":0,"axis":"y","origin":[13.99536,6.37768,8.4]},"faces":{"north":{"uv":[4,0,0,12],"texture":"#0"},"east":{"uv":[4,0,0,12],"texture":"#0"},"south":{"uv":[4,0,0,12],"texture":"#0"},"west":{"uv":[4,0,0,12],"texture":"#0"},"up":{"uv":[4,0,0,4],"texture":"#0"},"down":{"uv":[4,0,0,4],"texture":"#0"}}},{"from":[11.99536,-0.82232,5.6],"to":[13.58536,0.77768,10.4],"rotation":{"angle":0,"axis":"y","origin":[15.19536,-0.02232,8]},"faces":{"north":{"uv":[4,0,0,4],"rotation":180,"texture":"#0"},"east":{"uv":[4,0,0,12],"rotation":90,"texture":"#0"},"south":{"uv":[4,0,0,4],"rotation":180,"texture":"#0"},"west":{"uv":[4,0,0,12],"rotation":90,"texture":"#0"},"up":{"uv":[12,0,0,4],"rotation":90,"texture":"#0"},"down":{"uv":[12,0,0,4],"rotation":90,"texture":"#0"}}},{"from":[11.99536,-2.42232,7.2],"to":[13.58536,2.37768,8.8],"rotation":{"angle":0,"axis":"y","origin":[15.59536,6.37768,8.4]},"faces":{"north":{"uv":[4,0,0,12],"texture":"#0"},"east":{"uv":[4,0,0,12],"texture":"#0"},"south":{"uv":[4,0,0,12],"texture":"#0"},"west":{"uv":[4,0,0,12],"texture":"#0"},"up":{"uv":[4,0,0,4],"texture":"#0"},"down":{"uv":[4,0,0,4],"texture":"#0"}}},{"from":[13.60536,-0.82232,7.2],"to":[15.19536,0.77768,8.8],"rotation":{"angle":0,"axis":"y","origin":[15.19536,0.77768,8]},"faces":{"north":{"uv":[4,0,0,4],"texture":"#0"},"east":{"uv":[4,0,0,4],"texture":"#0"},"south":{"uv":[4,0,0,4],"texture":"#0"},"west":{"uv":[4,0,0,4],"texture":"#0"},"up":{"uv":[4,0,0,4],"texture":"#0"},"down":{"uv":[4,0,0,4],"texture":"#0"}}},{"from":[15.19536,0.77768,7.2],"to":[16.79536,2.37768,8.8],"rotation":{"angle":0,"axis":"y","origin":[15.19536,0.77768,8]},"faces":{"north":{"uv":[4,0,0,4],"texture":"#0"},"east":{"uv":[4,0,0,4],"texture":"#0"},"south":{"uv":[4,0,0,4],"texture":"#0"},"west":{"uv":[4,0,0,4],"texture":"#0"},"up":{"uv":[4,0,0,4],"texture":"#0"},"down":{"uv":[4,0,0,4],"texture":"#0"}}},{"from":[13.69536,2.37768,7.3],"to":[16.59536,3.17768,8.7],"rotation":{"angle":0,"axis":"y","origin":[17.19536,7.97768,8.4]},"faces":{"north":{"uv":[8,2,0,4],"texture":"#0"},"east":{"uv":[4,2,0,4],"texture":"#0"},"south":{"uv":[8,2,0,4],"texture":"#0"},"west":{"uv":[4,2,0,4],"texture":"#0"},"up":{"uv":[8,2,0,4],"texture":"#0"},"down":{"uv":[8,2,0,4],"texture":"#0"}}},{"from":[13.59536,0.77768,5.6],"to":[15.19536,2.37768,10.4],"rotation":{"angle":0,"axis":"y","origin":[15.19536,0.77768,8]},"faces":{"north":{"uv":[4,0,0,4],"rotation":180,"texture":"#0"},"east":{"uv":[12,0,0,4],"rotation":180,"texture":"#0"},"south":{"uv":[4,0,0,4],"rotation":180,"texture":"#0"},"west":{"uv":[12,0,0,4],"rotation":180,"texture":"#0"},"up":{"uv":[12,0,0,4],"rotation":90,"texture":"#0"},"down":{"uv":[12,0,0,4],"rotation":90,"texture":"#0"}}},{"from":[15.19536,2.38018,5.6],"to":[16.79536,3.97768,10.4],"rotation":{"angle":0,"axis":"y","origin":[15.99536,3.17831,8]},"faces":{"north":{"uv":[4,0,0,4],"rotation":270,"texture":"#0"},"east":{"uv":[12,0,0,4],"texture":"#0"},"south":{"uv":[4,0,0,4],"rotation":90,"texture":"#0"},"west":{"uv":[12,0,0,4],"texture":"#0"},"up":{"uv":[4,0,0,12],"texture":"#0"},"down":{"uv":[4,0,0,12],"texture":"#0"}}},{"from":[13.59536,2.37768,7.2],"to":[18.39536,3.97768,8.8],"rotation":{"angle":0,"axis":"y","origin":[15.99536,3.17831,8]},"faces":{"north":{"uv":[4,0,0,12],"rotation":90,"texture":"#0"},"east":{"uv":[4,0,0,4],"rotation":270,"texture":"#0"},"south":{"uv":[4,0,0,12],"rotation":270,"texture":"#0"},"west":{"uv":[4,0,0,4],"rotation":270,"texture":"#0"},"up":{"uv":[4,0,0,12],"rotation":270,"texture":"#0"},"down":{"uv":[4,0,0,12],"rotation":270,"texture":"#0"}}},{"from":[15.23723,5.54456,7.3],"to":[18.13723,6.34456,8.7],"rotation":{"angle":0,"axis":"y","origin":[10.93723,4.61956,8.4]},"faces":{"north":{"uv":[2,0,0,8],"rotation":90,"texture":"#0"},"east":{"uv":[4,0,2,4],"rotation":270,"texture":"#0"},"south":{"uv":[4,0,2,8],"rotation":270,"texture":"#0"},"west":{"uv":[4,0,2,4],"rotation":270,"texture":"#0"},"up":{"uv":[2,0,0,8],"rotation":270,"texture":"#0"},"down":{"uv":[2,0,0,8],"rotation":270,"texture":"#0"}}},{"from":[15.19536,3.97768,5.6],"to":[16.79536,5.58018,10.4],"rotation":{"angle":0,"axis":"y","origin":[16.39536,4.37768,8]},"faces":{"north":{"uv":[4,0,0,4],"rotation":270,"texture":"#0"},"east":{"uv":[12,0,0,4],"texture":"#0"},"south":{"uv":[4,0,0,4],"rotation":90,"texture":"#0"},"west":{"uv":[12,0,0,4],"texture":"#0"},"up":{"uv":[4,0,0,12],"texture":"#0"},"down":{"uv":[4,0,0,12],"texture":"#0"}}},{"from":[13.59536,3.97768,7.2],"to":[18.39536,5.57768,8.8],"rotation":{"angle":0,"axis":"y","origin":[9.99536,4.77768,8.4]},"faces":{"north":{"uv":[4,0,0,12],"rotation":90,"texture":"#0"},"east":{"uv":[4,0,0,4],"rotation":270,"texture":"#0"},"south":{"uv":[4,0,0,12],"rotation":270,"texture":"#0"},"west":{"uv":[4,0,0,4],"rotation":270,"texture":"#0"},"up":{"uv":[4,0,0,12],"rotation":270,"texture":"#0"},"down":{"uv":[4,0,0,12],"rotation":270,"texture":"#0"}}},{"from":[16.79536,5.58018,5.6],"to":[18.39536,7.17768,10.4],"rotation":{"angle":0,"axis":"y","origin":[17.99536,5.97768,8]},"faces":{"north":{"uv":[4,0,0,4],"rotation":270,"texture":"#0"},"east":{"uv":[12,0,0,4],"texture":"#0"},"south":{"uv":[4,0,0,4],"rotation":90,"texture":"#0"},"west":{"uv":[12,0,0,4],"texture":"#0"},"up":{"uv":[4,0,0,12],"texture":"#0"},"down":{"uv":[4,0,0,12],"texture":"#0"}}},{"from":[15.19536,5.57768,7.2],"to":[19.99536,7.17768,8.8],"rotation":{"angle":0,"axis":"y","origin":[11.59536,6.37768,8.4]},"faces":{"north":{"uv":[4,0,0,12],"rotation":90,"texture":"#0"},"east":{"uv":[4,0,0,4],"rotation":270,"texture":"#0"},"south":{"uv":[4,0,0,12],"rotation":270,"texture":"#0"},"west":{"uv":[4,0,0,4],"rotation":270,"texture":"#0"},"up":{"uv":[4,0,0,12],"rotation":270,"texture":"#0"},"down":{"uv":[4,0,0,12],"rotation":270,"texture":"#0"}}},{"from":[16.79536,7.17768,5.6],"to":[18.39536,8.77768,10.4],"rotation":{"angle":0,"axis":"y","origin":[17.99536,7.57768,8]},"faces":{"north":{"uv":[4,0,0,4],"rotation":270,"texture":"#0"},"east":{"uv":[12,0,0,4],"texture":"#0"},"south":{"uv":[4,0,0,4],"rotation":90,"texture":"#0"},"west":{"uv":[12,0,0,4],"texture":"#0"},"up":{"uv":[4,0,0,12],"texture":"#0"},"down":{"uv":[4,0,0,12],"texture":"#0"}}},{"from":[15.19536,7.17768,7.2],"to":[19.99536,8.77768,8.8],"rotation":{"angle":0,"axis":"y","origin":[11.59536,7.97768,8.4]},"faces":{"north":{"uv":[4,0,0,12],"rotation":90,"texture":"#0"},"east":{"uv":[4,0,0,4],"rotation":270,"texture":"#0"},"south":{"uv":[4,0,0,12],"rotation":270,"texture":"#0"},"west":{"uv":[4,0,0,4],"rotation":270,"texture":"#0"},"up":{"uv":[4,0,0,12],"rotation":270,"texture":"#0"},"down":{"uv":[4,0,0,12],"rotation":270,"texture":"#0"}}},{"from":[15.17848,9.69414,7.3],"to":[18.07848,10.49414,8.7],"rotation":{"angle":0,"axis":"y","origin":[17.87848,7.29414,8.4]},"faces":{"north":{"uv":[2,0,0,8],"rotation":90,"texture":"#0"},"east":{"uv":[4,0,2,4],"rotation":270,"texture":"#0"},"south":{"uv":[4,0,2,8],"rotation":270,"texture":"#0"},"west":{"uv":[4,0,2,4],"rotation":270,"texture":"#0"},"up":{"uv":[2,0,0,8],"rotation":270,"texture":"#0"},"down":{"uv":[2,0,0,8],"rotation":270,"texture":"#0"}}},{"from":[16.79536,8.77768,5.6],"to":[18.39536,10.37518,10.4],"rotation":{"angle":0,"axis":"y","origin":[17.99536,9.17768,8]},"faces":{"north":{"uv":[4,0,0,4],"rotation":270,"texture":"#0"},"east":{"uv":[12,0,0,4],"texture":"#0"},"south":{"uv":[4,0,0,4],"rotation":90,"texture":"#0"},"west":{"uv":[12,0,0,4],"texture":"#0"},"up":{"uv":[4,0,0,12],"texture":"#0"},"down":{"uv":[4,0,0,12],"texture":"#0"}}},{"from":[15.19536,8.77768,7.2],"to":[19.99536,10.37768,8.8],"rotation":{"angle":0,"axis":"y","origin":[11.59536,9.57768,8.4]},"faces":{"north":{"uv":[4,0,0,12],"rotation":90,"texture":"#0"},"east":{"uv":[4,0,0,4],"rotation":270,"texture":"#0"},"south":{"uv":[4,0,0,12],"rotation":270,"texture":"#0"},"west":{"uv":[4,0,0,4],"rotation":270,"texture":"#0"},"up":{"uv":[4,0,0,12],"rotation":270,"texture":"#0"},"down":{"uv":[4,0,0,12],"rotation":270,"texture":"#0"}}},{"from":[15.19536,10.37768,5.6],"to":[16.79536,11.97768,10.4],"rotation":{"angle":0,"axis":"y","origin":[16.39536,10.77768,8]},"faces":{"north":{"uv":[4,0,0,4],"rotation":270,"texture":"#0"},"east":{"uv":[12,0,0,4],"texture":"#0"},"south":{"uv":[4,0,0,4],"rotation":90,"texture":"#0"},"west":{"uv":[12,0,0,4],"texture":"#0"},"up":{"uv":[4,0,0,12],"texture":"#0"},"down":{"uv":[4,0,0,12],"texture":"#0"}}},{"from":[13.59536,10.37768,7.2],"to":[18.39536,11.97768,8.8],"rotation":{"angle":0,"axis":"y","origin":[9.99536,11.17768,8.4]},"faces":{"north":{"uv":[4,0,0,12],"rotation":90,"texture":"#0"},"east":{"uv":[4,0,0,4],"rotation":270,"texture":"#0"},"south":{"uv":[4,0,0,12],"rotation":270,"texture":"#0"},"west":{"uv":[4,0,0,4],"rotation":270,"texture":"#0"},"up":{"uv":[4,0,0,12],"rotation":270,"texture":"#0"},"down":{"uv":[4,0,0,12],"rotation":270,"texture":"#0"}}},{"from":[15.19536,11.97768,5.6],"to":[16.79536,13.57518,10.4],"rotation":{"angle":0,"axis":"y","origin":[16.39536,12.37768,8]},"faces":{"north":{"uv":[4,0,0,4],"rotation":270,"texture":"#0"},"east":{"uv":[12,0,0,4],"texture":"#0"},"south":{"uv":[4,0,0,4],"rotation":90,"texture":"#0"},"west":{"uv":[12,0,0,4],"texture":"#0"},"up":{"uv":[4,0,0,12],"texture":"#0"},"down":{"uv":[4,0,0,12],"texture":"#0"}}},{"from":[13.59536,11.97768,7.2],"to":[18.39536,13.57768,8.8],"rotation":{"angle":0,"axis":"y","origin":[9.99536,12.77768,8.4]},"faces":{"north":{"uv":[4,0,0,12],"rotation":90,"texture":"#0"},"east":{"uv":[4,0,0,4],"rotation":270,"texture":"#0"},"south":{"uv":[4,0,0,12],"rotation":270,"texture":"#0"},"west":{"uv":[4,0,0,4],"rotation":270,"texture":"#0"},"up":{"uv":[4,0,0,12],"rotation":270,"texture":"#0"},"down":{"uv":[4,0,0,12],"rotation":270,"texture":"#0"}}},{"from":[13.69703,13.58602,7.2],"to":[16.79702,15.17602,8.8],"rotation":{"angle":0,"axis":"y","origin":[7.99703,17.17602,8.4]},"faces":{"north":{"uv":[4,0,0,8],"rotation":90,"texture":"#0"},"east":{"uv":[4,0,0,4],"rotation":270,"texture":"#0"},"south":{"uv":[4,0,0,8],"rotation":270,"texture":"#0"},"west":{"uv":[4,0,0,4],"rotation":270,"texture":"#0"},"up":{"uv":[4,0,0,8],"rotation":270,"texture":"#0"},"down":{"uv":[4,0,0,8],"rotation":270,"texture":"#0"}}},{"from":[13.81369,12.78602,7.3],"to":[16.71369,13.58602,8.7],"rotation":{"angle":0,"axis":"y","origin":[24.81369,19.02602,8.4]},"faces":{"north":{"uv":[8,2,0,4],"texture":"#0"},"east":{"uv":[4,2,0,4],"texture":"#0"},"south":{"uv":[8,2,0,4],"texture":"#0"},"west":{"uv":[4,2,0,4],"texture":"#0"},"up":{"uv":[8,2,0,4],"texture":"#0"},"down":{"uv":[8,2,0,4],"texture":"#0"}}},{"from":[13.59703,15.17602,7.2],"to":[15.19703,16.77602,8.8],"rotation":{"angle":0,"axis":"y","origin":[7.99703,17.17602,8.4]},"faces":{"north":{"uv":[4,0,0,4],"rotation":90,"texture":"#0"},"east":{"uv":[4,0,0,4],"rotation":270,"texture":"#0"},"south":{"uv":[4,0,0,4],"rotation":270,"texture":"#0"},"west":{"uv":[4,0,0,4],"rotation":270,"texture":"#0"},"up":{"uv":[4,0,0,4],"rotation":270,"texture":"#0"},"down":{"uv":[4,0,0,8],"rotation":270,"texture":"#0"}}},{"from":[13.59703,13.57602,5.6],"to":[15.19703,15.17602,10.4],"rotation":{"angle":0,"axis":"y","origin":[14.39703,16.77602,8]},"faces":{"north":{"uv":[4,0,0,4],"rotation":270,"texture":"#0"},"east":{"uv":[12,0,0,4],"texture":"#0"},"south":{"uv":[4,0,0,4],"rotation":90,"texture":"#0"},"west":{"uv":[12,0,0,4],"texture":"#0"},"up":{"uv":[12,0,0,4],"rotation":90,"texture":"#0"},"down":{"uv":[12,0,0,4],"rotation":90,"texture":"#0"}}},{"from":[11.99536,15.17768,5.6],"to":[13.59536,16.77768,10.4],"rotation":{"angle":0,"axis":"y","origin":[15.19536,15.97768,8]},"faces":{"north":{"uv":[4,0,0,4],"rotation":180,"texture":"#0"},"east":{"uv":[4,0,0,12],"rotation":90,"texture":"#0"},"south":{"uv":[4,0,0,4],"rotation":180,"texture":"#0"},"west":{"uv":[4,0,0,12],"rotation":90,"texture":"#0"},"up":{"uv":[12,0,0,4],"rotation":90,"texture":"#0"},"down":{"uv":[12,0,0,4],"rotation":90,"texture":"#0"}}},{"from":[11.99536,13.57768,7.2],"to":[13.58536,18.37768,8.8],"rotation":{"angle":0,"axis":"y","origin":[15.59536,22.37768,8.4]},"faces":{"north":{"uv":[4,0,0,12],"texture":"#0"},"east":{"uv":[4,0,0,12],"texture":"#0"},"south":{"uv":[4,0,0,12],"texture":"#0"},"west":{"uv":[4,0,0,12],"texture":"#0"},"up":{"uv":[4,0,0,4],"texture":"#0"},"down":{"uv":[4,0,0,4],"texture":"#0"}}},{"from":[10.39536,15.17768,5.6],"to":[11.99536,16.77768,10.4],"rotation":{"angle":0,"axis":"y","origin":[13.59536,15.97768,8]},"faces":{"north":{"uv":[4,0,0,4],"rotation":180,"texture":"#0"},"east":{"uv":[4,0,0,12],"rotation":90,"texture":"#0"},"south":{"uv":[4,0,0,4],"rotation":180,"texture":"#0"},"west":{"uv":[4,0,0,12],"rotation":90,"texture":"#0"},"up":{"uv":[12,0,0,4],"rotation":90,"texture":"#0"},"down":{"uv":[12,0,0,4],"rotation":90,"texture":"#0"}}},{"from":[10.39536,13.57768,7.2],"to":[11.99536,18.37768,8.8],"rotation":{"angle":0,"axis":"y","origin":[13.99536,22.37768,8.4]},"faces":{"north":{"uv":[4,0,0,12],"texture":"#0"},"east":{"uv":[4,0,0,12],"texture":"#0"},"south":{"uv":[4,0,0,12],"texture":"#0"},"west":{"uv":[4,0,0,12],"texture":"#0"},"up":{"uv":[4,0,0,4],"texture":"#0"},"down":{"uv":[4,0,0,4],"texture":"#0"}}},{"from":[8.79536,16.77768,5.6],"to":[10.39536,18.37768,10.4],"rotation":{"angle":0,"axis":"y","origin":[11.99536,17.57768,8]},"faces":{"north":{"uv":[4,0,0,4],"rotation":180,"texture":"#0"},"east":{"uv":[4,0,0,12],"rotation":90,"texture":"#0"},"south":{"uv":[4,0,0,4],"rotation":180,"texture":"#0"},"west":{"uv":[4,0,0,12],"rotation":90,"texture":"#0"},"up":{"uv":[12,0,0,4],"rotation":90,"texture":"#0"},"down":{"uv":[12,0,0,4],"rotation":90,"texture":"#0"}}},{"from":[8.79536,15.17768,7.2],"to":[10.39536,19.97768,8.8],"rotation":{"angle":0,"axis":"y","origin":[12.39536,23.97768,8.4]},"faces":{"north":{"uv":[4,0,0,12],"texture":"#0"},"east":{"uv":[4,0,0,12],"texture":"#0"},"south":{"uv":[4,0,0,12],"texture":"#0"},"west":{"uv":[4,0,0,12],"texture":"#0"},"up":{"uv":[4,0,0,4],"texture":"#0"},"down":{"uv":[4,0,0,4],"texture":"#0"}}},{"from":[7.19536,16.77768,5.6],"to":[8.79536,18.37768,10.4],"rotation":{"angle":0,"axis":"y","origin":[10.39536,17.57768,8]},"faces":{"north":{"uv":[4,0,0,4],"rotation":180,"texture":"#0"},"east":{"uv":[4,0,0,12],"rotation":90,"texture":"#0"},"south":{"uv":[4,0,0,4],"rotation":180,"texture":"#0"},"west":{"uv":[4,0,0,12],"rotation":90,"texture":"#0"},"up":{"uv":[12,0,0,4],"rotation":90,"texture":"#0"},"down":{"uv":[12,0,0,4],"rotation":90,"texture":"#0"}}},{"from":[7.19536,15.17768,7.2],"to":[8.79536,19.97768,8.8],"rotation":{"angle":0,"axis":"y","origin":[10.79536,23.97768,8.4]},"faces":{"north":{"uv":[4,0,0,12],"texture":"#0"},"east":{"uv":[4,0,0,12],"texture":"#0"},"south":{"uv":[4,0,0,12],"texture":"#0"},"west":{"uv":[4,0,0,12],"texture":"#0"},"up":{"uv":[4,0,0,4],"texture":"#0"},"down":{"uv":[4,0,0,4],"texture":"#0"}}},{"from":[5.59536,16.77768,5.6],"to":[7.19536,18.37768,10.4],"rotation":{"angle":0,"axis":"y","origin":[8.79536,17.57768,8]},"faces":{"north":{"uv":[4,0,0,4],"rotation":180,"texture":"#0"},"east":{"uv":[4,0,0,12],"rotation":90,"texture":"#0"},"south":{"uv":[4,0,0,4],"rotation":180,"texture":"#0"},"west":{"uv":[4,0,0,12],"rotation":90,"texture":"#0"},"up":{"uv":[12,0,0,4],"rotation":90,"texture":"#0"},"down":{"uv":[12,0,0,4],"rotation":90,"texture":"#0"}}},{"from":[5.59536,15.17768,7.2],"to":[7.19536,19.97768,8.8],"rotation":{"angle":0,"axis":"y","origin":[9.19536,23.97768,8.4]},"faces":{"north":{"uv":[4,0,0,12],"texture":"#0"},"east":{"uv":[4,0,0,12],"texture":"#0"},"south":{"uv":[4,0,0,12],"texture":"#0"},"west":{"uv":[4,0,0,12],"texture":"#0"},"up":{"uv":[4,0,0,4],"texture":"#0"},"down":{"uv":[4,0,0,4],"texture":"#0"}}},{"from":[3.99536,15.17768,5.6],"to":[5.59536,16.77768,10.4],"rotation":{"angle":0,"axis":"y","origin":[7.19536,15.97768,8]},"faces":{"north":{"uv":[4,0,0,4],"rotation":180,"texture":"#0"},"east":{"uv":[4,0,0,12],"rotation":90,"texture":"#0"},"south":{"uv":[4,0,0,4],"rotation":180,"texture":"#0"},"west":{"uv":[4,0,0,12],"rotation":90,"texture":"#0"},"up":{"uv":[12,0,0,4],"rotation":90,"texture":"#0"},"down":{"uv":[12,0,0,4],"rotation":90,"texture":"#0"}}},{"from":[3.99536,13.57768,7.2],"to":[5.59536,18.37768,8.8],"rotation":{"angle":0,"axis":"y","origin":[7.59536,22.37768,8.4]},"faces":{"north":{"uv":[4,0,0,12],"texture":"#0"},"east":{"uv":[4,0,0,12],"texture":"#0"},"south":{"uv":[4,0,0,12],"texture":"#0"},"west":{"uv":[4,0,0,12],"texture":"#0"},"up":{"uv":[4,0,0,4],"texture":"#0"},"down":{"uv":[4,0,0,4],"texture":"#0"}}},{"from":[2.39536,15.17768,5.6],"to":[3.99536,16.77768,10.4],"rotation":{"angle":0,"axis":"y","origin":[5.59536,15.97768,8]},"faces":{"north":{"uv":[4,0,0,4],"rotation":180,"texture":"#0"},"east":{"uv":[4,0,0,12],"rotation":90,"texture":"#0"},"south":{"uv":[4,0,0,4],"rotation":180,"texture":"#0"},"west":{"uv":[4,0,0,12],"rotation":90,"texture":"#0"},"up":{"uv":[12,0,0,4],"rotation":90,"texture":"#0"},"down":{"uv":[12,0,0,4],"rotation":90,"texture":"#0"}}},{"from":[2.40536,13.57768,7.2],"to":[3.99536,18.37768,8.8],"rotation":{"angle":0,"axis":"y","origin":[5.99536,22.37768,8.4]},"faces":{"north":{"uv":[4,0,0,12],"texture":"#0"},"east":{"uv":[4,0,0,12],"texture":"#0"},"south":{"uv":[4,0,0,12],"texture":"#0"},"west":{"uv":[4,0,0,12],"texture":"#0"},"up":{"uv":[4,0,0,4],"texture":"#0"},"down":{"uv":[4,0,0,4],"texture":"#0"}}},{"from":[0.70036,15.18268,7.2],"to":[2.30036,16.77268,8.8],"rotation":{"angle":0,"axis":"y","origin":[1.90036,15.17768,8]},"faces":{"north":{"uv":[4,0,0,4],"rotation":90,"texture":"#0"},"east":{"uv":[4,0,0,4],"rotation":270,"texture":"#0"},"south":{"uv":[4,0,0,4],"rotation":270,"texture":"#0"},"west":{"uv":[4,0,0,4],"rotation":270,"texture":"#0"},"up":{"uv":[4,0,0,4],"rotation":270,"texture":"#0"},"down":{"uv":[4,0,0,4],"rotation":270,"texture":"#0"}}},{"from":[-0.79964,13.58268,7.2],"to":[2.40036,15.17268,8.8],"rotation":{"angle":0,"axis":"y","origin":[0.40036,15.17768,8]},"faces":{"north":{"uv":[4,0,0,8],"rotation":90,"texture":"#0"},"east":{"uv":[4,0,0,4],"rotation":270,"texture":"#0"},"south":{"uv":[4,0,0,8],"rotation":270,"texture":"#0"},"west":{"uv":[4,0,0,4],"rotation":270,"texture":"#0"},"up":{"uv":[4,0,0,8],"rotation":270,"texture":"#0"},"down":{"uv":[4,0,0,8],"rotation":270,"texture":"#0"}}},{"from":[0.70286,13.58268,5.6],"to":[2.30036,15.18268,10.4],"rotation":{"angle":0,"axis":"y","origin":[1.90036,15.17768,8]},"faces":{"north":{"uv":[4,0,0,4],"rotation":270,"texture":"#0"},"east":{"uv":[4,0,0,12],"rotation":90,"texture":"#0"},"south":{"uv":[4,0,0,4],"rotation":90,"texture":"#0"},"west":{"uv":[4,0,0,12],"rotation":90,"texture":"#0"},"up":{"uv":[12,0,0,4],"rotation":90,"texture":"#0"},"down":{"uv":[12,0,0,4],"rotation":90,"texture":"#0"}}},{"from":[-2.40464,11.97768,7.2],"to":[2.39536,13.57768,8.8],"rotation":{"angle":0,"axis":"y","origin":[0.39505,13.37675,8]},"faces":{"north":{"uv":[4,0,0,12],"rotation":90,"texture":"#0"},"east":{"uv":[4,0,0,4],"rotation":270,"texture":"#0"},"south":{"uv":[4,0,0,12],"rotation":270,"texture":"#0"},"west":{"uv":[4,0,0,4],"rotation":270,"texture":"#0"},"up":{"uv":[4,0,0,12],"rotation":270,"texture":"#0"},"down":{"uv":[4,0,0,12],"rotation":270,"texture":"#0"}}},{"from":[-0.60527,13.57706,7.3],"to":[2.19473,14.37706,8.7],"rotation":{"angle":0,"axis":"y","origin":[0.39505,13.37675,8]},"faces":{"north":{"uv":[8,2,0,4],"texture":"#0"},"east":{"uv":[4,2,0,4],"texture":"#0"},"south":{"uv":[8,2,0,4],"texture":"#0"},"west":{"uv":[4,2,0,4],"texture":"#0"},"up":{"uv":[8,2,0,4],"texture":"#0"},"down":{"uv":[8,2,0,4],"texture":"#0"}}},{"from":[-0.80464,11.97768,5.6],"to":[0.79536,13.57518,10.4],"rotation":{"angle":0,"axis":"y","origin":[0.39505,13.37675,8]},"faces":{"north":{"uv":[4,0,0,4],"rotation":270,"texture":"#0"},"east":{"uv":[12,0,0,4],"texture":"#0"},"south":{"uv":[4,0,0,4],"rotation":90,"texture":"#0"},"west":{"uv":[12,0,0,4],"texture":"#0"},"up":{"uv":[4,0,0,12],"texture":"#0"},"down":{"uv":[4,0,0,12],"texture":"#0"}}},{"from":[-0.80464,10.38018,5.6],"to":[0.79536,11.97768,10.4],"rotation":{"angle":0,"axis":"y","origin":[-0.00464,11.17831,8]},"faces":{"north":{"uv":[4,0,0,4],"rotation":270,"texture":"#0"},"east":{"uv":[12,0,0,4],"texture":"#0"},"south":{"uv":[4,0,0,4],"rotation":90,"texture":"#0"},"west":{"uv":[12,0,0,4],"texture":"#0"},"up":{"uv":[4,0,0,12],"texture":"#0"},"down":{"uv":[4,0,0,12],"texture":"#0"}}},{"from":[-2.40464,10.37768,7.2],"to":[2.39536,11.97768,8.8],"rotation":{"angle":0,"axis":"y","origin":[-0.00464,11.17831,8]},"faces":{"north":{"uv":[4,0,0,12],"rotation":90,"texture":"#0"},"east":{"uv":[4,0,0,4],"rotation":270,"texture":"#0"},"south":{"uv":[4,0,0,12],"rotation":270,"texture":"#0"},"west":{"uv":[4,0,0,4],"rotation":270,"texture":"#0"},"up":{"uv":[4,0,0,12],"rotation":270,"texture":"#0"},"down":{"uv":[4,0,0,12],"rotation":270,"texture":"#0"}}},{"from":[-2.30527,10.37706,7.3],"to":[0.59473,11.17706,8.7],"rotation":{"angle":0,"axis":"y","origin":[-1.22995,10.17675,8]},"faces":{"north":{"uv":[2,0,0,8],"rotation":90,"texture":"#0"},"east":{"uv":[4,0,2,4],"rotation":270,"texture":"#0"},"south":{"uv":[4,0,2,8],"rotation":270,"texture":"#0"},"west":{"uv":[4,0,2,4],"rotation":270,"texture":"#0"},"up":{"uv":[2,0,0,8],"rotation":270,"texture":"#0"},"down":{"uv":[2,0,0,8],"rotation":270,"texture":"#0"}}},{"from":[-2.40464,8.77768,5.6],"to":[-0.80464,10.37518,10.4],"rotation":{"angle":0,"axis":"y","origin":[-1.22995,10.17675,8]},"faces":{"north":{"uv":[4,0,0,4],"rotation":270,"texture":"#0"},"east":{"uv":[12,0,0,4],"texture":"#0"},"south":{"uv":[4,0,0,4],"rotation":90,"texture":"#0"},"west":{"uv":[12,0,0,4],"texture":"#0"},"up":{"uv":[4,0,0,12],"texture":"#0"},"down":{"uv":[4,0,0,12],"texture":"#0"}}},{"from":[-4.00464,8.77768,7.2],"to":[0.79536,10.37768,8.8],"rotation":{"angle":0,"axis":"y","origin":[-1.22995,10.17675,8]},"faces":{"north":{"uv":[4,0,0,12],"rotation":90,"texture":"#0"},"east":{"uv":[4,0,0,4],"rotation":270,"texture":"#0"},"south":{"uv":[4,0,0,12],"rotation":270,"texture":"#0"},"west":{"uv":[4,0,0,4],"rotation":270,"texture":"#0"},"up":{"uv":[4,0,0,12],"rotation":270,"texture":"#0"},"down":{"uv":[4,0,0,12],"rotation":270,"texture":"#0"}}},{"from":[-2.40464,7.17768,5.6],"to":[-0.80464,8.77768,10.4],"rotation":{"angle":0,"axis":"y","origin":[-1.60464,7.97768,8]},"faces":{"north":{"uv":[4,0,0,4],"rotation":270,"texture":"#0"},"east":{"uv":[12,0,0,4],"texture":"#0"},"south":{"uv":[4,0,0,4],"rotation":90,"texture":"#0"},"west":{"uv":[12,0,0,4],"texture":"#0"},"up":{"uv":[4,0,0,12],"texture":"#0"},"down":{"uv":[4,0,0,12],"texture":"#0"}}},{"from":[-4.00464,7.17768,7.2],"to":[0.79536,8.77768,8.8],"rotation":{"angle":0,"axis":"y","origin":[-1.60464,7.97768,8]},"faces":{"north":{"uv":[4,0,0,12],"rotation":90,"texture":"#0"},"east":{"uv":[4,0,0,4],"rotation":270,"texture":"#0"},"south":{"uv":[4,0,0,12],"rotation":270,"texture":"#0"},"west":{"uv":[4,0,0,4],"rotation":270,"texture":"#0"},"up":{"uv":[4,0,0,12],"rotation":270,"texture":"#0"},"down":{"uv":[4,0,0,12],"rotation":270,"texture":"#0"}}},{"from":[-2.40464,5.58018,5.6],"to":[-0.80464,7.17768,10.4],"rotation":{"angle":0,"axis":"y","origin":[-1.60464,6.37831,8]},"faces":{"north":{"uv":[4,0,0,4],"rotation":270,"texture":"#0"},"east":{"uv":[12,0,0,4],"texture":"#0"},"south":{"uv":[4,0,0,4],"rotation":90,"texture":"#0"},"west":{"uv":[12,0,0,4],"texture":"#0"},"up":{"uv":[4,0,0,12],"texture":"#0"},"down":{"uv":[4,0,0,12],"texture":"#0"}}},{"from":[-4.00464,5.57768,7.2],"to":[0.79536,7.17768,8.8],"rotation":{"angle":0,"axis":"y","origin":[-1.60464,6.37831,8]},"faces":{"north":{"uv":[4,0,0,12],"rotation":90,"texture":"#0"},"east":{"uv":[4,0,0,4],"rotation":270,"texture":"#0"},"south":{"uv":[4,0,0,12],"rotation":270,"texture":"#0"},"west":{"uv":[4,0,0,4],"rotation":270,"texture":"#0"},"up":{"uv":[4,0,0,12],"rotation":270,"texture":"#0"},"down":{"uv":[4,0,0,12],"rotation":270,"texture":"#0"}}},{"from":[-2.20527,5.57706,7.3],"to":[0.69473,6.37706,8.7],"rotation":{"angle":0,"axis":"y","origin":[-0.37995,5.37675,8]},"faces":{"north":{"uv":[2,0,0,8],"rotation":90,"texture":"#0"},"east":{"uv":[4,0,2,4],"rotation":270,"texture":"#0"},"south":{"uv":[4,0,2,8],"rotation":270,"texture":"#0"},"west":{"uv":[4,0,2,4],"rotation":270,"texture":"#0"},"up":{"uv":[2,0,0,8],"rotation":270,"texture":"#0"},"down":{"uv":[2,0,0,8],"rotation":270,"texture":"#0"}}},{"from":[-0.80464,3.97768,5.6],"to":[0.79536,5.57518,10.4],"rotation":{"angle":0,"axis":"y","origin":[-0.37995,5.37675,8]},"faces":{"north":{"uv":[4,0,0,4],"rotation":270,"texture":"#0"},"east":{"uv":[12,0,0,4],"texture":"#0"},"south":{"uv":[4,0,0,4],"rotation":90,"texture":"#0"},"west":{"uv":[12,0,0,4],"texture":"#0"},"up":{"uv":[4,0,0,12],"texture":"#0"},"down":{"uv":[4,0,0,12],"texture":"#0"}}},{"from":[-2.40464,3.97768,7.2],"to":[2.39536,5.57768,8.8],"rotation":{"angle":0,"axis":"y","origin":[-0.37995,5.37675,8]},"faces":{"north":{"uv":[4,0,0,12],"rotation":90,"texture":"#0"},"east":{"uv":[4,0,0,4],"rotation":270,"texture":"#0"},"south":{"uv":[4,0,0,12],"rotation":270,"texture":"#0"},"west":{"uv":[4,0,0,4],"rotation":270,"texture":"#0"},"up":{"uv":[4,0,0,12],"rotation":270,"texture":"#0"},"down":{"uv":[4,0,0,12],"rotation":270,"texture":"#0"}}},{"from":[-0.80464,2.38018,5.6],"to":[0.79536,3.97768,10.4],"rotation":{"angle":0,"axis":"y","origin":[-0.00464,3.17831,8]},"faces":{"north":{"uv":[4,0,0,4],"rotation":270,"texture":"#0"},"east":{"uv":[12,0,0,4],"texture":"#0"},"south":{"uv":[4,0,0,4],"rotation":90,"texture":"#0"},"west":{"uv":[12,0,0,4],"texture":"#0"},"up":{"uv":[4,0,0,12],"texture":"#0"},"down":{"uv":[4,0,0,12],"texture":"#0"}}},{"from":[-2.40464,2.37768,7.2],"to":[2.39536,3.97768,8.8],"rotation":{"angle":0,"axis":"y","origin":[-0.00464,3.17831,8]},"faces":{"north":{"uv":[4,0,0,12],"rotation":90,"texture":"#0"},"east":{"uv":[4,0,0,4],"rotation":270,"texture":"#0"},"south":{"uv":[4,0,0,12],"rotation":270,"texture":"#0"},"west":{"uv":[4,0,0,4],"rotation":270,"texture":"#0"},"up":{"uv":[4,0,0,12],"rotation":270,"texture":"#0"},"down":{"uv":[4,0,0,12],"rotation":270,"texture":"#0"}}},{"from":[-0.70464,2.37768,7.3],"to":[2.19536,3.17768,8.7],"rotation":{"angle":0,"axis":"y","origin":[1.17036,1.37768,8]},"faces":{"north":{"uv":[8,2,0,4],"texture":"#0"},"east":{"uv":[4,2,0,4],"texture":"#0"},"south":{"uv":[8,2,0,4],"texture":"#0"},"west":{"uv":[4,2,0,4],"texture":"#0"},"up":{"uv":[8,2,0,4],"texture":"#0"},"down":{"uv":[8,2,0,4],"texture":"#0"}}},{"from":[-0.80464,0.77768,7.2],"to":[2.38536,2.37768,8.8],"rotation":{"angle":0,"axis":"y","origin":[1.17036,1.37768,8]},"faces":{"north":{"uv":[4,0,0,8],"rotation":270,"texture":"#0"},"east":{"uv":[4,0,0,4],"rotation":90,"texture":"#0"},"south":{"uv":[4,0,0,8],"rotation":90,"texture":"#0"},"west":{"uv":[4,0,0,4],"rotation":90,"texture":"#0"},"up":{"uv":[4,0,0,8],"rotation":90,"texture":"#0"},"down":{"uv":[4,0,0,8],"rotation":90,"texture":"#0"}}},{"from":[0.79536,-0.82232,7.2],"to":[2.39536,0.77768,8.8],"rotation":{"angle":0,"axis":"y","origin":[1.17036,1.37768,8]},"faces":{"north":{"uv":[4,0,0,4],"rotation":270,"texture":"#0"},"east":{"uv":[4,0,0,4],"rotation":90,"texture":"#0"},"south":{"uv":[4,0,0,4],"rotation":90,"texture":"#0"},"west":{"uv":[4,0,0,4],"rotation":90,"texture":"#0"},"up":{"uv":[4,0,0,4],"rotation":90,"texture":"#0"},"down":{"uv":[4,0,0,4],"rotation":90,"texture":"#0"}}},{"from":[0.79536,0.77768,5.6],"to":[2.39536,2.37768,10.4],"rotation":{"angle":0,"axis":"y","origin":[1.17036,1.37768,8]},"faces":{"north":{"uv":[4,0,0,4],"rotation":90,"texture":"#0"},"east":{"uv":[12,0,0,4],"rotation":180,"texture":"#0"},"south":{"uv":[4,0,0,4],"rotation":270,"texture":"#0"},"west":{"uv":[12,0,0,4],"rotation":180,"texture":"#0"},"up":{"uv":[12,0,0,4],"rotation":270,"texture":"#0"},"down":{"uv":[12,0,0,4],"rotation":270,"texture":"#0"}}},{"from":[2.40536,-0.82232,5.6],"to":[3.99536,0.77768,10.4],"rotation":{"angle":0,"axis":"y","origin":[5.59536,-0.02232,8]},"faces":{"north":{"uv":[4,0,0,4],"rotation":180,"texture":"#0"},"east":{"uv":[4,0,0,12],"rotation":90,"texture":"#0"},"south":{"uv":[4,0,0,4],"rotation":180,"texture":"#0"},"west":{"uv":[4,0,0,12],"rotation":90,"texture":"#0"},"up":{"uv":[12,0,0,4],"rotation":90,"texture":"#0"},"down":{"uv":[12,0,0,4],"rotation":90,"texture":"#0"}}},{"from":[2.39536,-2.42232,7.2],"to":[3.99536,2.37768,8.8],"rotation":{"angle":0,"axis":"y","origin":[5.99536,6.37768,8.4]},"faces":{"north":{"uv":[4,0,0,12],"texture":"#0"},"east":{"uv":[4,0,0,12],"texture":"#0"},"south":{"uv":[4,0,0,12],"texture":"#0"},"west":{"uv":[4,0,0,12],"texture":"#0"},"up":{"uv":[4,0,0,4],"texture":"#0"},"down":{"uv":[4,0,0,4],"texture":"#0"}}},{"from":[3.99536,-0.82232,5.6],"to":[5.59536,0.77768,10.4],"rotation":{"angle":0,"axis":"y","origin":[7.19536,-0.02232,8]},"faces":{"north":{"uv":[4,0,0,4],"rotation":180,"texture":"#0"},"east":{"uv":[4,0,0,12],"rotation":90,"texture":"#0"},"south":{"uv":[4,0,0,4],"rotation":180,"texture":"#0"},"west":{"uv":[4,0,0,12],"rotation":90,"texture":"#0"},"up":{"uv":[12,0,0,4],"rotation":90,"texture":"#0"},"down":{"uv":[12,0,0,4],"rotation":90,"texture":"#0"}}},{"from":[3.99536,-2.42232,7.2],"to":[5.59536,2.37768,8.8],"rotation":{"angle":0,"axis":"y","origin":[7.59536,6.37768,8.4]},"faces":{"north":{"uv":[4,0,0,12],"texture":"#0"},"east":{"uv":[4,0,0,12],"texture":"#0"},"south":{"uv":[4,0,0,12],"texture":"#0"},"west":{"uv":[4,0,0,12],"texture":"#0"},"up":{"uv":[4,0,0,4],"texture":"#0"},"down":{"uv":[4,0,0,4],"texture":"#0"}}}]}
