{"textures":{"0":"minecraft:block/polished_granite"},"display":{"head":{"rotation":[0,180,0]}},"elements":[{"from":[0.8,8,2],"to":[15.2,12.8,14],"faces":{"north":{"uv":[8,12,13,14],"texture":"#0"},"east":{"uv":[9,8,13,10],"texture":"#0"},"south":{"uv":[8,7,13,9],"texture":"#0"},"west":{"uv":[9,6,13,8],"texture":"#0"},"up":{"uv":[8,8,13,12],"texture":"#0"},"down":{"uv":[8,8,13,12],"texture":"#0"}}},{"from":[-4,12.8,0.8],"to":[20,27.2,15.2],"faces":{"north":{"uv":[3,2,11,7],"texture":"#0"},"east":{"uv":[4,7,9,12],"texture":"#0"},"south":{"uv":[3,5,11,10],"texture":"#0"},"west":{"uv":[5,7,10,12],"texture":"#0"},"up":{"uv":[4,8,12,13],"texture":"#0"},"down":{"uv":[3,4,11,9],"texture":"#0"}}},{"from":[10.4,27.2,1.4],"to":[17.6,29.6,14.6],"faces":{"north":{"uv":[9,3,12,4],"texture":"#0"},"east":{"uv":[4,3,9,4],"texture":"#0"},"south":{"uv":[6,4,9,5],"texture":"#0"},"west":{"uv":[5,1,10,2],"texture":"#0"},"up":{"uv":[3,4,6,9],"texture":"#0"},"down":{"uv":[3,4,6,9],"texture":"#0"}}},{"from":[-1.6,27.2,1.4],"to":[5.6,29.6,14.6],"faces":{"north":{"uv":[4,6,7,7],"texture":"#0"},"east":{"uv":[4,5,9,6],"texture":"#0"},"south":{"uv":[3,6,6,7],"texture":"#0"},"west":{"uv":[8,7,13,8],"texture":"#0"},"up":{"uv":[7,2,10,8],"texture":"#0"},"down":{"uv":[7,2,10,8],"texture":"#0"}}}]}
