{"textures":{"0":"minecraft:block/polished_granite","1":"minecraft:block/coal_block"},"display":{"head":{"rotation":[0,180,0]}},"elements":[{"from":[9.38526,30.42584,-2.23202],"to":[15.68189,32,18.23202],"rotation":{"angle":0,"axis":"y","origin":[3.87571,-21.12782,8]},"faces":{"north":{"uv":[8,0,0,2],"texture":"#0"},"east":{"uv":[16,0,0,2],"texture":"#0"},"south":{"uv":[8,0,0,2],"texture":"#0"},"west":{"uv":[16,0,0,2],"texture":"#0"},"up":{"uv":[8,0,0,16],"texture":"#0"},"down":{"uv":[8,0,0,16],"texture":"#0"}}},{"from":[9.38526,22.55505,-2.23202],"to":[10.95942,30.42584,18.23202],"rotation":{"angle":0,"axis":"y","origin":[3.87571,-21.12782,8]},"faces":{"north":{"uv":[2,0,0,4],"texture":"#0"},"east":{"uv":[16,0,0,4],"texture":"#0"},"south":{"uv":[0,0,2,4],"texture":"#0"},"west":{"uv":[16,0,0,4],"texture":"#0"},"up":{"uv":[2,0,0,16],"texture":"#0"},"down":{"uv":[2,0,0,16],"texture":"#0"}}},{"from":[14.10773,27.27753,-2.23202],"to":[15.68189,30.42584,18.23202],"rotation":{"angle":0,"axis":"y","origin":[3.87571,-21.12782,8]},"faces":{"north":{"uv":[2,0,0,4],"texture":"#0"},"east":{"uv":[16,0,0,4],"texture":"#0"},"south":{"uv":[2,0,0,4],"texture":"#0"},"west":{"uv":[16,0,0,4],"texture":"#0"},"up":{"uv":[2,0,0,16],"texture":"#0"},"down":{"uv":[2,0,0,16],"texture":"#0"}}},{"from":[12.53357,22.55505,-2.23202],"to":[14.10773,27.27753,18.23202],"rotation":{"angle":0,"axis":"y","origin":[3.87571,-21.12782,8]},"faces":{"north":{"uv":[2,0,0,4],"texture":"#0"},"east":{"uv":[16,0,0,4],"texture":"#0"},"south":{"uv":[2,0,0,4],"texture":"#0"},"west":{"uv":[16,0,0,4],"texture":"#0"},"up":{"uv":[2,0,0,16],"texture":"#0"},"down":{"uv":[2,0,0,16],"texture":"#0"}}},{"from":[10.95942,27.27753,-2.00902],"to":[14.10773,30.42584,18.06149],"rotation":{"angle":0,"axis":"y","origin":[3.87571,-21.12782,7.82947]},"faces":{"north":{"uv":[4,0,0,4],"texture":"#1"},"east":{"uv":[16,0,0,4],"texture":"#1"},"south":{"uv":[4,0,0,4],"texture":"#1"},"west":{"uv":[16,0,0,4],"texture":"#1"},"up":{"uv":[4,0,0,16],"texture":"#1"},"down":{"uv":[4,0,0,16],"texture":"#1"}}},{"from":[10.95942,22.55505,-2.00902],"to":[12.53357,27.27753,18.06149],"rotation":{"angle":0,"axis":"y","origin":[3.87571,-21.12782,7.82947]},"faces":{"north":{"uv":[2,0,0,4],"texture":"#1"},"east":{"uv":[16,0,0,4],"texture":"#1"},"south":{"uv":[2,0,0,4],"texture":"#1"},"west":{"uv":[16,0,0,4],"texture":"#1"},"up":{"uv":[2,0,0,16],"texture":"#1"},"down":{"uv":[2,0,0,16],"texture":"#1"}}}]}
