{"textures":{"0":"omega-flowey:custom/attacks/finger-gun-laser"},"display":{"head":{"rotation":[0,180,0]}},"elements":[{"from":[7.994,8.024,-4.0264],"to":[8.006,8.024,19.9736],"rotation":{"angle":0,"axis":"y","origin":[8,8,8]},"faces":{"north":{"uv":[0,0,0.5,0],"texture":"#0"},"east":{"uv":[0,0,9.55,0],"texture":"#0"},"south":{"uv":[0,0,0.5,0],"texture":"#0"},"west":{"uv":[0,0,9.55,0],"texture":"#0"},"up":{"uv":[0,0,9.55,0.5],"rotation":90,"texture":"#0"},"down":{"uv":[0,0,9.55,0.5],"rotation":270,"texture":"#0"}}}]}
