{
	"textures": {
		"0": "minecraft:block/polished_granite",
		"1": "minecraft:block/coal_block"
	},
	"display": {
		"head": {
			"rotation": [0, 180, 0]
		}
	},
	"elements": [
		{
			"from": [0.31811, 30.42584, -2.23202],
			"to": [6.61474, 32, 18.23202],
			"rotation": {
				"angle": 0,
				"axis": "y",
				"origin": [12.12429, -21.12782, 8]
			},
			"faces": {
				"north": {
					"uv": [0, 0, 8, 2],
					"texture": "#0"
				},
				"east": {
					"uv": [0, 0, 16, 2],
					"texture": "#0"
				},
				"south": {
					"uv": [0, 0, 8, 2],
					"texture": "#0"
				},
				"west": {
					"uv": [0, 0, 16, 2],
					"texture": "#0"
				},
				"up": {
					"uv": [0, 0, 8, 16],
					"texture": "#0"
				},
				"down": {
					"uv": [0, 0, 8, 16],
					"texture": "#0"
				}
			}
		},
		{
			"from": [5.04058, 22.55505, -2.23202],
			"to": [6.61474, 30.42584, 18.23202],
			"rotation": {
				"angle": 0,
				"axis": "y",
				"origin": [12.12429, -21.12782, 8]
			},
			"faces": {
				"north": {
					"uv": [0, 0, 2, 4],
					"texture": "#0"
				},
				"east": {
					"uv": [0, 0, 16, 4],
					"texture": "#0"
				},
				"south": {
					"uv": [0, 4, 2, 9],
					"texture": "#0"
				},
				"west": {
					"uv": [0, 0, 16, 4],
					"texture": "#0"
				},
				"up": {
					"uv": [0, 0, 2, 16],
					"texture": "#0"
				},
				"down": {
					"uv": [0, 0, 2, 16],
					"texture": "#0"
				}
			}
		},
		{
			"from": [0.31811, 27.27753, -2.23202],
			"to": [1.89227, 30.42584, 18.23202],
			"rotation": {
				"angle": 0,
				"axis": "y",
				"origin": [12.12429, -21.12782, 8]
			},
			"faces": {
				"north": {
					"uv": [0, 0, 2, 4],
					"texture": "#0"
				},
				"east": {
					"uv": [0, 0, 16, 4],
					"texture": "#0"
				},
				"south": {
					"uv": [0, 0, 2, 4],
					"texture": "#0"
				},
				"west": {
					"uv": [0, 0, 16, 4],
					"texture": "#0"
				},
				"up": {
					"uv": [0, 0, 2, 16],
					"texture": "#0"
				},
				"down": {
					"uv": [0, 0, 2, 16],
					"texture": "#0"
				}
			}
		},
		{
			"from": [1.89227, 22.55505, -2.23202],
			"to": [3.46643, 27.27753, 18.23202],
			"rotation": {
				"angle": 0,
				"axis": "y",
				"origin": [12.12429, -21.12782, 8]
			},
			"faces": {
				"north": {
					"uv": [0, 0, 2, 4],
					"texture": "#0"
				},
				"east": {
					"uv": [0, 0, 16, 4],
					"texture": "#0"
				},
				"south": {
					"uv": [0, 0, 2, 4],
					"texture": "#0"
				},
				"west": {
					"uv": [0, 0, 16, 4],
					"texture": "#0"
				},
				"up": {
					"uv": [0, 0, 2, 16],
					"texture": "#0"
				},
				"down": {
					"uv": [0, 0, 2, 16],
					"texture": "#0"
				}
			}
		},
		{
			"from": [1.89227, 27.27753, -1.83848],
			"to": [5.04058, 30.42584, 18.23202],
			"rotation": {
				"angle": 0,
				"axis": "y",
				"origin": [12.12429, -21.12782, 8]
			},
			"faces": {
				"north": {
					"uv": [0, 0, 4, 4],
					"texture": "#1"
				},
				"east": {
					"uv": [0, 0, 16, 4],
					"texture": "#1"
				},
				"south": {
					"uv": [0, 0, 4, 4],
					"texture": "#1"
				},
				"west": {
					"uv": [0, 0, 16, 4],
					"texture": "#1"
				},
				"up": {
					"uv": [0, 0, 4, 16],
					"texture": "#1"
				},
				"down": {
					"uv": [0, 0, 4, 16],
					"texture": "#1"
				}
			}
		},
		{
			"from": [3.46643, 22.55505, -1.83848],
			"to": [5.04058, 27.27753, 18.23202],
			"rotation": {
				"angle": 0,
				"axis": "y",
				"origin": [12.12429, -21.12782, 8]
			},
			"faces": {
				"north": {
					"uv": [0, 0, 2, 4],
					"texture": "#1"
				},
				"east": {
					"uv": [0, 0, 16, 4],
					"texture": "#1"
				},
				"south": {
					"uv": [0, 0, 2, 4],
					"texture": "#1"
				},
				"west": {
					"uv": [0, 0, 16, 4],
					"texture": "#1"
				},
				"up": {
					"uv": [0, 0, 2, 16],
					"texture": "#1"
				},
				"down": {
					"uv": [0, 0, 2, 16],
					"texture": "#1"
				}
			}
		}
	]
}
