{
	"textures": {
		"0": "omega-flowey:custom/black",
		"1": "omega-flowey:custom/soul/healing_item_green"
	},
	"display": {
		"head": {
			"rotation": [0, 180, 0]
		}
	},
	"elements": [
		{
			"from": [4.72464, 7, 0.16667],
			"to": [6.72464, 9, 4.16667],
			"rotation": {
				"angle": 0,
				"axis": "y",
				"origin": [5.72464, 7, 13.16667]
			},
			"faces": {
				"north": {
					"uv": [0, 0, 2, 2],
					"texture": "#1"
				},
				"east": {
					"uv": [0, 0, 4, 2],
					"texture": "#1"
				},
				"south": {
					"uv": [0, 0, 2, 2],
					"texture": "#1"
				},
				"west": {
					"uv": [0, 0, 4, 2],
					"texture": "#1"
				},
				"up": {
					"uv": [0, 0, 2, 4],
					"texture": "#1"
				},
				"down": {
					"uv": [0, 0, 2, 4],
					"texture": "#1"
				}
			}
		},
		{
			"from": [4.22464, 7, 0.66667],
			"to": [4.72464, 9, 3.66667],
			"rotation": {
				"angle": 0,
				"axis": "y",
				"origin": [3.72464, 7, 13.16667]
			},
			"faces": {
				"north": {
					"uv": [0, 0, 0.5, 2],
					"texture": "#1"
				},
				"east": {
					"uv": [0, 0, 3, 2],
					"texture": "#1"
				},
				"south": {
					"uv": [0, 0, 0.5, 2],
					"texture": "#1"
				},
				"west": {
					"uv": [0, 0, 3, 2],
					"texture": "#1"
				},
				"up": {
					"uv": [0, 0, 0.5, 3],
					"texture": "#1"
				},
				"down": {
					"uv": [0, 0, 0.5, 3],
					"texture": "#1"
				}
			}
		},
		{
			"from": [6.72464, 7, 0.16667],
			"to": [7.22464, 9, 3.66667],
			"rotation": {
				"angle": 0,
				"axis": "y",
				"origin": [6.22464, 7, 13.16667]
			},
			"faces": {
				"north": {
					"uv": [0, 0, 0.5, 2],
					"texture": "#1"
				},
				"east": {
					"uv": [0, 0, 3.5, 2],
					"texture": "#1"
				},
				"south": {
					"uv": [0, 0, 0.5, 2],
					"texture": "#1"
				},
				"west": {
					"uv": [0, 0, 3.5, 2],
					"texture": "#1"
				},
				"up": {
					"uv": [0, 0, 0.5, 3.5],
					"texture": "#1"
				},
				"down": {
					"uv": [0, 0, 0.5, 3.5],
					"texture": "#1"
				}
			}
		},
		{
			"from": [7.22464, 7, 0.66667],
			"to": [7.72464, 9, 3.16667],
			"rotation": {
				"angle": 0,
				"axis": "y",
				"origin": [6.72464, 7, 13.16667]
			},
			"faces": {
				"north": {
					"uv": [0, 0, 0.5, 2],
					"texture": "#1"
				},
				"east": {
					"uv": [0, 0, 2.5, 2],
					"texture": "#1"
				},
				"south": {
					"uv": [0, 0, 0.5, 2],
					"texture": "#1"
				},
				"west": {
					"uv": [0, 0, 2.5, 2],
					"texture": "#1"
				},
				"up": {
					"uv": [0, 0, 0.5, 2.5],
					"texture": "#1"
				},
				"down": {
					"uv": [0, 0, 0.5, 2.5],
					"texture": "#1"
				}
			}
		},
		{
			"from": [9.72464, 7, 0.16667],
			"to": [11.22464, 9, 4.16667],
			"rotation": {
				"angle": 0,
				"axis": "y",
				"origin": [10.72464, 7, 13.16667]
			},
			"faces": {
				"north": {
					"uv": [0, 0, 1.5, 2],
					"texture": "#1"
				},
				"east": {
					"uv": [0, 0, 4, 2],
					"texture": "#1"
				},
				"south": {
					"uv": [0, 0, 1.5, 2],
					"texture": "#1"
				},
				"west": {
					"uv": [0, 0, 4, 2],
					"texture": "#1"
				},
				"up": {
					"uv": [0, 0, 1.5, 4],
					"texture": "#1"
				},
				"down": {
					"uv": [0, 0, 1.5, 4],
					"texture": "#1"
				}
			}
		},
		{
			"from": [9.22464, 7, 4.66667],
			"to": [11.22464, 9, 8.16667],
			"rotation": {
				"angle": 0,
				"axis": "y",
				"origin": [10.72464, 7, 17.66667]
			},
			"faces": {
				"north": {
					"uv": [0, 0, 2, 2],
					"texture": "#1"
				},
				"east": {
					"uv": [0, 0, 3.5, 2],
					"texture": "#1"
				},
				"south": {
					"uv": [0, 0, 2, 2],
					"texture": "#1"
				},
				"west": {
					"uv": [0, 0, 3.5, 2],
					"texture": "#1"
				},
				"up": {
					"uv": [0, 0, 2, 3.5],
					"texture": "#1"
				},
				"down": {
					"uv": [0, 0, 2, 3.5],
					"texture": "#1"
				}
			}
		},
		{
			"from": [4.22464, 7, 4.66667],
			"to": [6.72464, 9, 8.16667],
			"rotation": {
				"angle": 0,
				"axis": "y",
				"origin": [6.22464, 7, 17.66667]
			},
			"faces": {
				"north": {
					"uv": [0, 0, 2.5, 2],
					"texture": "#1"
				},
				"east": {
					"uv": [0, 0, 3.5, 2],
					"texture": "#1"
				},
				"south": {
					"uv": [0, 0, 2.5, 2],
					"texture": "#1"
				},
				"west": {
					"uv": [0, 0, 3.5, 2],
					"texture": "#1"
				},
				"up": {
					"uv": [0, 0, 2.5, 3.5],
					"texture": "#1"
				},
				"down": {
					"uv": [0, 0, 2.5, 3.5],
					"texture": "#1"
				}
			}
		},
		{
			"from": [7.22464, 7, 3.66667],
			"to": [8.72464, 9, 5.16667],
			"rotation": {
				"angle": 0,
				"axis": "y",
				"origin": [6.72464, 7, 15.66667]
			},
			"faces": {
				"north": {
					"uv": [0, 0, 1.5, 2],
					"texture": "#1"
				},
				"east": {
					"uv": [0, 0, 1.5, 2],
					"texture": "#1"
				},
				"south": {
					"uv": [0, 0, 1.5, 2],
					"texture": "#1"
				},
				"west": {
					"uv": [0, 0, 1.5, 2],
					"texture": "#1"
				},
				"up": {
					"uv": [0, 0, 1.5, 1.5],
					"texture": "#1"
				},
				"down": {
					"uv": [0, 0, 1.5, 1.5],
					"texture": "#1"
				}
			}
		},
		{
			"from": [8.22464, 7, 9.16667],
			"to": [8.72464, 9, 11.66667],
			"rotation": {
				"angle": 0,
				"axis": "y",
				"origin": [6.72464, 7, 21.16667]
			},
			"faces": {
				"north": {
					"uv": [0, 0, 0.5, 2],
					"texture": "#1"
				},
				"east": {
					"uv": [0, 0, 2.5, 2],
					"texture": "#1"
				},
				"south": {
					"uv": [0, 0, 0.5, 2],
					"texture": "#1"
				},
				"west": {
					"uv": [0, 0, 2.5, 2],
					"texture": "#1"
				},
				"up": {
					"uv": [0, 0, 0.5, 2.5],
					"texture": "#1"
				},
				"down": {
					"uv": [0, 0, 0.5, 2.5],
					"texture": "#1"
				}
			}
		},
		{
			"from": [6.72464, 7, 13.16667],
			"to": [7.22464, 9, 16.66667],
			"rotation": {
				"angle": 0,
				"axis": "y",
				"origin": [5.22464, 7, 25.16667]
			},
			"faces": {
				"north": {
					"uv": [0, 0, 0.5, 2],
					"texture": "#1"
				},
				"east": {
					"uv": [0, 0, 3.5, 2],
					"texture": "#1"
				},
				"south": {
					"uv": [0, 0, 0.5, 2],
					"texture": "#1"
				},
				"west": {
					"uv": [0, 0, 3.5, 2],
					"texture": "#1"
				},
				"up": {
					"uv": [0, 0, 0.5, 3.5],
					"texture": "#1"
				},
				"down": {
					"uv": [0, 0, 0.5, 3.5],
					"texture": "#1"
				}
			}
		},
		{
			"from": [7.72464, 7, 15.66667],
			"to": [8.22464, 9, 20.66667],
			"rotation": {
				"angle": 0,
				"axis": "y",
				"origin": [6.22464, 7, 27.66667]
			},
			"faces": {
				"north": {
					"uv": [0, 0, 0.5, 2],
					"texture": "#1"
				},
				"east": {
					"uv": [0, 0, 5, 2],
					"texture": "#1"
				},
				"south": {
					"uv": [0, 0, 0.5, 2],
					"texture": "#1"
				},
				"west": {
					"uv": [0, 0, 5, 2],
					"texture": "#1"
				},
				"up": {
					"uv": [0, 0, 0.5, 5],
					"texture": "#1"
				},
				"down": {
					"uv": [0, 0, 0.5, 5],
					"texture": "#1"
				}
			}
		},
		{
			"from": [8.22464, 7, 18.16667],
			"to": [8.72464, 9, 21.66667],
			"rotation": {
				"angle": 0,
				"axis": "y",
				"origin": [6.72464, 7, 28.66667]
			},
			"faces": {
				"north": {
					"uv": [0, 0, 0.5, 2],
					"texture": "#1"
				},
				"east": {
					"uv": [0, 0, 3.5, 2],
					"texture": "#1"
				},
				"south": {
					"uv": [0, 0, 0.5, 2],
					"texture": "#1"
				},
				"west": {
					"uv": [0, 0, 3.5, 2],
					"texture": "#1"
				},
				"up": {
					"uv": [0, 0, 0.5, 3.5],
					"texture": "#1"
				},
				"down": {
					"uv": [0, 0, 0.5, 3.5],
					"texture": "#1"
				}
			}
		},
		{
			"from": [8.72464, 7, 20.66667],
			"to": [9.22464, 9, 21.66667],
			"rotation": {
				"angle": 0,
				"axis": "y",
				"origin": [7.22464, 7, 28.66667]
			},
			"faces": {
				"north": {
					"uv": [0, 0, 0.5, 2],
					"texture": "#1"
				},
				"east": {
					"uv": [0, 0, 1, 2],
					"texture": "#1"
				},
				"south": {
					"uv": [0, 0, 0.5, 2],
					"texture": "#1"
				},
				"west": {
					"uv": [0, 0, 1, 2],
					"texture": "#1"
				},
				"up": {
					"uv": [0, 0, 0.5, 1],
					"texture": "#1"
				},
				"down": {
					"uv": [0, 0, 0.5, 1],
					"texture": "#1"
				}
			}
		},
		{
			"from": [9.22464, 7.5, 20.66667],
			"to": [9.72464, 8.5, 21.66667],
			"rotation": {
				"angle": 0,
				"axis": "y",
				"origin": [7.22464, 6.5, 28.66667]
			},
			"faces": {
				"north": {
					"uv": [0, 0, 0.5, 1],
					"texture": "#0"
				},
				"east": {
					"uv": [0, 0, 1, 1],
					"texture": "#0"
				},
				"south": {
					"uv": [0, 0, 0.5, 1],
					"texture": "#0"
				},
				"west": {
					"uv": [0, 0, 1, 1],
					"texture": "#0"
				},
				"up": {
					"uv": [0, 0, 0.5, 1],
					"texture": "#0"
				},
				"down": {
					"uv": [0, 0, 0.5, 1],
					"texture": "#0"
				}
			}
		},
		{
			"from": [7.72464, 7.5, 20.66667],
			"to": [8.22464, 8.5, 21.66667],
			"rotation": {
				"angle": 0,
				"axis": "y",
				"origin": [5.72464, 6.5, 28.66667]
			},
			"faces": {
				"north": {
					"uv": [0, 0, 0.5, 1],
					"texture": "#0"
				},
				"east": {
					"uv": [0, 0, 1, 1],
					"texture": "#0"
				},
				"south": {
					"uv": [0, 0, 0.5, 1],
					"texture": "#0"
				},
				"west": {
					"uv": [0, 0, 1, 1],
					"texture": "#0"
				},
				"up": {
					"uv": [0, 0, 0.5, 1],
					"texture": "#0"
				},
				"down": {
					"uv": [0, 0, 0.5, 1],
					"texture": "#0"
				}
			}
		},
		{
			"from": [8.72464, 7.5, 18.16667],
			"to": [9.22464, 8.5, 20.66667],
			"rotation": {
				"angle": 0,
				"axis": "y",
				"origin": [6.72464, 6.5, 27.66667]
			},
			"faces": {
				"north": {
					"uv": [0, 0, 0.5, 1],
					"texture": "#0"
				},
				"east": {
					"uv": [0, 0, 2.5, 1],
					"texture": "#0"
				},
				"south": {
					"uv": [0, 0, 0.5, 1],
					"texture": "#0"
				},
				"west": {
					"uv": [0, 0, 2.5, 1],
					"texture": "#0"
				},
				"up": {
					"uv": [0, 0, 0.5, 2.5],
					"texture": "#0"
				},
				"down": {
					"uv": [0, 0, 0.5, 2.5],
					"texture": "#0"
				}
			}
		},
		{
			"from": [7.22464, 7.5, 19.16667],
			"to": [7.72464, 8.5, 20.66667],
			"rotation": {
				"angle": 0,
				"axis": "y",
				"origin": [5.22464, 6.5, 27.66667]
			},
			"faces": {
				"north": {
					"uv": [0, 0, 0.5, 1],
					"texture": "#0"
				},
				"east": {
					"uv": [0, 0, 1.5, 1],
					"texture": "#0"
				},
				"south": {
					"uv": [0, 0, 0.5, 1],
					"texture": "#0"
				},
				"west": {
					"uv": [0, 0, 1.5, 1],
					"texture": "#0"
				},
				"up": {
					"uv": [0, 0, 0.5, 1.5],
					"texture": "#0"
				},
				"down": {
					"uv": [0, 0, 0.5, 1.5],
					"texture": "#0"
				}
			}
		},
		{
			"from": [8.22464, 7.5, 15.66667],
			"to": [8.72464, 8.5, 18.16667],
			"rotation": {
				"angle": 0,
				"axis": "y",
				"origin": [6.22464, 6.5, 25.16667]
			},
			"faces": {
				"north": {
					"uv": [0, 0, 0.5, 1],
					"texture": "#0"
				},
				"east": {
					"uv": [0, 0, 2.5, 1],
					"texture": "#0"
				},
				"south": {
					"uv": [0, 0, 0.5, 1],
					"texture": "#0"
				},
				"west": {
					"uv": [0, 0, 2.5, 1],
					"texture": "#0"
				},
				"up": {
					"uv": [0, 0, 0.5, 2.5],
					"texture": "#0"
				},
				"down": {
					"uv": [0, 0, 0.5, 2.5],
					"texture": "#0"
				}
			}
		},
		{
			"from": [6.72464, 7.5, 16.66667],
			"to": [7.22464, 8.5, 19.16667],
			"rotation": {
				"angle": 0,
				"axis": "y",
				"origin": [4.72464, 6.5, 26.16667]
			},
			"faces": {
				"north": {
					"uv": [0, 0, 0.5, 1],
					"texture": "#0"
				},
				"east": {
					"uv": [0, 0, 2.5, 1],
					"texture": "#0"
				},
				"south": {
					"uv": [0, 0, 0.5, 1],
					"texture": "#0"
				},
				"west": {
					"uv": [0, 0, 2.5, 1],
					"texture": "#0"
				},
				"up": {
					"uv": [0, 0, 0.5, 2.5],
					"texture": "#0"
				},
				"down": {
					"uv": [0, 0, 0.5, 2.5],
					"texture": "#0"
				}
			}
		},
		{
			"from": [8.22464, 7.5, 11.66667],
			"to": [8.72464, 8.5, 14.16667],
			"rotation": {
				"angle": 0,
				"axis": "y",
				"origin": [6.22464, 6.5, 21.16667]
			},
			"faces": {
				"north": {
					"uv": [0, 0, 0.5, 1],
					"texture": "#0"
				},
				"east": {
					"uv": [0, 0, 2.5, 1],
					"texture": "#0"
				},
				"south": {
					"uv": [0, 0, 0.5, 1],
					"texture": "#0"
				},
				"west": {
					"uv": [0, 0, 2.5, 1],
					"texture": "#0"
				},
				"up": {
					"uv": [0, 0, 0.5, 2.5],
					"texture": "#0"
				},
				"down": {
					"uv": [0, 0, 0.5, 2.5],
					"texture": "#0"
				}
			}
		},
		{
			"from": [6.72464, 7.5, 11.66667],
			"to": [7.22464, 8.5, 13.16667],
			"rotation": {
				"angle": 0,
				"axis": "y",
				"origin": [4.72464, 6.5, 20.16667]
			},
			"faces": {
				"north": {
					"uv": [0, 0, 0.5, 1],
					"texture": "#0"
				},
				"east": {
					"uv": [0, 0, 1.5, 1],
					"texture": "#0"
				},
				"south": {
					"uv": [0, 0, 0.5, 1],
					"texture": "#0"
				},
				"west": {
					"uv": [0, 0, 1.5, 1],
					"texture": "#0"
				},
				"up": {
					"uv": [0, 0, 0.5, 1.5],
					"texture": "#0"
				},
				"down": {
					"uv": [0, 0, 0.5, 1.5],
					"texture": "#0"
				}
			}
		},
		{
			"from": [6.22464, 7.5, 13.16667],
			"to": [6.72464, 8.5, 16.66667],
			"rotation": {
				"angle": 0,
				"axis": "y",
				"origin": [4.22464, 6.5, 21.66667]
			},
			"faces": {
				"north": {
					"uv": [0, 0, 0.5, 1],
					"texture": "#0"
				},
				"east": {
					"uv": [0, 0, 3.5, 1],
					"texture": "#0"
				},
				"south": {
					"uv": [0, 0, 0.5, 1],
					"texture": "#0"
				},
				"west": {
					"uv": [0, 0, 3.5, 1],
					"texture": "#0"
				},
				"up": {
					"uv": [0, 0, 0.5, 3.5],
					"texture": "#0"
				},
				"down": {
					"uv": [0, 0, 0.5, 3.5],
					"texture": "#0"
				}
			}
		},
		{
			"from": [8.72464, 7.5, 8.16667],
			"to": [9.22464, 8.5, 11.66667],
			"rotation": {
				"angle": 0,
				"axis": "y",
				"origin": [6.72464, 6.5, 18.66667]
			},
			"faces": {
				"north": {
					"uv": [0, 0, 0.5, 1],
					"texture": "#0"
				},
				"east": {
					"uv": [0, 0, 3.5, 1],
					"texture": "#0"
				},
				"south": {
					"uv": [0, 0, 0.5, 1],
					"texture": "#0"
				},
				"west": {
					"uv": [0, 0, 3.5, 1],
					"texture": "#0"
				},
				"up": {
					"uv": [0, 0, 0.5, 3.5],
					"texture": "#0"
				},
				"down": {
					"uv": [0, 0, 0.5, 3.5],
					"texture": "#0"
				}
			}
		},
		{
			"from": [11.72464, 7.5, 5.16667],
			"to": [12.22464, 8.5, 7.16667],
			"rotation": {
				"angle": 0,
				"axis": "y",
				"origin": [9.72464, 6.5, 15.66667]
			},
			"faces": {
				"north": {
					"uv": [0, 0, 0.5, 1],
					"texture": "#0"
				},
				"east": {
					"uv": [0, 0, 2, 1],
					"texture": "#0"
				},
				"south": {
					"uv": [0, 0, 0.5, 1],
					"texture": "#0"
				},
				"west": {
					"uv": [0, 0, 2, 1],
					"texture": "#0"
				},
				"up": {
					"uv": [0, 0, 0.5, 2],
					"texture": "#0"
				},
				"down": {
					"uv": [0, 0, 0.5, 2],
					"texture": "#0"
				}
			}
		},
		{
			"from": [11.22464, 7.5, 7.16667],
			"to": [11.72464, 8.5, 8.16667],
			"rotation": {
				"angle": 0,
				"axis": "y",
				"origin": [9.22464, 6.5, 17.66667]
			},
			"faces": {
				"north": {
					"uv": [0, 0, 0.5, 1],
					"texture": "#0"
				},
				"east": {
					"uv": [0, 0, 1, 1],
					"texture": "#0"
				},
				"south": {
					"uv": [0, 0, 0.5, 1],
					"texture": "#0"
				},
				"west": {
					"uv": [0, 0, 1, 1],
					"texture": "#0"
				},
				"up": {
					"uv": [0, 0, 0.5, 1],
					"texture": "#0"
				},
				"down": {
					"uv": [0, 0, 0.5, 1],
					"texture": "#0"
				}
			}
		},
		{
			"from": [10.22464, 7.5, 8.16667],
			"to": [11.22464, 8.5, 8.66667],
			"rotation": {
				"angle": 0,
				"axis": "y",
				"origin": [8.72464, 6.5, 18.66667]
			},
			"faces": {
				"north": {
					"uv": [0, 0, 1, 1],
					"texture": "#0"
				},
				"east": {
					"uv": [0, 0, 0.5, 1],
					"texture": "#0"
				},
				"south": {
					"uv": [0, 0, 1, 1],
					"texture": "#0"
				},
				"west": {
					"uv": [0, 0, 0.5, 1],
					"texture": "#0"
				},
				"up": {
					"uv": [0, 0, 1, 0.5],
					"texture": "#0"
				},
				"down": {
					"uv": [0, 0, 1, 0.5],
					"texture": "#0"
				}
			}
		},
		{
			"from": [8.72464, 7.5, 4.16667],
			"to": [11.22464, 8.5, 4.66667],
			"rotation": {
				"angle": 0,
				"axis": "y",
				"origin": [8.72464, 6.5, 14.66667]
			},
			"faces": {
				"north": {
					"uv": [0, 0, 2.5, 1],
					"texture": "#0"
				},
				"east": {
					"uv": [0, 0, 0.5, 1],
					"texture": "#0"
				},
				"south": {
					"uv": [0, 0, 2.5, 1],
					"texture": "#0"
				},
				"west": {
					"uv": [0, 0, 0.5, 1],
					"texture": "#0"
				},
				"up": {
					"uv": [0, 0, 2.5, 0.5],
					"texture": "#0"
				},
				"down": {
					"uv": [0, 0, 2.5, 0.5],
					"texture": "#0"
				}
			}
		},
		{
			"from": [9.22464, 7.5, -0.33333],
			"to": [11.22464, 8.5, 0.16667],
			"rotation": {
				"angle": 0,
				"axis": "y",
				"origin": [8.72464, 6.5, 10.16667]
			},
			"faces": {
				"north": {
					"uv": [0, 0, 2, 1],
					"texture": "#0"
				},
				"east": {
					"uv": [0, 0, 0.5, 1],
					"texture": "#0"
				},
				"south": {
					"uv": [0, 0, 2, 1],
					"texture": "#0"
				},
				"west": {
					"uv": [0, 0, 0.5, 1],
					"texture": "#0"
				},
				"up": {
					"uv": [0, 0, 2, 0.5],
					"texture": "#0"
				},
				"down": {
					"uv": [0, 0, 2, 0.5],
					"texture": "#0"
				}
			}
		},
		{
			"from": [4.22464, 7.5, -0.33333],
			"to": [7.22464, 8.5, 0.16667],
			"rotation": {
				"angle": 0,
				"axis": "y",
				"origin": [4.72464, 6.5, 10.16667]
			},
			"faces": {
				"north": {
					"uv": [0, 0, 3, 1],
					"texture": "#0"
				},
				"east": {
					"uv": [0, 0, 0.5, 1],
					"texture": "#0"
				},
				"south": {
					"uv": [0, 0, 3, 1],
					"texture": "#0"
				},
				"west": {
					"uv": [0, 0, 0.5, 1],
					"texture": "#0"
				},
				"up": {
					"uv": [0, 0, 3, 0.5],
					"texture": "#0"
				},
				"down": {
					"uv": [0, 0, 3, 0.5],
					"texture": "#0"
				}
			}
		},
		{
			"from": [3.72464, 7.5, 0.16667],
			"to": [4.72464, 8.5, 0.66667],
			"rotation": {
				"angle": 0,
				"axis": "y",
				"origin": [2.22464, 6.5, 10.66667]
			},
			"faces": {
				"north": {
					"uv": [0, 0, 1, 1],
					"texture": "#0"
				},
				"east": {
					"uv": [0, 0, 0.5, 1],
					"texture": "#0"
				},
				"south": {
					"uv": [0, 0, 1, 1],
					"texture": "#0"
				},
				"west": {
					"uv": [0, 0, 0.5, 1],
					"texture": "#0"
				},
				"up": {
					"uv": [0, 0, 1, 0.5],
					"texture": "#0"
				},
				"down": {
					"uv": [0, 0, 1, 0.5],
					"texture": "#0"
				}
			}
		},
		{
			"from": [7.22464, 7.5, 3.16667],
			"to": [9.22464, 8.5, 3.66667],
			"rotation": {
				"angle": 0,
				"axis": "y",
				"origin": [7.22464, 6.5, 13.66667]
			},
			"faces": {
				"north": {
					"uv": [0, 0, 2, 1],
					"texture": "#0"
				},
				"east": {
					"uv": [0, 0, 0.5, 1],
					"texture": "#0"
				},
				"south": {
					"uv": [0, 0, 2, 1],
					"texture": "#0"
				},
				"west": {
					"uv": [0, 0, 0.5, 1],
					"texture": "#0"
				},
				"up": {
					"uv": [0, 0, 2, 0.5],
					"texture": "#0"
				},
				"down": {
					"uv": [0, 0, 2, 0.5],
					"texture": "#0"
				}
			}
		},
		{
			"from": [4.72464, 7.5, 4.16667],
			"to": [6.72464, 8.5, 4.66667],
			"rotation": {
				"angle": 0,
				"axis": "y",
				"origin": [4.72464, 6.5, 14.66667]
			},
			"faces": {
				"north": {
					"uv": [0, 0, 2, 1],
					"texture": "#0"
				},
				"east": {
					"uv": [0, 0, 0.5, 1],
					"texture": "#0"
				},
				"south": {
					"uv": [0, 0, 2, 1],
					"texture": "#0"
				},
				"west": {
					"uv": [0, 0, 0.5, 1],
					"texture": "#0"
				},
				"up": {
					"uv": [0, 0, 2, 0.5],
					"texture": "#0"
				},
				"down": {
					"uv": [0, 0, 2, 0.5],
					"texture": "#0"
				}
			}
		},
		{
			"from": [4.22464, 7.5, 8.66667],
			"to": [6.22464, 8.5, 9.16667],
			"rotation": {
				"angle": 0,
				"axis": "y",
				"origin": [4.22464, 6.5, 19.16667]
			},
			"faces": {
				"north": {
					"uv": [0, 0, 2, 1],
					"texture": "#0"
				},
				"east": {
					"uv": [0, 0, 0.5, 1],
					"texture": "#0"
				},
				"south": {
					"uv": [0, 0, 2, 1],
					"texture": "#0"
				},
				"west": {
					"uv": [0, 0, 0.5, 1],
					"texture": "#0"
				},
				"up": {
					"uv": [0, 0, 2, 0.5],
					"texture": "#0"
				},
				"down": {
					"uv": [0, 0, 2, 0.5],
					"texture": "#0"
				}
			}
		},
		{
			"from": [6.22464, 7.5, 8.16667],
			"to": [7.22464, 8.5, 8.66667],
			"rotation": {
				"angle": 0,
				"axis": "y",
				"origin": [5.22464, 6.5, 18.66667]
			},
			"faces": {
				"north": {
					"uv": [0, 0, 1, 1],
					"texture": "#0"
				},
				"east": {
					"uv": [0, 0, 0.5, 1],
					"texture": "#0"
				},
				"south": {
					"uv": [0, 0, 1, 1],
					"texture": "#0"
				},
				"west": {
					"uv": [0, 0, 0.5, 1],
					"texture": "#0"
				},
				"up": {
					"uv": [0, 0, 1, 0.5],
					"texture": "#0"
				},
				"down": {
					"uv": [0, 0, 1, 0.5],
					"texture": "#0"
				}
			}
		},
		{
			"from": [7.72464, 7.5, 0.66667],
			"to": [8.72464, 8.5, 3.16667],
			"rotation": {
				"angle": 0,
				"axis": "y",
				"origin": [6.72464, 6.5, 13.16667]
			},
			"faces": {
				"north": {
					"uv": [0, 0, 1, 1],
					"texture": "#0"
				},
				"east": {
					"uv": [0, 0, 2.5, 1],
					"texture": "#0"
				},
				"south": {
					"uv": [0, 0, 1, 1],
					"texture": "#0"
				},
				"west": {
					"uv": [0, 0, 2.5, 1],
					"texture": "#0"
				},
				"up": {
					"uv": [0, 0, 1, 2.5],
					"texture": "#0"
				},
				"down": {
					"uv": [0, 0, 1, 2.5],
					"texture": "#0"
				}
			}
		},
		{
			"from": [3.72464, 7.5, 0.66667],
			"to": [4.22464, 8.5, 3.66667],
			"rotation": {
				"angle": 0,
				"axis": "y",
				"origin": [2.22464, 6.5, 13.16667]
			},
			"faces": {
				"north": {
					"uv": [0, 0, 0.5, 1],
					"texture": "#0"
				},
				"east": {
					"uv": [0, 0, 3, 1],
					"texture": "#0"
				},
				"south": {
					"uv": [0, 0, 0.5, 1],
					"texture": "#0"
				},
				"west": {
					"uv": [0, 0, 3, 1],
					"texture": "#0"
				},
				"up": {
					"uv": [0, 0, 0.5, 3],
					"texture": "#0"
				},
				"down": {
					"uv": [0, 0, 0.5, 3],
					"texture": "#0"
				}
			}
		},
		{
			"from": [4.22464, 7.5, 3.66667],
			"to": [4.72464, 8.5, 4.66667],
			"rotation": {
				"angle": 0,
				"axis": "y",
				"origin": [2.72464, 6.5, 14.16667]
			},
			"faces": {
				"north": {
					"uv": [0, 0, 0.5, 1],
					"texture": "#0"
				},
				"east": {
					"uv": [0, 0, 1, 1],
					"texture": "#0"
				},
				"south": {
					"uv": [0, 0, 0.5, 1],
					"texture": "#0"
				},
				"west": {
					"uv": [0, 0, 1, 1],
					"texture": "#0"
				},
				"up": {
					"uv": [0, 0, 0.5, 1],
					"texture": "#0"
				},
				"down": {
					"uv": [0, 0, 0.5, 1],
					"texture": "#0"
				}
			}
		},
		{
			"from": [11.72464, 7.5, 0.66667],
			"to": [12.22464, 8.5, 3.66667],
			"rotation": {
				"angle": 0,
				"axis": "y",
				"origin": [10.72464, 6.5, 13.16667]
			},
			"faces": {
				"north": {
					"uv": [0, 0, 0.5, 1],
					"texture": "#0"
				},
				"east": {
					"uv": [0, 0, 3, 1],
					"texture": "#0"
				},
				"south": {
					"uv": [0, 0, 0.5, 1],
					"texture": "#0"
				},
				"west": {
					"uv": [0, 0, 3, 1],
					"texture": "#0"
				},
				"up": {
					"uv": [0, 0, 0.5, 3],
					"texture": "#0"
				},
				"down": {
					"uv": [0, 0, 0.5, 3],
					"texture": "#0"
				}
			}
		},
		{
			"from": [8.72464, 7.5, 3.66667],
			"to": [9.72464, 8.5, 4.16667],
			"rotation": {
				"angle": 0,
				"axis": "y",
				"origin": [7.22464, 6.5, 14.16667]
			},
			"faces": {
				"north": {
					"uv": [0, 0, 1, 1],
					"texture": "#0"
				},
				"east": {
					"uv": [0, 0, 0.5, 1],
					"texture": "#0"
				},
				"south": {
					"uv": [0, 0, 1, 1],
					"texture": "#0"
				},
				"west": {
					"uv": [0, 0, 0.5, 1],
					"texture": "#0"
				},
				"up": {
					"uv": [0, 0, 1, 0.5],
					"texture": "#0"
				},
				"down": {
					"uv": [0, 0, 1, 0.5],
					"texture": "#0"
				}
			}
		},
		{
			"from": [8.72464, 7.5, 4.66667],
			"to": [9.22464, 8.5, 5.16667],
			"rotation": {
				"angle": 0,
				"axis": "y",
				"origin": [6.97464, 6.5, 14.66667]
			},
			"faces": {
				"north": {
					"uv": [0, 0, 0.5, 1],
					"texture": "#0"
				},
				"east": {
					"uv": [0, 0, 0.5, 1],
					"texture": "#0"
				},
				"south": {
					"uv": [0, 0, 0.5, 1],
					"texture": "#0"
				},
				"west": {
					"uv": [0, 0, 0.5, 1],
					"texture": "#0"
				},
				"up": {
					"uv": [0, 0, 0.5, 0.5],
					"texture": "#0"
				},
				"down": {
					"uv": [0, 0, 0.5, 0.5],
					"texture": "#0"
				}
			}
		},
		{
			"from": [8.22464, 7.5, 5.16667],
			"to": [8.72464, 8.5, 5.66667],
			"rotation": {
				"angle": 0,
				"axis": "y",
				"origin": [6.47464, 6.5, 15.16667]
			},
			"faces": {
				"north": {
					"uv": [0, 0, 0.5, 1],
					"texture": "#0"
				},
				"east": {
					"uv": [0, 0, 0.5, 1],
					"texture": "#0"
				},
				"south": {
					"uv": [0, 0, 0.5, 1],
					"texture": "#0"
				},
				"west": {
					"uv": [0, 0, 0.5, 1],
					"texture": "#0"
				},
				"up": {
					"uv": [0, 0, 0.5, 0.5],
					"texture": "#0"
				},
				"down": {
					"uv": [0, 0, 0.5, 0.5],
					"texture": "#0"
				}
			}
		},
		{
			"from": [11.22464, 7.5, 4.66667],
			"to": [11.72464, 8.5, 5.16667],
			"rotation": {
				"angle": 0,
				"axis": "y",
				"origin": [9.47464, 6.5, 14.66667]
			},
			"faces": {
				"north": {
					"uv": [0, 0, 0.5, 1],
					"texture": "#0"
				},
				"east": {
					"uv": [0, 0, 0.5, 1],
					"texture": "#0"
				},
				"south": {
					"uv": [0, 0, 0.5, 1],
					"texture": "#0"
				},
				"west": {
					"uv": [0, 0, 0.5, 1],
					"texture": "#0"
				},
				"up": {
					"uv": [0, 0, 0.5, 0.5],
					"texture": "#0"
				},
				"down": {
					"uv": [0, 0, 0.5, 0.5],
					"texture": "#0"
				}
			}
		},
		{
			"from": [11.22464, 7.5, 3.66667],
			"to": [11.72464, 8.5, 4.16667],
			"rotation": {
				"angle": 0,
				"axis": "y",
				"origin": [9.47464, 6.5, 13.66667]
			},
			"faces": {
				"north": {
					"uv": [0, 0, 0.5, 1],
					"texture": "#0"
				},
				"east": {
					"uv": [0, 0, 0.5, 1],
					"texture": "#0"
				},
				"south": {
					"uv": [0, 0, 0.5, 1],
					"texture": "#0"
				},
				"west": {
					"uv": [0, 0, 0.5, 1],
					"texture": "#0"
				},
				"up": {
					"uv": [0, 0, 0.5, 0.5],
					"texture": "#0"
				},
				"down": {
					"uv": [0, 0, 0.5, 0.5],
					"texture": "#0"
				}
			}
		},
		{
			"from": [11.22464, 7.5, 0.16667],
			"to": [11.72464, 8.5, 0.66667],
			"rotation": {
				"angle": 0,
				"axis": "y",
				"origin": [9.47464, 6.5, 10.16667]
			},
			"faces": {
				"north": {
					"uv": [0, 0, 0.5, 1],
					"texture": "#0"
				},
				"east": {
					"uv": [0, 0, 0.5, 1],
					"texture": "#0"
				},
				"south": {
					"uv": [0, 0, 0.5, 1],
					"texture": "#0"
				},
				"west": {
					"uv": [0, 0, 0.5, 1],
					"texture": "#0"
				},
				"up": {
					"uv": [0, 0, 0.5, 0.5],
					"texture": "#0"
				},
				"down": {
					"uv": [0, 0, 0.5, 0.5],
					"texture": "#0"
				}
			}
		},
		{
			"from": [8.72464, 7.5, 0.16667],
			"to": [9.22464, 8.5, 0.66667],
			"rotation": {
				"angle": 0,
				"axis": "y",
				"origin": [6.97464, 6.5, 10.16667]
			},
			"faces": {
				"north": {
					"uv": [0, 0, 0.5, 1],
					"texture": "#0"
				},
				"east": {
					"uv": [0, 0, 0.5, 1],
					"texture": "#0"
				},
				"south": {
					"uv": [0, 0, 0.5, 1],
					"texture": "#0"
				},
				"west": {
					"uv": [0, 0, 0.5, 1],
					"texture": "#0"
				},
				"up": {
					"uv": [0, 0, 0.5, 0.5],
					"texture": "#0"
				},
				"down": {
					"uv": [0, 0, 0.5, 0.5],
					"texture": "#0"
				}
			}
		},
		{
			"from": [7.22464, 7.5, 0.16667],
			"to": [7.72464, 8.5, 0.66667],
			"rotation": {
				"angle": 0,
				"axis": "y",
				"origin": [5.47464, 6.5, 10.16667]
			},
			"faces": {
				"north": {
					"uv": [0, 0, 0.5, 1],
					"texture": "#0"
				},
				"east": {
					"uv": [0, 0, 0.5, 1],
					"texture": "#0"
				},
				"south": {
					"uv": [0, 0, 0.5, 1],
					"texture": "#0"
				},
				"west": {
					"uv": [0, 0, 0.5, 1],
					"texture": "#0"
				},
				"up": {
					"uv": [0, 0, 0.5, 0.5],
					"texture": "#0"
				},
				"down": {
					"uv": [0, 0, 0.5, 0.5],
					"texture": "#0"
				}
			}
		},
		{
			"from": [3.72464, 7.5, 4.66667],
			"to": [4.22464, 8.5, 5.16667],
			"rotation": {
				"angle": 0,
				"axis": "y",
				"origin": [1.97464, 6.5, 14.66667]
			},
			"faces": {
				"north": {
					"uv": [0, 0, 0.5, 1],
					"texture": "#0"
				},
				"east": {
					"uv": [0, 0, 0.5, 1],
					"texture": "#0"
				},
				"south": {
					"uv": [0, 0, 0.5, 1],
					"texture": "#0"
				},
				"west": {
					"uv": [0, 0, 0.5, 1],
					"texture": "#0"
				},
				"up": {
					"uv": [0, 0, 0.5, 0.5],
					"texture": "#0"
				},
				"down": {
					"uv": [0, 0, 0.5, 0.5],
					"texture": "#0"
				}
			}
		},
		{
			"from": [3.72464, 7.5, 8.16667],
			"to": [4.22464, 8.5, 8.66667],
			"rotation": {
				"angle": 0,
				"axis": "y",
				"origin": [1.97464, 6.5, 18.16667]
			},
			"faces": {
				"north": {
					"uv": [0, 0, 0.5, 1],
					"texture": "#0"
				},
				"east": {
					"uv": [0, 0, 0.5, 1],
					"texture": "#0"
				},
				"south": {
					"uv": [0, 0, 0.5, 1],
					"texture": "#0"
				},
				"west": {
					"uv": [0, 0, 0.5, 1],
					"texture": "#0"
				},
				"up": {
					"uv": [0, 0, 0.5, 0.5],
					"texture": "#0"
				},
				"down": {
					"uv": [0, 0, 0.5, 0.5],
					"texture": "#0"
				}
			}
		},
		{
			"from": [6.72464, 7.5, 7.66667],
			"to": [7.22464, 8.5, 8.16667],
			"rotation": {
				"angle": 0,
				"axis": "y",
				"origin": [4.97464, 6.5, 17.66667]
			},
			"faces": {
				"north": {
					"uv": [0, 0, 0.5, 1],
					"texture": "#0"
				},
				"east": {
					"uv": [0, 0, 0.5, 1],
					"texture": "#0"
				},
				"south": {
					"uv": [0, 0, 0.5, 1],
					"texture": "#0"
				},
				"west": {
					"uv": [0, 0, 0.5, 1],
					"texture": "#0"
				},
				"up": {
					"uv": [0, 0, 0.5, 0.5],
					"texture": "#0"
				},
				"down": {
					"uv": [0, 0, 0.5, 0.5],
					"texture": "#0"
				}
			}
		},
		{
			"from": [9.22464, 7.5, 8.66667],
			"to": [10.22464, 8.5, 9.16667],
			"rotation": {
				"angle": 0,
				"axis": "y",
				"origin": [7.72464, 6.5, 19.16667]
			},
			"faces": {
				"north": {
					"uv": [0, 0, 1, 1],
					"texture": "#0"
				},
				"east": {
					"uv": [0, 0, 0.5, 1],
					"texture": "#0"
				},
				"south": {
					"uv": [0, 0, 1, 1],
					"texture": "#0"
				},
				"west": {
					"uv": [0, 0, 0.5, 1],
					"texture": "#0"
				},
				"up": {
					"uv": [0, 0, 1, 0.5],
					"texture": "#0"
				},
				"down": {
					"uv": [0, 0, 1, 0.5],
					"texture": "#0"
				}
			}
		},
		{
			"from": [8.22464, 7.5, 7.66667],
			"to": [8.72464, 8.5, 9.16667],
			"rotation": {
				"angle": 0,
				"axis": "y",
				"origin": [6.22464, 6.5, 16.16667]
			},
			"faces": {
				"north": {
					"uv": [0, 0, 0.5, 1],
					"texture": "#0"
				},
				"east": {
					"uv": [0, 0, 1.5, 1],
					"texture": "#0"
				},
				"south": {
					"uv": [0, 0, 0.5, 1],
					"texture": "#0"
				},
				"west": {
					"uv": [0, 0, 1.5, 1],
					"texture": "#0"
				},
				"up": {
					"uv": [0, 0, 0.5, 1.5],
					"texture": "#0"
				},
				"down": {
					"uv": [0, 0, 0.5, 1.5],
					"texture": "#0"
				}
			}
		},
		{
			"from": [7.22464, 7.5, 8.66667],
			"to": [7.72464, 8.5, 11.66667],
			"rotation": {
				"angle": 0,
				"axis": "y",
				"origin": [5.22464, 6.5, 17.16667]
			},
			"faces": {
				"north": {
					"uv": [0, 0, 0.5, 1],
					"texture": "#0"
				},
				"east": {
					"uv": [0, 0, 3, 1],
					"texture": "#0"
				},
				"south": {
					"uv": [0, 0, 0.5, 1],
					"texture": "#0"
				},
				"west": {
					"uv": [0, 0, 3, 1],
					"texture": "#0"
				},
				"up": {
					"uv": [0, 0, 0.5, 3],
					"texture": "#0"
				},
				"down": {
					"uv": [0, 0, 0.5, 3],
					"texture": "#0"
				}
			}
		},
		{
			"from": [7.22464, 7.5, 5.16667],
			"to": [8.22464, 8.5, 8.66667],
			"rotation": {
				"angle": 0,
				"axis": "y",
				"origin": [5.22464, 6.5, 15.66667]
			},
			"faces": {
				"north": {
					"uv": [0, 0, 1, 1],
					"texture": "#0"
				},
				"east": {
					"uv": [0, 0, 3.5, 1],
					"texture": "#0"
				},
				"south": {
					"uv": [0, 0, 1, 1],
					"texture": "#0"
				},
				"west": {
					"uv": [0, 0, 3.5, 1],
					"texture": "#0"
				},
				"up": {
					"uv": [0, 0, 1, 3.5],
					"texture": "#0"
				},
				"down": {
					"uv": [0, 0, 1, 3.5],
					"texture": "#0"
				}
			}
		},
		{
			"from": [6.72464, 7.5, 3.66667],
			"to": [7.22464, 8.5, 5.66667],
			"rotation": {
				"angle": 0,
				"axis": "y",
				"origin": [4.72464, 6.5, 14.16667]
			},
			"faces": {
				"north": {
					"uv": [0, 0, 0.5, 1],
					"texture": "#0"
				},
				"east": {
					"uv": [0, 0, 2, 1],
					"texture": "#0"
				},
				"south": {
					"uv": [0, 0, 0.5, 1],
					"texture": "#0"
				},
				"west": {
					"uv": [0, 0, 2, 1],
					"texture": "#0"
				},
				"up": {
					"uv": [0, 0, 0.5, 2],
					"texture": "#0"
				},
				"down": {
					"uv": [0, 0, 0.5, 2],
					"texture": "#0"
				}
			}
		},
		{
			"from": [3.22464, 7.5, 5.16667],
			"to": [3.72464, 8.5, 8.16667],
			"rotation": {
				"angle": 0,
				"axis": "y",
				"origin": [1.22464, 6.5, 15.66667]
			},
			"faces": {
				"north": {
					"uv": [0, 0, 0.5, 1],
					"texture": "#0"
				},
				"east": {
					"uv": [0, 0, 3, 1],
					"texture": "#0"
				},
				"south": {
					"uv": [0, 0, 0.5, 1],
					"texture": "#0"
				},
				"west": {
					"uv": [0, 0, 3, 1],
					"texture": "#0"
				},
				"up": {
					"uv": [0, 0, 0.5, 3],
					"texture": "#0"
				},
				"down": {
					"uv": [0, 0, 0.5, 3],
					"texture": "#0"
				}
			}
		},
		{
			"from": [7.72464, 7.5, 14.16667],
			"to": [8.22464, 8.5, 15.66667],
			"rotation": {
				"angle": 0,
				"axis": "y",
				"origin": [5.72464, 6.5, 22.66667]
			},
			"faces": {
				"north": {
					"uv": [0, 0, 0.5, 1],
					"texture": "#0"
				},
				"east": {
					"uv": [0, 0, 1.5, 1],
					"texture": "#0"
				},
				"south": {
					"uv": [0, 0, 0.5, 1],
					"texture": "#0"
				},
				"west": {
					"uv": [0, 0, 1.5, 1],
					"texture": "#0"
				},
				"up": {
					"uv": [0, 0, 0.5, 1.5],
					"texture": "#0"
				},
				"down": {
					"uv": [0, 0, 0.5, 1.5],
					"texture": "#0"
				}
			}
		},
		{
			"from": [8.22464, 7.5, 21.66667],
			"to": [9.22464, 8.5, 22.16667],
			"rotation": {
				"angle": 0,
				"axis": "y",
				"origin": [7.22464, 6.5, 29.66667]
			},
			"faces": {
				"north": {
					"uv": [0, 0, 1, 1],
					"texture": "#0"
				},
				"east": {
					"uv": [0, 0, 0.5, 1],
					"texture": "#0"
				},
				"south": {
					"uv": [0, 0, 1, 1],
					"texture": "#0"
				},
				"west": {
					"uv": [0, 0, 0.5, 1],
					"texture": "#0"
				},
				"up": {
					"uv": [0, 0, 1, 0.5],
					"texture": "#0"
				},
				"down": {
					"uv": [0, 0, 1, 0.5],
					"texture": "#0"
				}
			}
		},
		{
			"from": [7.72464, 7, 8.66667],
			"to": [8.22464, 9, 14.16667],
			"rotation": {
				"angle": 0,
				"axis": "y",
				"origin": [6.22464, 7, 21.16667]
			},
			"faces": {
				"north": {
					"uv": [0, 0, 0.5, 2],
					"texture": "#1"
				},
				"east": {
					"uv": [0, 0, 5.5, 2],
					"texture": "#1"
				},
				"south": {
					"uv": [0, 0, 0.5, 2],
					"texture": "#1"
				},
				"west": {
					"uv": [0, 0, 5.5, 2],
					"texture": "#1"
				},
				"up": {
					"uv": [0, 0, 0.5, 5.5],
					"texture": "#1"
				},
				"down": {
					"uv": [0, 0, 0.5, 5.5],
					"texture": "#1"
				}
			}
		},
		{
			"from": [7.22464, 7, 11.66667],
			"to": [7.72464, 9, 19.16667],
			"rotation": {
				"angle": 0,
				"axis": "y",
				"origin": [5.72464, 7, 24.16667]
			},
			"faces": {
				"north": {
					"uv": [0, 0, 0.5, 2],
					"texture": "#1"
				},
				"east": {
					"uv": [0, 0, 7.5, 2],
					"texture": "#1"
				},
				"south": {
					"uv": [0, 0, 0.5, 2],
					"texture": "#1"
				},
				"west": {
					"uv": [0, 0, 7.5, 2],
					"texture": "#1"
				},
				"up": {
					"uv": [0, 0, 0.5, 7.5],
					"texture": "#1"
				},
				"down": {
					"uv": [0, 0, 0.5, 7.5],
					"texture": "#1"
				}
			}
		},
		{
			"from": [3.72464, 7, 5.16667],
			"to": [4.22464, 9, 8.16667],
			"rotation": {
				"angle": 0,
				"axis": "y",
				"origin": [5.22464, 7, 17.66667]
			},
			"faces": {
				"north": {
					"uv": [0, 0, 0.5, 2],
					"texture": "#1"
				},
				"east": {
					"uv": [0, 0, 3, 2],
					"texture": "#1"
				},
				"south": {
					"uv": [0, 0, 0.5, 2],
					"texture": "#1"
				},
				"west": {
					"uv": [0, 0, 3, 2],
					"texture": "#1"
				},
				"up": {
					"uv": [0, 0, 0.5, 3],
					"texture": "#1"
				},
				"down": {
					"uv": [0, 0, 0.5, 3],
					"texture": "#1"
				}
			}
		},
		{
			"from": [6.72464, 7, 5.66667],
			"to": [7.22464, 9, 7.66667],
			"rotation": {
				"angle": 0,
				"axis": "y",
				"origin": [8.22464, 7, 17.66667]
			},
			"faces": {
				"north": {
					"uv": [0, 0, 0.5, 2],
					"texture": "#1"
				},
				"east": {
					"uv": [0, 0, 2, 2],
					"texture": "#1"
				},
				"south": {
					"uv": [0, 0, 0.5, 2],
					"texture": "#1"
				},
				"west": {
					"uv": [0, 0, 2, 2],
					"texture": "#1"
				},
				"up": {
					"uv": [0, 0, 0.5, 2],
					"texture": "#1"
				},
				"down": {
					"uv": [0, 0, 0.5, 2],
					"texture": "#1"
				}
			}
		},
		{
			"from": [4.22464, 7, 8.16667],
			"to": [6.22464, 9, 8.66667],
			"rotation": {
				"angle": 0,
				"axis": "y",
				"origin": [7.22464, 7, 18.66667]
			},
			"faces": {
				"north": {
					"uv": [0, 0, 2, 2],
					"texture": "#1"
				},
				"east": {
					"uv": [0, 0, 0.5, 2],
					"texture": "#1"
				},
				"south": {
					"uv": [0, 0, 2, 2],
					"texture": "#1"
				},
				"west": {
					"uv": [0, 0, 0.5, 2],
					"texture": "#1"
				},
				"up": {
					"uv": [0, 0, 2, 0.5],
					"texture": "#1"
				},
				"down": {
					"uv": [0, 0, 2, 0.5],
					"texture": "#1"
				}
			}
		},
		{
			"from": [11.22464, 7, 5.16667],
			"to": [11.72464, 9, 7.16667],
			"rotation": {
				"angle": 0,
				"axis": "y",
				"origin": [12.72464, 7, 17.66667]
			},
			"faces": {
				"north": {
					"uv": [0, 0, 0.5, 2],
					"texture": "#1"
				},
				"east": {
					"uv": [0, 0, 2, 2],
					"texture": "#1"
				},
				"south": {
					"uv": [0, 0, 0.5, 2],
					"texture": "#1"
				},
				"west": {
					"uv": [0, 0, 2, 2],
					"texture": "#1"
				},
				"up": {
					"uv": [0, 0, 0.5, 2],
					"texture": "#1"
				},
				"down": {
					"uv": [0, 0, 0.5, 2],
					"texture": "#1"
				}
			}
		},
		{
			"from": [8.72464, 7, 5.16667],
			"to": [9.22464, 9, 8.16667],
			"rotation": {
				"angle": 0,
				"axis": "y",
				"origin": [10.22464, 7, 17.66667]
			},
			"faces": {
				"north": {
					"uv": [0, 0, 0.5, 2],
					"texture": "#1"
				},
				"east": {
					"uv": [0, 0, 3, 2],
					"texture": "#1"
				},
				"south": {
					"uv": [0, 0, 0.5, 2],
					"texture": "#1"
				},
				"west": {
					"uv": [0, 0, 3, 2],
					"texture": "#1"
				},
				"up": {
					"uv": [0, 0, 0.5, 3],
					"texture": "#1"
				},
				"down": {
					"uv": [0, 0, 0.5, 3],
					"texture": "#1"
				}
			}
		},
		{
			"from": [8.22464, 7, 5.66667],
			"to": [8.72464, 9, 7.66667],
			"rotation": {
				"angle": 0,
				"axis": "y",
				"origin": [9.72464, 7, 17.66667]
			},
			"faces": {
				"north": {
					"uv": [0, 0, 0.5, 2],
					"texture": "#1"
				},
				"east": {
					"uv": [0, 0, 2, 2],
					"texture": "#1"
				},
				"south": {
					"uv": [0, 0, 0.5, 2],
					"texture": "#1"
				},
				"west": {
					"uv": [0, 0, 2, 2],
					"texture": "#1"
				},
				"up": {
					"uv": [0, 0, 0.5, 2],
					"texture": "#1"
				},
				"down": {
					"uv": [0, 0, 0.5, 2],
					"texture": "#1"
				}
			}
		},
		{
			"from": [9.22464, 7, 8.16667],
			"to": [10.22464, 9, 8.66667],
			"rotation": {
				"angle": 0,
				"axis": "y",
				"origin": [10.72464, 7, 18.66667]
			},
			"faces": {
				"north": {
					"uv": [0, 0, 1, 2],
					"texture": "#1"
				},
				"east": {
					"uv": [0, 0, 0.5, 2],
					"texture": "#1"
				},
				"south": {
					"uv": [0, 0, 1, 2],
					"texture": "#1"
				},
				"west": {
					"uv": [0, 0, 0.5, 2],
					"texture": "#1"
				},
				"up": {
					"uv": [0, 0, 1, 0.5],
					"texture": "#1"
				},
				"down": {
					"uv": [0, 0, 1, 0.5],
					"texture": "#1"
				}
			}
		},
		{
			"from": [8.72464, 7, 0.66667],
			"to": [9.22464, 9, 3.16667],
			"rotation": {
				"angle": 0,
				"axis": "y",
				"origin": [8.22464, 7, 12.66667]
			},
			"faces": {
				"north": {
					"uv": [0, 0, 0.5, 2],
					"texture": "#1"
				},
				"east": {
					"uv": [0, 0, 2.5, 2],
					"texture": "#1"
				},
				"south": {
					"uv": [0, 0, 0.5, 2],
					"texture": "#1"
				},
				"west": {
					"uv": [0, 0, 2.5, 2],
					"texture": "#1"
				},
				"up": {
					"uv": [0, 0, 0.5, 2.5],
					"texture": "#1"
				},
				"down": {
					"uv": [0, 0, 0.5, 2.5],
					"texture": "#1"
				}
			}
		},
		{
			"from": [9.22464, 7, 0.16667],
			"to": [9.72464, 9, 3.66667],
			"rotation": {
				"angle": 0,
				"axis": "y",
				"origin": [8.72464, 7, 12.66667]
			},
			"faces": {
				"north": {
					"uv": [0, 0, 0.5, 2],
					"texture": "#1"
				},
				"east": {
					"uv": [0, 0, 3.5, 2],
					"texture": "#1"
				},
				"south": {
					"uv": [0, 0, 0.5, 2],
					"texture": "#1"
				},
				"west": {
					"uv": [0, 0, 3.5, 2],
					"texture": "#1"
				},
				"up": {
					"uv": [0, 0, 0.5, 3.5],
					"texture": "#1"
				},
				"down": {
					"uv": [0, 0, 0.5, 3.5],
					"texture": "#1"
				}
			}
		},
		{
			"from": [11.22464, 7, 0.66667],
			"to": [11.72464, 9, 3.66667],
			"rotation": {
				"angle": 0,
				"axis": "y",
				"origin": [10.72464, 7, 13.16667]
			},
			"faces": {
				"north": {
					"uv": [0, 0, 0.5, 2],
					"texture": "#1"
				},
				"east": {
					"uv": [0, 0, 3, 2],
					"texture": "#1"
				},
				"south": {
					"uv": [0, 0, 0.5, 2],
					"texture": "#1"
				},
				"west": {
					"uv": [0, 0, 3, 2],
					"texture": "#1"
				},
				"up": {
					"uv": [0, 0, 0.5, 3],
					"texture": "#1"
				},
				"down": {
					"uv": [0, 0, 0.5, 3],
					"texture": "#1"
				}
			}
		}
	]
}
