{"textures":{"0":"omega-flowey:custom/attacks/friendliness-pellet-ring-blinking"},"display":{"head":{"rotation":[0,180,0]}},"elements":[{"from":[5.6125,8.25,-4],"to":[10.3875,8.25,-3.75],"rotation":{"angle":-22.5,"axis":"y","origin":[8,8,8]},"faces":{"north":{"uv":[0,0,9.55,0],"texture":"#0"},"east":{"uv":[0,0,0.5,0],"texture":"#0"},"south":{"uv":[0,0,9.55,0],"texture":"#0"},"west":{"uv":[0,0,0.5,0],"texture":"#0"},"up":{"uv":[0,0,9.55,0.5],"texture":"#0"},"down":{"uv":[0,0,9.55,0.5],"texture":"#0"}}},{"from":[5.6125,8.25,-4],"to":[10.3875,8.25,-3.75],"rotation":{"angle":0,"axis":"y","origin":[8,8,8]},"faces":{"north":{"uv":[0,0,9.55,0],"texture":"#0"},"east":{"uv":[0,0,0.5,0],"texture":"#0"},"south":{"uv":[0,0,9.55,0],"texture":"#0"},"west":{"uv":[0,0,0.5,0],"texture":"#0"},"up":{"uv":[0,0,9.55,0.5],"texture":"#0"},"down":{"uv":[0,0,9.55,0.5],"texture":"#0"}}},{"from":[5.6125,8.25,-4],"to":[10.3875,8.25,-3.75],"rotation":{"angle":22.5,"axis":"y","origin":[8,8,8]},"faces":{"north":{"uv":[0,0,9.55,0],"texture":"#0"},"east":{"uv":[0,0,0.5,0],"texture":"#0"},"south":{"uv":[0,0,9.55,0],"texture":"#0"},"west":{"uv":[0,0,0.5,0],"texture":"#0"},"up":{"uv":[0,0,9.55,0.5],"texture":"#0"},"down":{"uv":[0,0,9.55,0.5],"texture":"#0"}}},{"from":[-4,8.25,5.6125],"to":[-3.75,8.25,10.3875],"rotation":{"angle":-22.5,"axis":"y","origin":[8,8,8]},"faces":{"north":{"uv":[0,0,0.5,0],"texture":"#0"},"east":{"uv":[0,0,9.55,0],"texture":"#0"},"south":{"uv":[0,0,0.5,0],"texture":"#0"},"west":{"uv":[0,0,9.55,0],"texture":"#0"},"up":{"uv":[0,0,9.55,0.5],"rotation":270,"texture":"#0"},"down":{"uv":[0,0,9.55,0.5],"rotation":90,"texture":"#0"}}},{"from":[-4,8.25,5.6125],"to":[-3.75,8.25,10.3875],"rotation":{"angle":-45,"axis":"y","origin":[8,8,8]},"faces":{"north":{"uv":[0,0,0.5,0],"texture":"#0"},"east":{"uv":[0,0,9.55,0],"texture":"#0"},"south":{"uv":[0,0,0.5,0],"texture":"#0"},"west":{"uv":[0,0,9.55,0],"texture":"#0"},"up":{"uv":[0,0,9.55,0.5],"rotation":270,"texture":"#0"},"down":{"uv":[0,0,9.55,0.5],"rotation":90,"texture":"#0"}}},{"from":[-4,8.25,5.6125],"to":[-3.75,8.25,10.3875],"rotation":{"angle":45,"axis":"y","origin":[8,8,8]},"faces":{"north":{"uv":[0,0,0.5,0],"texture":"#0"},"east":{"uv":[0,0,9.55,0],"texture":"#0"},"south":{"uv":[0,0,0.5,0],"texture":"#0"},"west":{"uv":[0,0,9.55,0],"texture":"#0"},"up":{"uv":[0,0,9.55,0.5],"rotation":270,"texture":"#0"},"down":{"uv":[0,0,9.55,0.5],"rotation":90,"texture":"#0"}}},{"from":[-4,8.25,5.6125],"to":[-3.75,8.25,10.3875],"rotation":{"angle":22.5,"axis":"y","origin":[8,8,8]},"faces":{"north":{"uv":[0,0,0.5,0],"texture":"#0"},"east":{"uv":[0,0,9.55,0],"texture":"#0"},"south":{"uv":[0,0,0.5,0],"texture":"#0"},"west":{"uv":[0,0,9.55,0],"texture":"#0"},"up":{"uv":[0,0,9.55,0.5],"rotation":270,"texture":"#0"},"down":{"uv":[0,0,9.55,0.5],"rotation":90,"texture":"#0"}}},{"from":[-4,8.25,5.6125],"to":[-3.75,8.25,10.3875],"rotation":{"angle":0,"axis":"y","origin":[8,8,8]},"faces":{"north":{"uv":[0,0,0.5,0],"texture":"#0"},"east":{"uv":[0,0,9.55,0],"texture":"#0"},"south":{"uv":[0,0,0.5,0],"texture":"#0"},"west":{"uv":[0,0,9.55,0],"texture":"#0"},"up":{"uv":[0,0,9.55,0.5],"rotation":270,"texture":"#0"},"down":{"uv":[0,0,9.55,0.5],"rotation":90,"texture":"#0"}}},{"from":[5.6125,8.25,19.75],"to":[10.3875,8.25,20],"rotation":{"angle":-22.5,"axis":"y","origin":[8,8,8]},"faces":{"north":{"uv":[0,0,9.55,0],"texture":"#0"},"east":{"uv":[0,0,0.5,0],"texture":"#0"},"south":{"uv":[0,0,9.55,0],"texture":"#0"},"west":{"uv":[0,0,0.5,0],"texture":"#0"},"up":{"uv":[0,0,9.55,0.5],"rotation":180,"texture":"#0"},"down":{"uv":[0,0,9.55,0.5],"rotation":180,"texture":"#0"}}},{"from":[19.75,8.25,5.6125],"to":[20,8.25,10.3875],"rotation":{"angle":0,"axis":"y","origin":[8,8,8]},"faces":{"north":{"uv":[0,0,0.5,0],"texture":"#0"},"east":{"uv":[0,0,9.55,0],"texture":"#0"},"south":{"uv":[0,0,0.5,0],"texture":"#0"},"west":{"uv":[0,0,9.55,0],"texture":"#0"},"up":{"uv":[0,0,9.55,0.5],"rotation":90,"texture":"#0"},"down":{"uv":[0,0,9.55,0.5],"rotation":270,"texture":"#0"}}},{"from":[19.75,8.25,5.6125],"to":[20,8.25,10.3875],"rotation":{"angle":22.5,"axis":"y","origin":[8,8,8]},"faces":{"north":{"uv":[0,0,0.5,0],"texture":"#0"},"east":{"uv":[0,0,9.55,0],"texture":"#0"},"south":{"uv":[0,0,0.5,0],"texture":"#0"},"west":{"uv":[0,0,9.55,0],"texture":"#0"},"up":{"uv":[0,0,9.55,0.5],"rotation":90,"texture":"#0"},"down":{"uv":[0,0,9.55,0.5],"rotation":270,"texture":"#0"}}},{"from":[5.6125,8.25,-4],"to":[10.3875,8.25,-3.75],"rotation":{"angle":-45,"axis":"y","origin":[8,8,8]},"faces":{"north":{"uv":[0,0,9.55,0],"texture":"#0"},"east":{"uv":[0,0,0.5,0],"texture":"#0"},"south":{"uv":[0,0,9.55,0],"texture":"#0"},"west":{"uv":[0,0,0.5,0],"texture":"#0"},"up":{"uv":[0,0,9.55,0.5],"texture":"#0"},"down":{"uv":[0,0,9.55,0.5],"texture":"#0"}}},{"from":[19.75,8.25,5.6125],"to":[20,8.25,10.3875],"rotation":{"angle":-22.5,"axis":"y","origin":[8,8,8]},"faces":{"north":{"uv":[0,0,0.5,0],"texture":"#0"},"east":{"uv":[0,0,9.55,0],"texture":"#0"},"south":{"uv":[0,0,0.5,0],"texture":"#0"},"west":{"uv":[0,0,9.55,0],"texture":"#0"},"up":{"uv":[0,0,9.55,0.5],"rotation":90,"texture":"#0"},"down":{"uv":[0,0,9.55,0.5],"rotation":270,"texture":"#0"}}},{"from":[5.6125,8.25,19.75],"to":[10.3875,8.25,20],"rotation":{"angle":22.5,"axis":"y","origin":[8,8,8]},"faces":{"north":{"uv":[0,0,9.55,0],"texture":"#0"},"east":{"uv":[0,0,0.5,0],"texture":"#0"},"south":{"uv":[0,0,9.55,0],"texture":"#0"},"west":{"uv":[0,0,0.5,0],"texture":"#0"},"up":{"uv":[0,0,9.55,0.5],"rotation":180,"texture":"#0"},"down":{"uv":[0,0,9.55,0.5],"rotation":180,"texture":"#0"}}},{"from":[5.6125,8.25,19.75],"to":[10.3875,8.25,20],"rotation":{"angle":0,"axis":"y","origin":[8,8,8]},"faces":{"north":{"uv":[0,0,9.55,0],"texture":"#0"},"east":{"uv":[0,0,0.5,0],"texture":"#0"},"south":{"uv":[0,0,9.55,0],"texture":"#0"},"west":{"uv":[0,0,0.5,0],"texture":"#0"},"up":{"uv":[0,0,9.55,0.5],"rotation":180,"texture":"#0"},"down":{"uv":[0,0,9.55,0.5],"rotation":180,"texture":"#0"}}},{"from":[5.6125,8.25,19.75],"to":[10.3875,8.25,20],"rotation":{"angle":45,"axis":"y","origin":[8,8,8]},"faces":{"north":{"uv":[0,0,9.55,0],"texture":"#0"},"east":{"uv":[0,0,0.5,0],"texture":"#0"},"south":{"uv":[0,0,9.55,0],"texture":"#0"},"west":{"uv":[0,0,0.5,0],"texture":"#0"},"up":{"uv":[0,0,9.55,0.5],"rotation":180,"texture":"#0"},"down":{"uv":[0,0,9.55,0.5],"rotation":180,"texture":"#0"}}}]}
