{
	"textures": {
		"1": "minecraft:block/black_concrete",
		"5": "omega-flowey:custom/attacks/blank"
	},
	"display": {
		"head": {
			"rotation": [0, 180, 0]
		}
	},
	"elements": [
		{
			"from": [-4.59406, 12.9901, 0.15842],
			"to": [19.40594, 30.09901, 9.42574],
			"rotation": {
				"angle": 0,
				"axis": "y",
				"origin": [8, 8, 8]
			},
			"faces": {
				"north": {
					"uv": [2, 0.7, 14, 9.61429],
					"texture": "#1"
				}
			}
		},
		{
			"from": [19.30693, 30, 0.15842],
			"to": [-4.49505, 13.08911, -7.44554],
			"rotation": {
				"angle": 0,
				"axis": "y",
				"origin": [31.45544, 47.31683, 3.74257]
			},
			"faces": {
				"east": {
					"uv": [0, 0, 16, 16],
					"texture": "#5"
				},
				"west": {
					"uv": [16, 0, 0, 16],
					"texture": "#5"
				},
				"up": {
					"uv": [16, 16, 0, 0],
					"rotation": 90,
					"texture": "#5"
				},
				"down": {
					"uv": [0, 0, 16, 16],
					"rotation": 90,
					"texture": "#5"
				}
			}
		}
	]
}
