{"stats":{"minecraft:used":{"minecraft:diorite_stairs":2,"minecraft:calcite":3,"minecraft:moss_block":42,"minecraft:oak_trapdoor":4,"minecraft:diorite":199,"minecraft:cobblestone_stairs":1,"minecraft:polished_andesite":1,"minecraft:oak_planks":4,"minecraft:bone_block":1,"minecraft:oak_sign":27,"minecraft:blue_wool":11,"minecraft:polished_basalt":31,"minecraft:polished_tuff_wall":1,"minecraft:black_shulker_box":1,"minecraft:stone":14,"minecraft:zombie_spawn_egg":1,"minecraft:redstone_block":3,"minecraft:composter":14,"minecraft:cobblestone_slab":2,"minecraft:player_head":10,"minecraft:purpur_pillar":2,"minecraft:soul_campfire":1,"minecraft:white_wool":7,"minecraft:glow_item_frame":8,"minecraft:glow_berries":20,"minecraft:mossy_cobblestone":10,"minecraft:target":6,"minecraft:oak_slab":6,"minecraft:light_blue_wool":7,"minecraft:birch_sign":1,"minecraft:cobblestone_wall":1,"minecraft:orange_wool":543,"minecraft:stone_stairs":1,"minecraft:yellow_concrete":1,"minecraft:sponge":15,"minecraft:ochre_froglight":2,"minecraft:black_concrete_powder":2,"minecraft:cyan_wool":13,"minecraft:shears":8,"minecraft:shroomlight":1,"minecraft:black_terracotta":1,"minecraft:gray_terracotta":1,"minecraft:black_concrete":12,"minecraft:light":17,"minecraft:honey_block":9,"minecraft:sea_lantern":2,"minecraft:cyan_terracotta":1,"minecraft:quartz_pillar":41,"minecraft:red_wool":73,"minecraft:command_block":4,"minecraft:light_gray_concrete":1,"minecraft:lantern":1,"minecraft:oak_stairs":7,"minecraft:barrier":3,"minecraft:packed_mud":1,"minecraft:verdant_froglight":1,"minecraft:stone_button":1,"minecraft:oak_pressure_plate":4,"minecraft:deepslate":15,"minecraft:pink_wool":2,"minecraft:light_gray_wool":10,"minecraft:cobblestone":14,"minecraft:emerald_block":2,"minecraft:andesite":31,"minecraft:pearlescent_froglight":2,"minecraft:diorite_slab":5,"minecraft:pointed_dripstone":5},"minecraft:picked_up":{"minecraft:mossy_cobblestone_slab":1,"minecraft:stone_slab":1,"minecraft:cobblestone_stairs":1,"minecraft:stone_stairs":1,"minecraft:mycelium":1,"minecraft:cracked_stone_bricks":1,"minecraft:wheat_seeds":1,"minecraft:cobblestone_slab":1,"minecraft:bamboo":2,"minecraft:smooth_quartz_stairs":1,"minecraft:stone":1,"minecraft:red_wool":1,"minecraft:gray_dye":2,"minecraft:pointed_dripstone":6,"minecraft:redstone":2,"minecraft:mossy_cobblestone":1,"minecraft:rotten_flesh":1,"minecraft:carved_pumpkin":1,"minecraft:mossy_cobblestone_stairs":1,"minecraft:glow_berries":4,"minecraft:mangrove_propagule":1,"minecraft:cobblestone":1},"minecraft:mined":{"minecraft:small_dripleaf":1},"minecraft:custom":{"minecraft:open_shulker_box":4,"minecraft:time_since_death":637913,"minecraft:leave_game":400,"minecraft:damage_resisted":1652,"minecraft:climb_one_cm":55462,"minecraft:time_since_rest":637934,"minecraft:sprint_one_cm":2062873,"minecraft:damage_taken":22643,"minecraft:walk_one_cm":7457163,"minecraft:drop":9,"minecraft:swim_one_cm":12756,"minecraft:fly_one_cm":31017695,"minecraft:crouch_one_cm":11999,"minecraft:play_time":12988845,"minecraft:deaths":64,"minecraft:sneak_time":61237,"minecraft:walk_under_water_one_cm":79400,"minecraft:jump":19620,"minecraft:walk_on_water_one_cm":131451,"minecraft:total_world_time":15068379,"minecraft:fall_one_cm":260983},"minecraft:dropped":{"minecraft:glow_berries":3,"minecraft:mycelium":1,"minecraft:carved_pumpkin":1,"minecraft:gray_dye":3,"minecraft:redstone":3}},"DataVersion":3955}