{"stats":{"minecraft:used":{"minecraft:diorite_stairs":2,"minecraft:calcite":3,"minecraft:moss_block":42,"minecraft:oak_trapdoor":4,"minecraft:water_bucket":3,"minecraft:diorite":199,"minecraft:cobblestone_stairs":1,"minecraft:polished_andesite":3,"minecraft:oak_planks":4,"minecraft:bone_block":1,"minecraft:oak_sign":28,"minecraft:blue_wool":11,"minecraft:polished_basalt":32,"minecraft:polished_tuff_wall":1,"minecraft:black_shulker_box":1,"minecraft:stone":21,"minecraft:zombie_spawn_egg":1,"minecraft:redstone_block":3,"minecraft:composter":14,"minecraft:cobblestone_slab":2,"minecraft:player_head":10,"minecraft:purpur_pillar":2,"minecraft:cracked_stone_bricks":1,"minecraft:soul_campfire":1,"minecraft:white_wool":12,"minecraft:glow_item_frame":8,"minecraft:glow_berries":20,"minecraft:mossy_cobblestone":12,"minecraft:target":6,"minecraft:oak_slab":6,"minecraft:light_blue_wool":7,"minecraft:birch_sign":1,"minecraft:cobblestone_wall":1,"minecraft:orange_wool":615,"minecraft:stone_stairs":1,"minecraft:yellow_concrete":1,"minecraft:sponge":15,"minecraft:ochre_froglight":2,"minecraft:black_concrete_powder":2,"minecraft:cyan_wool":13,"minecraft:shears":8,"minecraft:shroomlight":1,"minecraft:black_terracotta":1,"minecraft:gray_terracotta":1,"minecraft:black_concrete":12,"minecraft:light":17,"minecraft:honey_block":9,"minecraft:sea_lantern":2,"minecraft:cyan_terracotta":1,"minecraft:quartz_pillar":41,"minecraft:red_wool":73,"minecraft:command_block":4,"minecraft:light_gray_concrete":1,"minecraft:lantern":1,"minecraft:oak_stairs":7,"minecraft:barrier":3,"minecraft:packed_mud":1,"minecraft:stone_button":1,"minecraft:verdant_froglight":1,"minecraft:oak_pressure_plate":4,"minecraft:deepslate":15,"minecraft:pink_wool":2,"minecraft:pink_stained_glass_pane":5,"minecraft:light_gray_wool":10,"minecraft:cobblestone":15,"minecraft:emerald_block":2,"minecraft:andesite":35,"minecraft:pink_stained_glass":5,"minecraft:pearlescent_froglight":2,"minecraft:diorite_slab":5,"minecraft:pointed_dripstone":5},"minecraft:custom":{"minecraft:open_shulker_box":4,"minecraft:leave_game":431,"minecraft:time_since_death":5724,"minecraft:damage_resisted":2092,"minecraft:climb_one_cm":58784,"minecraft:time_since_rest":5749,"minecraft:sprint_one_cm":2388358,"minecraft:damage_taken":29703,"minecraft:walk_one_cm":8706690,"minecraft:drop":17,"minecraft:swim_one_cm":12756,"minecraft:fly_one_cm":33353110,"minecraft:crouch_one_cm":14915,"minecraft:play_time":16201038,"minecraft:deaths":89,"minecraft:sneak_time":66310,"minecraft:walk_under_water_one_cm":88163,"minecraft:jump":22102,"minecraft:walk_on_water_one_cm":141980,"minecraft:total_world_time":18516446,"minecraft:fall_one_cm":274716},"minecraft:dropped":{"minecraft:glow_berries":3,"minecraft:mycelium":1,"minecraft:carved_pumpkin":9,"minecraft:gray_dye":3,"minecraft:redstone":3},"minecraft:mined":{"minecraft:small_dripleaf":1},"minecraft:picked_up":{"minecraft:mossy_cobblestone_slab":1,"minecraft:stone_slab":1,"minecraft:cobblestone_stairs":1,"minecraft:stone_stairs":1,"minecraft:mycelium":1,"minecraft:cracked_stone_bricks":1,"minecraft:wheat_seeds":1,"minecraft:cobblestone_slab":1,"minecraft:bamboo":2,"minecraft:smooth_quartz_stairs":1,"minecraft:stone":1,"minecraft:red_wool":1,"minecraft:gray_dye":2,"minecraft:pointed_dripstone":6,"minecraft:redstone":2,"minecraft:mossy_cobblestone":1,"minecraft:rotten_flesh":1,"minecraft:carved_pumpkin":9,"minecraft:mossy_cobblestone_stairs":1,"minecraft:glow_berries":4,"minecraft:mangrove_propagule":1,"minecraft:cobblestone":1}},"DataVersion":3955}