{"stats":{"minecraft:custom":{"minecraft:open_shulker_box":4,"minecraft:leave_game":465,"minecraft:time_since_death":351198,"minecraft:damage_resisted":2092,"minecraft:climb_one_cm":81442,"minecraft:time_since_rest":351229,"minecraft:walk_one_cm":9114282,"minecraft:sprint_one_cm":2638582,"minecraft:damage_taken":31313,"minecraft:drop":18,"minecraft:swim_one_cm":14489,"minecraft:fly_one_cm":37446355,"minecraft:crouch_one_cm":35251,"minecraft:play_time":18923771,"minecraft:deaths":103,"minecraft:sneak_time":79594,"minecraft:walk_under_water_one_cm":97268,"minecraft:jump":24129,"minecraft:walk_on_water_one_cm":170178,"minecraft:total_world_time":21453667,"minecraft:fall_one_cm":283888},"minecraft:mined":{"minecraft:small_dripleaf":1},"minecraft:dropped":{"minecraft:rotten_flesh":2,"minecraft:glow_berries":3,"minecraft:mycelium":1,"minecraft:carved_pumpkin":9,"minecraft:gray_dye":3,"minecraft:redstone":3},"minecraft:used":{"minecraft:diorite_stairs":2,"minecraft:calcite":3,"minecraft:oak_trapdoor":4,"minecraft:moss_block":42,"minecraft:water_bucket":3,"minecraft:diorite":199,"minecraft:cobblestone_stairs":1,"minecraft:redstone":13,"minecraft:polished_andesite":3,"minecraft:oak_planks":4,"minecraft:bone_block":1,"minecraft:oak_sign":28,"minecraft:blue_wool":11,"minecraft:polished_basalt":32,"minecraft:polished_tuff_wall":1,"minecraft:composter":14,"minecraft:black_shulker_box":1,"minecraft:stone":21,"minecraft:zombie_spawn_egg":1,"minecraft:redstone_block":3,"minecraft:cobblestone_slab":2,"minecraft:player_head":10,"minecraft:purpur_pillar":2,"minecraft:cracked_stone_bricks":1,"minecraft:oak_door":3,"minecraft:soul_campfire":1,"minecraft:white_wool":13,"minecraft:glow_item_frame":8,"minecraft:glow_berries":20,"minecraft:mossy_cobblestone":13,"minecraft:target":6,"minecraft:oak_slab":6,"minecraft:light_blue_wool":7,"minecraft:birch_sign":1,"minecraft:cobblestone_wall":1,"minecraft:orange_wool":635,"minecraft:stone_stairs":1,"minecraft:yellow_concrete":1,"minecraft:sponge":15,"minecraft:ochre_froglight":2,"minecraft:black_concrete_powder":2,"minecraft:cyan_wool":13,"minecraft:shears":8,"minecraft:shroomlight":1,"minecraft:redstone_torch":8,"minecraft:black_terracotta":1,"minecraft:black_concrete":14,"minecraft:gray_terracotta":1,"minecraft:lever":6,"minecraft:light":18,"minecraft:honey_block":9,"minecraft:sea_lantern":2,"minecraft:cyan_terracotta":1,"minecraft:quartz_pillar":41,"minecraft:red_wool":73,"minecraft:command_block":6,"minecraft:light_gray_concrete":1,"minecraft:lantern":1,"minecraft:chicken":9,"minecraft:oak_stairs":7,"minecraft:barrier":3,"minecraft:packed_mud":1,"minecraft:stone_button":1,"minecraft:verdant_froglight":1,"minecraft:oak_pressure_plate":4,"minecraft:deepslate":15,"minecraft:pink_wool":2,"minecraft:pink_stained_glass_pane":5,"minecraft:light_gray_wool":13,"minecraft:repeater":1,"minecraft:redstone_lamp":2,"minecraft:cobblestone":15,"minecraft:emerald_block":2,"minecraft:andesite":36,"minecraft:pink_stained_glass":5,"minecraft:pearlescent_froglight":2,"minecraft:diorite_slab":5,"minecraft:pointed_dripstone":5},"minecraft:picked_up":{"minecraft:mossy_cobblestone_slab":1,"minecraft:feather":3057,"minecraft:chicken":3070,"minecraft:stone_slab":1,"minecraft:cobblestone_stairs":1,"minecraft:stone_stairs":1,"minecraft:mycelium":1,"minecraft:bone":6,"minecraft:cracked_stone_bricks":1,"minecraft:wheat_seeds":1,"minecraft:cobblestone_slab":1,"minecraft:bamboo":2,"minecraft:smooth_quartz_stairs":1,"minecraft:stone":1,"minecraft:red_wool":1,"minecraft:gray_dye":2,"minecraft:pointed_dripstone":6,"minecraft:redstone":2,"minecraft:mossy_cobblestone":1,"minecraft:arrow":3,"minecraft:rotten_flesh":5,"minecraft:carved_pumpkin":9,"minecraft:mossy_cobblestone_stairs":1,"minecraft:glow_berries":4,"minecraft:mangrove_propagule":1,"minecraft:cobblestone":1}},"DataVersion":3955}