{"textures":{"0":"minecraft:block/moss_block","1":"minecraft:block/polished_granite","2":"minecraft:block/cherry_planks","3":"omega-flowey:custom/attacks/blank","4":"omega-flowey:custom/attacks/blank_1","5":"omega-flowey:custom/attacks/blank_2","6":"omega-flowey:custom/attacks/moss_block_1"},"display":{"head":{"rotation":[0,180,0]}},"elements":[{"from":[6.05938,5.71719,0.51812],"to":[10.19938,9.11719,5.31812],"rotation":{"angle":0,"axis":"y","origin":[8.12938,6.01719,1.81812]},"faces":{"north":{"uv":[5,0,5.875,0.75],"rotation":90,"texture":"#1"},"east":{"uv":[5,0,5.875,0.75],"rotation":90,"texture":"#1"},"south":{"uv":[5,0,5.875,0.75],"rotation":90,"texture":"#1"},"west":{"uv":[5,0,5.875,0.75],"rotation":90,"texture":"#1"},"up":{"uv":[5,0,5.875,0.75],"rotation":90,"texture":"#1"},"down":{"uv":[5,0,5.875,0.75],"rotation":90,"texture":"#1"}}},{"from":[6.05938,9.11719,1.51812],"to":[10.19938,12.11719,5.31812],"rotation":{"angle":0,"axis":"y","origin":[8.12938,6.01719,1.81812]},"faces":{"north":{"uv":[5,0,5.875,0.75],"rotation":90,"texture":"#1"},"east":{"uv":[5,0,5.875,0.75],"rotation":90,"texture":"#1"},"south":{"uv":[5,0,5.875,0.75],"rotation":90,"texture":"#1"},"west":{"uv":[5,0,5.875,0.75],"rotation":90,"texture":"#1"},"up":{"uv":[5,0,5.875,0.75],"rotation":90,"texture":"#1"},"down":{"uv":[5,0,5.875,0.75],"rotation":90,"texture":"#1"}}},{"from":[6.05938,2.66719,2.51812],"to":[10.19938,5.71719,5.31812],"rotation":{"angle":0,"axis":"y","origin":[8.12938,6.01719,1.81812]},"faces":{"north":{"uv":[5,0,5.875,0.75],"rotation":90,"texture":"#1"},"east":{"uv":[5,0,5.875,0.75],"rotation":90,"texture":"#1"},"south":{"uv":[5,0,5.875,0.75],"rotation":90,"texture":"#1"},"west":{"uv":[5,0,5.875,0.75],"rotation":90,"texture":"#1"},"up":{"uv":[5,0,5.875,0.75],"rotation":90,"texture":"#1"},"down":{"uv":[5,0,5.875,0.75],"rotation":90,"texture":"#1"}}},{"from":[6.05938,3.66719,0.71812],"to":[10.19938,5.71719,2.51812],"rotation":{"angle":0,"axis":"y","origin":[8.12938,6.01719,1.81812]},"faces":{"north":{"uv":[5,0,5.875,0.75],"rotation":90,"texture":"#1"},"east":{"uv":[5,0,5.875,0.75],"rotation":90,"texture":"#1"},"south":{"uv":[5,0,5.875,0.75],"rotation":90,"texture":"#1"},"west":{"uv":[5,0,5.875,0.75],"rotation":90,"texture":"#1"},"up":{"uv":[5,0,5.875,0.75],"rotation":90,"texture":"#1"},"down":{"uv":[5,0,5.875,0.75],"rotation":90,"texture":"#1"}}},{"from":[6.95938,2.66719,5.31812],"to":[10.19938,6.26719,10.11812],"rotation":{"angle":0,"axis":"y","origin":[8.12938,6.01719,1.81812]},"faces":{"north":{"uv":[5,0,5.875,0.75],"rotation":90,"texture":"#1"},"east":{"uv":[5,0,5.875,0.75],"rotation":90,"texture":"#1"},"south":{"uv":[5,0,5.875,0.75],"rotation":90,"texture":"#1"},"west":{"uv":[5,0,5.875,0.75],"rotation":90,"texture":"#1"},"up":{"uv":[5,0,5.875,0.75],"rotation":90,"texture":"#1"},"down":{"uv":[5,0,5.875,0.75],"rotation":90,"texture":"#1"}}},{"from":[6.95938,6.26719,5.31812],"to":[10.19938,11.51719,11.01812],"rotation":{"angle":0,"axis":"y","origin":[8.12938,6.01719,1.81812]},"faces":{"north":{"uv":[5,0,5.875,0.75],"rotation":90,"texture":"#1"},"east":{"uv":[5,0,5.875,0.75],"rotation":90,"texture":"#1"},"south":{"uv":[5,0,5.875,0.75],"rotation":90,"texture":"#1"},"west":{"uv":[5,0,5.875,0.75],"rotation":90,"texture":"#1"},"up":{"uv":[5,0,5.875,0.75],"rotation":90,"texture":"#1"},"down":{"uv":[5,0,5.875,0.75],"rotation":90,"texture":"#1"}}},{"from":[5.75938,2.36719,6.51812],"to":[9.29938,4.31719,11.31812],"rotation":{"angle":0,"axis":"y","origin":[8.12938,6.01719,1.81812]},"faces":{"north":{"uv":[5,0,5.875,0.75],"rotation":90,"texture":"#1"},"east":{"uv":[5,0,5.875,0.75],"rotation":90,"texture":"#1"},"south":{"uv":[5,0,5.875,0.75],"rotation":90,"texture":"#1"},"west":{"uv":[5,0,5.875,0.75],"rotation":90,"texture":"#1"},"up":{"uv":[5,0,5.875,0.75],"rotation":90,"texture":"#1"},"down":{"uv":[5,0,5.875,0.75],"rotation":90,"texture":"#1"}}},{"from":[5.75938,4.76719,6.51812],"to":[9.29938,6.71719,12.51812],"rotation":{"angle":0,"axis":"y","origin":[8.12938,6.01719,1.81812]},"faces":{"north":{"uv":[5,0,5.875,0.75],"rotation":90,"texture":"#1"},"east":{"uv":[5,0,5.875,0.75],"rotation":90,"texture":"#1"},"south":{"uv":[5,0,5.875,0.75],"rotation":90,"texture":"#1"},"west":{"uv":[5,0,5.875,0.75],"rotation":90,"texture":"#1"},"up":{"uv":[5,0,5.875,0.75],"rotation":90,"texture":"#1"},"down":{"uv":[5,0,5.875,0.75],"rotation":90,"texture":"#1"}}},{"from":[5.57938,5.12719,6.81812],"to":[6.89938,6.35719,8.01812],"rotation":{"angle":0,"axis":"y","origin":[8.12938,6.01719,1.81812]},"faces":{"north":{"uv":[5,0,5.875,0.75],"rotation":90,"texture":"#2"},"east":{"uv":[5,0,5.875,0.75],"rotation":90,"texture":"#2"},"south":{"uv":[5,0,5.875,0.75],"rotation":90,"texture":"#2"},"west":{"uv":[14,0,14.875,0.75],"rotation":90,"texture":"#2"},"up":{"uv":[5,0,5.875,0.75],"rotation":90,"texture":"#2"},"down":{"uv":[5,0,5.875,0.75],"rotation":90,"texture":"#2"}}},{"from":[8.21938,7.52719,16.71812],"to":[9.53938,8.75719,17.91812],"rotation":{"angle":0,"axis":"y","origin":[8.12938,6.01719,1.81812]},"faces":{"north":{"uv":[5,0,5.875,0.75],"rotation":90,"texture":"#4"},"east":{"uv":[5,0,5.875,0.75],"rotation":90,"texture":"#4"},"south":{"uv":[5,0,5.875,0.75],"rotation":90,"texture":"#4"},"west":{"uv":[14,0,14.875,0.75],"rotation":90,"texture":"#4"},"up":{"uv":[5,0,5.875,0.75],"rotation":90,"texture":"#4"},"down":{"uv":[5,0,5.875,0.75],"rotation":90,"texture":"#4"}}},{"from":[8.21938,9.92719,14.91812],"to":[9.53938,11.15719,16.11812],"rotation":{"angle":0,"axis":"y","origin":[8.12938,6.01719,1.81812]},"faces":{"north":{"uv":[5,0,5.875,0.75],"rotation":90,"texture":"#4"},"east":{"uv":[5,0,5.875,0.75],"rotation":90,"texture":"#4"},"south":{"uv":[5,0,5.875,0.75],"rotation":90,"texture":"#4"},"west":{"uv":[14,0,14.875,0.75],"rotation":90,"texture":"#4"},"up":{"uv":[5,0,5.875,0.75],"rotation":90,"texture":"#4"},"down":{"uv":[5,0,5.875,0.75],"rotation":90,"texture":"#4"}}},{"from":[5.57938,2.72719,6.81812],"to":[6.89938,3.95719,7.71812],"rotation":{"angle":0,"axis":"y","origin":[8.12938,6.01719,1.81812]},"faces":{"north":{"uv":[5,0,5.875,0.75],"rotation":90,"texture":"#2"},"east":{"uv":[5,0,5.875,0.75],"rotation":90,"texture":"#2"},"south":{"uv":[5,0,5.875,0.75],"rotation":90,"texture":"#2"},"west":{"uv":[14,0,14.875,0.75],"rotation":90,"texture":"#2"},"up":{"uv":[5,0,5.875,0.75],"rotation":90,"texture":"#2"},"down":{"uv":[5,0,5.875,0.75],"rotation":90,"texture":"#2"}}},{"from":[7.01938,7.16719,11.01812],"to":[9.35938,9.11719,18.21812],"rotation":{"angle":0,"axis":"y","origin":[8.12938,6.01719,1.81812]},"faces":{"north":{"uv":[5,0,5.875,0.75],"rotation":90,"texture":"#3"},"east":{"uv":[5,0,5.875,0.75],"rotation":90,"texture":"#3"},"south":{"uv":[5,0,5.875,0.75],"rotation":90,"texture":"#3"},"west":{"uv":[5,0,5.875,0.75],"rotation":90,"texture":"#3"},"up":{"uv":[5,0,5.875,0.75],"rotation":90,"texture":"#3"},"down":{"uv":[5,0,5.875,0.75],"rotation":90,"texture":"#3"}}},{"from":[7.13938,12.11719,2.26812],"to":[9.47938,16.86719,4.21812],"rotation":{"angle":0,"axis":"y","origin":[8.53438,11.04219,17.04312]},"faces":{"north":{"uv":[11,0,15.75,2.34],"rotation":270,"texture":"#0"},"east":{"uv":[7.81191,0,9.76191,4.75],"rotation":180,"texture":"#0"},"south":{"uv":[0,0,4.75,2.34],"rotation":90,"texture":"#0"},"west":{"uv":[6.56309,0,8.51309,4.75],"texture":"#0"},"up":{"uv":[0,6.56309,1.95,8.90309],"rotation":90,"texture":"#0"},"down":{"uv":[0,7.81191,1.95,10.15191],"rotation":270,"texture":"#0"}}},{"from":[7.13938,16.86719,2.26812],"to":[9.47938,18.11719,4.21812],"rotation":{"angle":0,"axis":"y","origin":[8.53438,11.04219,17.04312]},"faces":{"north":{"uv":[11,2,12.25,4.34],"rotation":270,"texture":"#5"},"east":{"uv":[7.81191,5,9.76191,6.25],"rotation":180,"texture":"#5"},"south":{"uv":[0,2,1.25,4.34],"rotation":90,"texture":"#5"},"west":{"uv":[6.56309,5,8.51309,6.25],"texture":"#5"},"up":{"uv":[0,6.56309,1.95,8.90309],"rotation":90,"texture":"#5"},"down":{"uv":[0,7.81191,1.95,10.15191],"rotation":270,"texture":"#5"}}},{"from":[7.13938,15.86719,0.31812],"to":[9.47938,17.86719,2.26812],"rotation":{"angle":0,"axis":"y","origin":[8.53438,11.04219,17.04312]},"faces":{"north":{"uv":[11,0,13,2.34],"rotation":270,"texture":"#6"},"east":{"uv":[5.81191,0,7.76191,2],"rotation":180,"texture":"#6"},"south":{"uv":[0,0,2,2.34],"rotation":90,"texture":"#6"},"west":{"uv":[4.56309,0,6.51309,2],"texture":"#6"},"up":{"uv":[0,4.56309,1.95,6.90309],"rotation":90,"texture":"#6"},"down":{"uv":[0,7.81191,1.95,10.15191],"rotation":270,"texture":"#6"}}},{"from":[7.67938,16.31719,2.08812],"to":[8.99938,17.81719,3.31812],"rotation":{"angle":0,"axis":"y","origin":[8.53438,11.04219,17.04312]},"faces":{"north":{"uv":[5,0,5.875,0.75],"rotation":270,"texture":"#5"},"east":{"uv":[5,0,5.875,0.75],"rotation":180,"texture":"#5"},"south":{"uv":[5,0,5.875,0.75],"rotation":90,"texture":"#5"},"west":{"uv":[14,0,14.875,0.75],"texture":"#5"},"up":{"uv":[5,0,5.875,0.75],"rotation":90,"texture":"#5"},"down":{"uv":[5,0,5.875,0.75],"rotation":270,"texture":"#5"}}},{"from":[7.01938,9.56719,11.01812],"to":[9.35938,11.51719,16.41812],"rotation":{"angle":0,"axis":"y","origin":[8.12938,6.01719,1.81812]},"faces":{"north":{"uv":[5,0,5.875,0.75],"rotation":90,"texture":"#3"},"east":{"uv":[5,0,5.875,0.75],"rotation":90,"texture":"#3"},"south":{"uv":[5,0,5.875,0.75],"rotation":90,"texture":"#3"},"west":{"uv":[5,0,5.875,0.75],"rotation":90,"texture":"#3"},"up":{"uv":[5,0,5.875,0.75],"rotation":90,"texture":"#3"},"down":{"uv":[5,0,5.875,0.75],"rotation":90,"texture":"#3"}}},{"from":[6.70938,6.26719,9.31812],"to":[10.44938,11.76719,12.01812],"rotation":{"angle":0,"axis":"y","origin":[8.12938,6.01719,1.81812]},"faces":{"north":{"uv":[5,0,10.5,3.74],"rotation":90,"texture":"#6"},"east":{"uv":[5,0,10.5,2.7],"rotation":90,"texture":"#6"},"south":{"uv":[5,0,10.5,3.74],"rotation":90,"texture":"#6"},"west":{"uv":[5,0,10.5,2.7],"rotation":90,"texture":"#6"},"up":{"uv":[5,0,7.7,3.74],"rotation":90,"texture":"#6"},"down":{"uv":[5,0,7.7,3.74],"rotation":90,"texture":"#6"}}},{"from":[7.95938,11.26719,11.51812],"to":[8.94938,12.26719,13.96812],"rotation":{"angle":-22.5,"axis":"x","origin":[8.45438,11.26719,12.86812]},"faces":{"north":{"uv":[5,0,10.5,3.74],"rotation":90,"texture":"#6"},"east":{"uv":[5,0,10.5,2.7],"rotation":90,"texture":"#6"},"south":{"uv":[5,0,10.5,3.74],"rotation":90,"texture":"#6"},"west":{"uv":[5,0,10.5,2.7],"rotation":90,"texture":"#6"},"up":{"uv":[5,0,7.7,3.74],"rotation":90,"texture":"#6"},"down":{"uv":[5,0,7.7,3.74],"rotation":90,"texture":"#6"}}},{"from":[7.95938,9.76719,11.51812],"to":[8.94938,10.76719,13.96812],"rotation":{"angle":0,"axis":"y","origin":[8.45438,11.26719,12.86812]},"faces":{"north":{"uv":[5,0,10.5,3.74],"rotation":90,"texture":"#6"},"east":{"uv":[5,0,10.5,2.7],"rotation":90,"texture":"#6"},"south":{"uv":[5,0,10.5,3.74],"rotation":90,"texture":"#6"},"west":{"uv":[5,0,10.5,2.7],"rotation":90,"texture":"#6"},"up":{"uv":[5,0,7.7,3.74],"rotation":90,"texture":"#6"},"down":{"uv":[5,0,7.7,3.74],"rotation":90,"texture":"#6"}}},{"from":[7.95938,8.01719,11.26812],"to":[8.94938,9.01719,13.71812],"rotation":{"angle":22.5,"axis":"x","origin":[8.45438,9.01719,12.74312]},"faces":{"north":{"uv":[5,0,10.5,3.74],"rotation":90,"texture":"#6"},"east":{"uv":[5,0,10.5,2.7],"rotation":90,"texture":"#6"},"south":{"uv":[5,0,10.5,3.74],"rotation":90,"texture":"#6"},"west":{"uv":[5,0,10.5,2.7],"rotation":90,"texture":"#6"},"up":{"uv":[5,0,7.7,3.74],"rotation":90,"texture":"#6"},"down":{"uv":[5,0,7.7,3.74],"rotation":90,"texture":"#6"}}},{"from":[7.95938,6.51719,11.01812],"to":[8.94938,7.51719,13.46812],"rotation":{"angle":22.5,"axis":"x","origin":[8.45438,9.01719,12.74312]},"faces":{"north":{"uv":[5,0,10.5,3.74],"rotation":90,"texture":"#6"},"east":{"uv":[5,0,10.5,2.7],"rotation":90,"texture":"#6"},"south":{"uv":[5,0,10.5,3.74],"rotation":90,"texture":"#6"},"west":{"uv":[5,0,10.5,2.7],"rotation":90,"texture":"#6"},"up":{"uv":[5,0,7.7,3.74],"rotation":90,"texture":"#6"},"down":{"uv":[5,0,7.7,3.74],"rotation":90,"texture":"#6"}}}]}
