{
	"textures": {
		"0": "minecraft:block/netherite_block",
		"1": "minecraft:block/anvil",
		"2": "minecraft:block/cauldron_inner",
		"3": "omega-flowey:custom/attacks/flowery"
	},
	"display": {
		"head": {
			"rotation": [0, 180, 0]
		}
	},
	"elements": [
		{
			"from": [4, 8.4, 4],
			"to": [11.2, 10, 11.2],
			"rotation": {
				"angle": 0,
				"axis": "y",
				"origin": [8, 8, 8]
			},
			"faces": {
				"north": {
					"uv": [3, 12, 5, 4],
					"rotation": 270,
					"texture": "#1"
				},
				"east": {
					"uv": [3, 7, 5, 15],
					"rotation": 90,
					"texture": "#1"
				},
				"south": {
					"uv": [3, 7, 5, 15],
					"rotation": 270,
					"texture": "#1"
				},
				"west": {
					"uv": [4, 7, 6, 15],
					"rotation": 270,
					"texture": "#1"
				},
				"up": {
					"uv": [3, 4, 13, 12],
					"texture": "#1"
				},
				"down": {
					"uv": [3, 4, 13, 12],
					"rotation": 180,
					"texture": "#1"
				}
			}
		},
		{
			"from": [3.2, 23.2, 3.2],
			"to": [12, 24.8, 12],
			"rotation": {
				"angle": 0,
				"axis": "y",
				"origin": [8, 8, 8]
			},
			"faces": {
				"north": {
					"uv": [0, 0, 11, 2],
					"texture": "#1"
				},
				"east": {
					"uv": [0, 0, 11, 2],
					"texture": "#1"
				},
				"south": {
					"uv": [0, 0, 11, 2],
					"texture": "#1"
				},
				"west": {
					"uv": [0, 0, 11, 2],
					"texture": "#1"
				},
				"up": {
					"uv": [0, 0, 11, 11],
					"texture": "#1"
				}
			}
		},
		{
			"from": [0.74633, 26.96918, 8.72],
			"to": [6.34633, 28.56918, 9.52],
			"rotation": {
				"angle": -45,
				"axis": "z",
				"origin": [3.54633, 27.76918, 9.92]
			},
			"faces": {
				"north": {
					"uv": [14, 0, 16, 7],
					"rotation": 90,
					"texture": "#0"
				},
				"south": {
					"uv": [0, 0, 2, 7],
					"rotation": 270,
					"texture": "#0"
				},
				"up": {
					"uv": [7, 3, 8, 10],
					"rotation": 270,
					"texture": "#0"
				},
				"down": {
					"uv": [0, 0, 1, 7],
					"rotation": 270,
					"texture": "#0"
				}
			}
		},
		{
			"from": [0.74633, 26.96918, 5.68],
			"to": [6.34633, 28.56918, 6.48],
			"rotation": {
				"angle": -45,
				"axis": "z",
				"origin": [3.54633, 27.76918, 5.28]
			},
			"faces": {
				"north": {
					"uv": [14, 0, 16, 7],
					"rotation": 90,
					"texture": "#0"
				},
				"south": {
					"uv": [0, 0, 2, 7],
					"rotation": 270,
					"texture": "#0"
				},
				"up": {
					"uv": [7, 3, 8, 10],
					"rotation": 270,
					"texture": "#0"
				},
				"down": {
					"uv": [0, 0, 1, 7],
					"rotation": 270,
					"texture": "#0"
				}
			}
		},
		{
			"from": [8.72, 26.97034, 0.70426],
			"to": [9.52, 28.57034, 6.30426],
			"rotation": {
				"angle": 45,
				"axis": "x",
				"origin": [9.92, 27.77034, 3.50426]
			},
			"faces": {
				"east": {
					"uv": [14, 0, 16, 7],
					"rotation": 90,
					"texture": "#0"
				},
				"west": {
					"uv": [0, 0, 2, 7],
					"rotation": 270,
					"texture": "#0"
				},
				"up": {
					"uv": [7, 3, 8, 10],
					"texture": "#0"
				},
				"down": {
					"uv": [0, 0, 1, 7],
					"rotation": 180,
					"texture": "#0"
				}
			}
		},
		{
			"from": [5.68, 26.97034, 0.70426],
			"to": [6.48, 28.57034, 6.30426],
			"rotation": {
				"angle": 45,
				"axis": "x",
				"origin": [5.28, 27.77034, 3.50426]
			},
			"faces": {
				"east": {
					"uv": [14, 0, 16, 7],
					"rotation": 90,
					"texture": "#0"
				},
				"west": {
					"uv": [0, 0, 2, 7],
					"rotation": 270,
					"texture": "#0"
				},
				"up": {
					"uv": [7, 3, 8, 10],
					"texture": "#0"
				},
				"down": {
					"uv": [0, 0, 1, 7],
					"rotation": 180,
					"texture": "#0"
				}
			}
		},
		{
			"from": [8.72, 26.72582, 8.4],
			"to": [9.52, 28.32582, 14],
			"rotation": {
				"angle": -45,
				"axis": "x",
				"origin": [9.95982, 29.20582, 10.8]
			},
			"faces": {
				"east": {
					"uv": [0, 0, 2, 7],
					"rotation": 270,
					"texture": "#0"
				},
				"west": {
					"uv": [14, 0, 16, 7],
					"rotation": 90,
					"texture": "#0"
				},
				"up": {
					"uv": [7, 3, 8, 10],
					"rotation": 180,
					"texture": "#0"
				},
				"down": {
					"uv": [0, 0, 1, 7],
					"texture": "#0"
				}
			}
		},
		{
			"from": [5.68, 26.72582, 8.4],
			"to": [6.48, 28.32582, 14],
			"rotation": {
				"angle": -45,
				"axis": "x",
				"origin": [9.95982, 29.20582, 10.8]
			},
			"faces": {
				"east": {
					"uv": [0, 0, 2, 7],
					"rotation": 270,
					"texture": "#0"
				},
				"west": {
					"uv": [14, 0, 16, 7],
					"rotation": 90,
					"texture": "#0"
				},
				"up": {
					"uv": [7, 3, 8, 10],
					"rotation": 180,
					"texture": "#0"
				},
				"down": {
					"uv": [0, 0, 1, 7],
					"texture": "#0"
				}
			}
		},
		{
			"from": [8.35982, 26.72582, 8.64],
			"to": [13.95982, 28.32582, 9.44],
			"rotation": {
				"angle": 45,
				"axis": "z",
				"origin": [10.75982, 29.20582, 10]
			},
			"faces": {
				"north": {
					"uv": [0, 0, 2, 7],
					"rotation": 270,
					"texture": "#0"
				},
				"south": {
					"uv": [14, 0, 16, 7],
					"rotation": 90,
					"texture": "#0"
				},
				"up": {
					"uv": [7, 3, 8, 10],
					"rotation": 90,
					"texture": "#0"
				},
				"down": {
					"uv": [0, 0, 1, 7],
					"rotation": 90,
					"texture": "#0"
				}
			}
		},
		{
			"from": [8.35982, 26.72582, 5.68],
			"to": [13.95982, 28.32582, 6.48],
			"rotation": {
				"angle": 45,
				"axis": "z",
				"origin": [10.75982, 29.20582, 10]
			},
			"faces": {
				"north": {
					"uv": [0, 0, 2, 7],
					"rotation": 270,
					"texture": "#0"
				},
				"south": {
					"uv": [14, 0, 16, 7],
					"rotation": 90,
					"texture": "#0"
				},
				"up": {
					"uv": [7, 3, 8, 10],
					"rotation": 90,
					"texture": "#0"
				},
				"down": {
					"uv": [0, 0, 1, 7],
					"rotation": 90,
					"texture": "#0"
				}
			}
		},
		{
			"from": [3.2, 9.6, 3.2],
			"to": [12, 11.2, 12],
			"rotation": {
				"angle": 0,
				"axis": "y",
				"origin": [8, 8, 8]
			},
			"faces": {
				"north": {
					"uv": [1, 9, 13, 11],
					"texture": "#1"
				},
				"east": {
					"uv": [1, 9, 13, 11],
					"texture": "#1"
				},
				"south": {
					"uv": [1, 9, 13, 11],
					"texture": "#1"
				},
				"west": {
					"uv": [1, 9, 13, 11],
					"texture": "#1"
				},
				"down": {
					"uv": [4, 3, 10, 13],
					"texture": "#1"
				}
			}
		},
		{
			"from": [4.8, 26.4, 4.8],
			"to": [10.4, 29.6, 10.4],
			"rotation": {
				"angle": 0,
				"axis": "y",
				"origin": [8, 8, 8]
			},
			"faces": {
				"north": {
					"uv": [0, 0, 7, 4],
					"texture": "#1"
				},
				"east": {
					"uv": [0, 0, 7, 4],
					"texture": "#1"
				},
				"south": {
					"uv": [0, 0, 7, 4],
					"texture": "#1"
				},
				"west": {
					"uv": [9, 12, 16, 16],
					"texture": "#1"
				}
			}
		},
		{
			"from": [9.6, 31.2, 13.6],
			"to": [15.2, 32, 15.2],
			"rotation": {
				"angle": 0,
				"axis": "y",
				"origin": [8, 8, 8]
			},
			"faces": {
				"north": {
					"uv": [0, 0, 7, 1],
					"texture": "#2"
				},
				"east": {
					"uv": [0, 12, 2, 13],
					"texture": "#2"
				},
				"south": {
					"uv": [9, 12, 16, 13],
					"texture": "#2"
				},
				"west": {
					"uv": [0, 0, 2, 1],
					"texture": "#2"
				},
				"up": {
					"uv": [4, 1, 11, 3],
					"texture": "#2"
				}
			}
		},
		{
			"from": [0, 31.2, 13.6],
			"to": [5.6, 32, 15.2],
			"rotation": {
				"angle": 0,
				"axis": "y",
				"origin": [8, 8, 8]
			},
			"faces": {
				"north": {
					"uv": [0, 0, 7, 1],
					"texture": "#2"
				},
				"east": {
					"uv": [0, 0, 2, 1],
					"texture": "#2"
				},
				"south": {
					"uv": [0, 12, 6, 13],
					"texture": "#2"
				},
				"west": {
					"uv": [14, 12, 16, 13],
					"texture": "#2"
				},
				"up": {
					"uv": [9, 0, 15, 2],
					"texture": "#2"
				}
			}
		},
		{
			"from": [0, 31.2, 0],
			"to": [5.6, 32, 1.6],
			"rotation": {
				"angle": 0,
				"axis": "y",
				"origin": [8, 8, 8]
			},
			"faces": {
				"north": {
					"uv": [9, 12, 16, 13],
					"texture": "#2"
				},
				"east": {
					"uv": [0, 0, 2, 1],
					"texture": "#2"
				},
				"south": {
					"uv": [0, 0, 7, 1],
					"texture": "#2"
				},
				"west": {
					"uv": [0, 12, 2, 13],
					"texture": "#2"
				},
				"up": {
					"uv": [1, 1, 8, 3],
					"texture": "#2"
				}
			}
		},
		{
			"from": [0, 31.2, 1.6],
			"to": [1.6, 32, 5.6],
			"rotation": {
				"angle": 0,
				"axis": "y",
				"origin": [8, 8, 8]
			},
			"faces": {
				"east": {
					"uv": [0, 0, 5, 1],
					"texture": "#2"
				},
				"south": {
					"uv": [0, 0, 2, 1],
					"texture": "#2"
				},
				"west": {
					"uv": [2, 12, 7, 13],
					"texture": "#2"
				},
				"up": {
					"uv": [1, 1, 3, 6],
					"texture": "#2"
				}
			}
		},
		{
			"from": [0, 31.2, 9.6],
			"to": [1.6, 32, 13.6],
			"rotation": {
				"angle": 0,
				"axis": "y",
				"origin": [8, 8, 8]
			},
			"faces": {
				"north": {
					"uv": [0, 0, 2, 1],
					"texture": "#2"
				},
				"east": {
					"uv": [0, 0, 5, 1],
					"texture": "#2"
				},
				"west": {
					"uv": [9, 12, 14, 13],
					"texture": "#2"
				},
				"up": {
					"uv": [0, 0, 2, 5],
					"texture": "#2"
				}
			}
		},
		{
			"from": [13.6, 31.2, 9.6],
			"to": [15.2, 32, 13.6],
			"rotation": {
				"angle": 0,
				"axis": "y",
				"origin": [8, 8, 8]
			},
			"faces": {
				"north": {
					"uv": [0, 0, 2, 1],
					"texture": "#2"
				},
				"east": {
					"uv": [1, 12, 6, 13],
					"texture": "#2"
				},
				"west": {
					"uv": [0, 0, 5, 1],
					"texture": "#2"
				},
				"up": {
					"uv": [1, 2, 3, 7],
					"texture": "#2"
				}
			}
		},
		{
			"from": [9.6, 31.2, 0],
			"to": [15.2, 32, 1.6],
			"rotation": {
				"angle": 0,
				"axis": "y",
				"origin": [8, 8, 8]
			},
			"faces": {
				"north": {
					"uv": [0, 12, 7, 13],
					"texture": "#2"
				},
				"east": {
					"uv": [14, 12, 16, 13],
					"texture": "#2"
				},
				"south": {
					"uv": [0, 0, 7, 1],
					"texture": "#2"
				},
				"west": {
					"uv": [0, 0, 2, 1],
					"texture": "#2"
				},
				"up": {
					"uv": [9, 1, 16, 3],
					"texture": "#2"
				}
			}
		},
		{
			"from": [13.6, 31.2, 1.6],
			"to": [15.2, 32, 5.6],
			"rotation": {
				"angle": 0,
				"axis": "y",
				"origin": [8, 8, 8]
			},
			"faces": {
				"east": {
					"uv": [9, 12, 14, 13],
					"texture": "#2"
				},
				"south": {
					"uv": [0, 0, 2, 1],
					"texture": "#2"
				},
				"west": {
					"uv": [0, 0, 5, 1],
					"texture": "#2"
				},
				"up": {
					"uv": [1, 5, 3, 10],
					"texture": "#2"
				}
			}
		},
		{
			"from": [0, 28.8, 0],
			"to": [15.2, 31.2, 15.2],
			"rotation": {
				"angle": 0,
				"axis": "y",
				"origin": [8, 8, 8]
			},
			"faces": {
				"north": {
					"uv": [0, 13, 16, 16],
					"texture": "#2"
				},
				"east": {
					"uv": [0, 13, 16, 16],
					"texture": "#2"
				},
				"south": {
					"uv": [0, 13, 16, 16],
					"texture": "#2"
				},
				"west": {
					"uv": [0, 13, 16, 16],
					"texture": "#2"
				},
				"up": {
					"uv": [0, 0, 16, 16],
					"texture": "#2"
				},
				"down": {
					"uv": [0, 0, 16, 16],
					"texture": "#2"
				}
			}
		},
		{
			"from": [4, 24.8, 4],
			"to": [11.2, 26.4, 11.2],
			"rotation": {
				"angle": 0,
				"axis": "y",
				"origin": [8, 8, 8]
			},
			"faces": {
				"north": {
					"uv": [0, 0, 16, 2],
					"texture": "#1"
				},
				"east": {
					"uv": [0, 0, 16, 2],
					"texture": "#1"
				},
				"south": {
					"uv": [0, 0, 16, 2],
					"texture": "#1"
				},
				"west": {
					"uv": [0, 0, 16, 2],
					"texture": "#1"
				},
				"up": {
					"uv": [4, 4, 13, 13],
					"texture": "#1"
				}
			}
		},
		{
			"from": [2.4, 21.6, 2.4],
			"to": [12.8, 23.2, 12.8],
			"rotation": {
				"angle": 0,
				"axis": "y",
				"origin": [8, 8, 8]
			},
			"faces": {
				"north": {
					"uv": [0, 0, 13, 2],
					"texture": "#1"
				},
				"east": {
					"uv": [0, 0, 13, 2],
					"texture": "#1"
				},
				"south": {
					"uv": [0, 0, 13, 2],
					"texture": "#1"
				},
				"west": {
					"uv": [0, 0, 13, 2],
					"texture": "#1"
				},
				"up": {
					"uv": [0, 0, 13, 13],
					"texture": "#1"
				}
			}
		},
		{
			"from": [1.6, 13.6, 1.6],
			"to": [13.6, 21.6, 13.6],
			"rotation": {
				"angle": 0,
				"axis": "y",
				"origin": [8, 8, 8]
			},
			"faces": {
				"north": {
					"uv": [0, 3, 16, 13],
					"texture": "#3"
				},
				"east": {
					"uv": [1, 3, 16, 13],
					"texture": "#1"
				},
				"south": {
					"uv": [1, 3, 16, 13],
					"texture": "#3"
				},
				"west": {
					"uv": [1, 3, 16, 13],
					"texture": "#1"
				},
				"up": {
					"uv": [0, 0, 15, 15],
					"texture": "#1"
				},
				"down": {
					"uv": [0, 0, 15, 15],
					"texture": "#1"
				}
			}
		},
		{
			"from": [2.4, 11.2, 2.4],
			"to": [12.8, 13.6, 12.8],
			"rotation": {
				"angle": 0,
				"axis": "y",
				"origin": [8, 8, 8]
			},
			"faces": {
				"north": {
					"uv": [1, 9, 14, 12],
					"texture": "#1"
				},
				"east": {
					"uv": [1, 9, 14, 12],
					"texture": "#1"
				},
				"south": {
					"uv": [1, 9, 14, 12],
					"texture": "#1"
				},
				"west": {
					"uv": [1, 9, 14, 12],
					"texture": "#1"
				},
				"down": {
					"uv": [0, 0, 13, 13],
					"texture": "#1"
				}
			}
		}
	]
}
