{
	"textures": {
		"5": "omega-flowey:custom/attacks/blank"
	},
	"display": {
		"head": {
			"rotation": [0, 180, 0]
		}
	},
	"elements": [
		{
			"from": [7, 8, 7],
			"to": [9, 10, 9],
			"rotation": {
				"angle": 0,
				"axis": "y",
				"origin": [7.12879, 14.47293, 7.11659]
			},
			"faces": {
				"north": {
					"uv": [9, 10, 11, 12],
					"texture": "#5"
				},
				"east": {
					"uv": [6, 9, 8, 11],
					"texture": "#5"
				},
				"south": {
					"uv": [8, 8, 10, 10],
					"texture": "#5"
				},
				"west": {
					"uv": [6, 10, 8, 12],
					"texture": "#5"
				},
				"up": {
					"uv": [10, 11, 12, 13],
					"texture": "#5"
				},
				"down": {
					"uv": [7, 9, 9, 11],
					"texture": "#5"
				}
			}
		}
	]
}
