{"textures":{"0":"minecraft:block/polished_granite","1":"minecraft:block/bone_block_side"},"display":{"head":{"rotation":[0,180,0]}},"elements":[{"from":[10.54586,4.60552,4.60552],"to":[13.09171,6.30276,26.88177],"rotation":{"angle":0,"axis":"y","origin":[12.24309,4.60552,24.12376]},"faces":{"north":{"uv":[3,2,6,4],"texture":"#0"},"east":{"uv":[1,6,14,8],"texture":"#0"},"south":{"uv":[3,2,6,4],"texture":"#0"},"west":{"uv":[3,3,16,5],"texture":"#0"},"up":{"uv":[6,0,9,16],"texture":"#0"},"down":{"uv":[2,4,15,6],"rotation":90,"texture":"#0"}}},{"from":[10.54586,13.09171,4.60552],"to":[13.09171,14.78895,26.88177],"rotation":{"angle":0,"axis":"y","origin":[12.24309,13.09171,24.12376]},"faces":{"north":{"uv":[3,7,6,9],"texture":"#0"},"east":{"uv":[15,10,2,12],"texture":"#0"},"south":{"uv":[3,7,6,9],"texture":"#0"},"west":{"uv":[2,13,15,15],"texture":"#0"},"up":{"uv":[2,5,15,7],"rotation":90,"texture":"#0"},"down":{"uv":[2,5,15,7],"rotation":90,"texture":"#0"}}},{"from":[8.8221,11.39448,4.60552],"to":[10.54586,13.09171,26.88177],"rotation":{"angle":0,"axis":"y","origin":[9.69724,11.39448,24.12376]},"faces":{"north":{"uv":[1,5,3,7],"texture":"#0"},"east":{"uv":[1,11,14,13],"texture":"#0"},"south":{"uv":[1,5,3,7],"texture":"#0"},"west":{"uv":[14,8,1,10],"texture":"#0"},"up":{"uv":[2,7,15,9],"rotation":90,"texture":"#0"},"down":{"uv":[2,7,15,9],"rotation":90,"texture":"#0"}}},{"from":[8.8221,6.30276,4.60552],"to":[10.54586,8,26.88177],"rotation":{"angle":0,"axis":"y","origin":[9.69724,6.30276,24.12376]},"faces":{"north":{"uv":[4,2,6,4],"texture":"#0"},"east":{"uv":[1,11,14,13],"texture":"#0"},"south":{"uv":[4,2,6,4],"texture":"#0"},"west":{"uv":[1,11,14,13],"texture":"#0"},"up":{"uv":[1,2,14,4],"rotation":90,"texture":"#0"},"down":{"uv":[1,2,14,4],"rotation":90,"texture":"#0"}}},{"from":[8.84862,8,2.90829],"to":[10.54586,11.39448,4.60552],"rotation":{"angle":0,"axis":"y","origin":[9.69724,8,29.21547]},"faces":{"north":{"uv":[1,5,3,9],"texture":"#0"},"east":{"uv":[5,7,7,11],"texture":"#0"},"south":{"uv":[2,0,4,4],"texture":"#0"},"west":{"uv":[5,7,7,11],"texture":"#0"},"up":{"uv":[2,0,4,2],"texture":"#0"},"down":{"uv":[2,0,4,2],"texture":"#0"}}},{"from":[10.54586,11.39448,2.90829],"to":[13.09171,13.09171,4.60552],"rotation":{"angle":0,"axis":"y","origin":[11.39448,9.69724,29.21547]},"faces":{"north":{"uv":[2,4,5,6],"texture":"#0"},"east":{"uv":[6,9,8,11],"texture":"#0"},"south":{"uv":[2,4,5,6],"texture":"#0"},"west":{"uv":[6,9,8,11],"texture":"#0"},"up":{"uv":[3,0,6,2],"texture":"#0"},"down":{"uv":[3,0,6,2],"texture":"#0"}}},{"from":[10.54586,11.39448,22.42652],"to":[13.09171,13.09171,26.88177],"rotation":{"angle":0,"axis":"y","origin":[11.39448,9.69724,48.7337]},"faces":{"north":{"uv":[3,0,6,2],"texture":"#0"},"east":{"uv":[4,2,6,4],"texture":"#0"},"south":{"uv":[8,7,11,9],"texture":"#0"},"west":{"uv":[2,0,4,2],"texture":"#0"},"up":{"uv":[3,0,6,2],"texture":"#0"},"down":{"uv":[3,0,6,2],"texture":"#0"}}},{"from":[10.54586,6.30276,22.42652],"to":[13.09171,8,26.88177],"rotation":{"angle":0,"axis":"y","origin":[11.39448,4.60552,48.7337]},"faces":{"north":{"uv":[3,0,6,2],"texture":"#0"},"east":{"uv":[2,3,5,5],"texture":"#0"},"south":{"uv":[7,5,10,7],"texture":"#0"},"west":{"uv":[3,0,6,2],"texture":"#0"},"up":{"uv":[3,0,6,3],"texture":"#0"},"down":{"uv":[3,0,6,3],"texture":"#0"}}},{"from":[10.54586,8,23.27514],"to":[13.09171,11.39448,26.88177],"rotation":{"angle":0,"axis":"y","origin":[11.39448,8,49.58232]},"faces":{"north":{"uv":[4,2,7,6],"texture":"#0"},"east":{"uv":[4,4,6,8],"texture":"#0"},"south":{"uv":[10,7,13,11],"texture":"#0"},"west":{"uv":[2,0,4,4],"texture":"#0"},"up":{"uv":[3,0,6,2],"texture":"#0"},"down":{"uv":[3,0,6,2],"texture":"#0"}}},{"from":[8.84862,8,22.42652],"to":[10.54586,11.39448,26.88177],"rotation":{"angle":0,"axis":"y","origin":[9.69724,8,49.58232]},"faces":{"north":{"uv":[2,0,4,4],"texture":"#0"},"east":{"uv":[4,3,7,7],"texture":"#0"},"south":{"uv":[11,6,13,10],"texture":"#0"},"west":{"uv":[3,0,6,4],"texture":"#0"},"up":{"uv":[2,0,4,3],"texture":"#0"},"down":{"uv":[2,0,4,3],"texture":"#0"}}},{"from":[10.54586,6.30276,2.90829],"to":[13.09171,8,4.60552],"rotation":{"angle":0,"axis":"y","origin":[11.39448,4.60552,29.21547]},"faces":{"north":{"uv":[4,2,7,4],"texture":"#0"},"east":{"uv":[2,4,4,6],"texture":"#0"},"south":{"uv":[6,6,9,8],"texture":"#0"},"west":{"uv":[2,4,4,6],"texture":"#0"},"up":{"uv":[6,4,9,6],"texture":"#0"},"down":{"uv":[4,5,7,7],"texture":"#0"}}},{"from":[7.15138,8,4.60552],"to":[8.84862,11.39448,26.88177],"rotation":{"angle":0,"axis":"y","origin":[8,8,24.12376]},"faces":{"north":{"uv":[5,7,7,11],"texture":"#0"},"east":{"uv":[1,6,14,10],"texture":"#0"},"south":{"uv":[5,7,7,11],"texture":"#0"},"west":{"uv":[1,6,14,10],"texture":"#0"},"up":{"uv":[1,4,14,6],"rotation":90,"texture":"#0"},"down":{"uv":[1,4,14,6],"rotation":90,"texture":"#0"}}},{"from":[8.89105,11.39448,21.5779],"to":[10.54586,13.94033,24.12376],"rotation":{"angle":0,"axis":"y","origin":[9.69724,10.54586,48.7337]},"faces":{"north":{"uv":[10,9,11.95,12],"texture":"#0"},"east":{"uv":[4,6,7,9],"texture":"#0"},"south":{"uv":[9,3,10.95,6],"texture":"#0"},"west":{"uv":[3,3,6,6],"texture":"#0"},"up":{"uv":[9,11,10.95,14],"texture":"#0"},"down":{"uv":[7,6,8.95,9],"texture":"#0"}}},{"from":[7.60221,5.87845,24.33591],"to":[10.52994,8,26.90829],"rotation":{"angle":0,"axis":"y","origin":[8.45083,4.60552,51.49171]},"faces":{"north":{"uv":[9.95,9,8,12],"texture":"#0"},"east":{"uv":[5,3,3,6],"texture":"#0"},"south":{"uv":[10.95,3,9,6],"texture":"#0"},"west":{"uv":[5,3,3,6],"texture":"#0"},"up":{"uv":[10.95,11,9,14],"texture":"#0"},"down":{"uv":[9.95,6,7,8],"texture":"#0"}}},{"from":[8.84862,8,4.60552],"to":[10.12155,9.69724,22.42652],"rotation":{"angle":0,"axis":"y","origin":[9.69724,8,5.45414]},"faces":{"north":{"uv":[0,0,1.5,2],"texture":"#1"},"east":{"uv":[0,0,16,2],"texture":"#1"},"south":{"uv":[0,0,1.5,2],"texture":"#1"},"west":{"uv":[0,0,16,2],"texture":"#1"},"up":{"uv":[0,0,1.5,16],"texture":"#1"},"down":{"uv":[0,0,1.5,16],"texture":"#1"}}},{"from":[10.12155,8.84862,4.60552],"to":[11.39448,9.69724,6.30276],"rotation":{"angle":0,"axis":"y","origin":[10.97017,8,5.45414]},"faces":{"north":{"uv":[0,0,1.5,1],"texture":"#1"},"east":{"uv":[0,0,2,1],"texture":"#1"},"south":{"uv":[0,0,1.5,1],"texture":"#1"},"west":{"uv":[0,0,2,1],"texture":"#1"},"up":{"uv":[0,0,1.5,2],"texture":"#1"},"down":{"uv":[0,0,1.5,2],"texture":"#1"}}},{"from":[10.12155,8,5.87845],"to":[11.81878,8.84862,7.57569],"rotation":{"angle":0,"axis":"y","origin":[10.97017,7.15138,6.72707]},"faces":{"north":{"uv":[0,0,2,1],"texture":"#1"},"east":{"uv":[0,0,2,1],"texture":"#1"},"south":{"uv":[0,0,2,1],"texture":"#1"},"west":{"uv":[0,0,2,1],"texture":"#1"},"up":{"uv":[0,0,2,2],"texture":"#1"},"down":{"uv":[0,0,2,2],"texture":"#1"}}},{"from":[10.12155,8,19.45635],"to":[11.81878,8.84862,21.15359],"rotation":{"angle":0,"axis":"y","origin":[10.97017,7.15138,20.30497]},"faces":{"north":{"uv":[0,0,2,1],"texture":"#1"},"east":{"uv":[0,0,2,1],"texture":"#1"},"south":{"uv":[0,0,2,1],"texture":"#1"},"west":{"uv":[0,0,2,1],"texture":"#1"},"up":{"uv":[0,0,2,2],"texture":"#1"},"down":{"uv":[0,0,2,2],"texture":"#1"}}},{"from":[10.12155,8,8.84862],"to":[12.6674,8.84862,11.39448],"rotation":{"angle":0,"axis":"y","origin":[10.97017,7.15138,10.12155]},"faces":{"north":{"uv":[0,0,3,1],"texture":"#1"},"east":{"uv":[0,0,3,1],"texture":"#1"},"south":{"uv":[0,0,3,1],"texture":"#1"},"west":{"uv":[0,0,3,1],"texture":"#1"},"up":{"uv":[0,0,3,3],"texture":"#1"},"down":{"uv":[0,0,3,3],"texture":"#1"}}},{"from":[10.12155,8,12.24309],"to":[13.30387,8.84862,14.78895],"rotation":{"angle":0,"axis":"y","origin":[10.97017,7.15138,13.51602]},"faces":{"north":{"uv":[0,0,3.75,1],"texture":"#1"},"east":{"uv":[0,0,3,1],"texture":"#1"},"south":{"uv":[0,0,3.75,1],"texture":"#1"},"west":{"uv":[0,0,3,1],"texture":"#1"},"up":{"uv":[0,0,3.75,3],"texture":"#1"},"down":{"uv":[0,0,3.75,3],"texture":"#1"}}},{"from":[10.12155,8,15.63757],"to":[12.6674,8.84862,18.18343],"rotation":{"angle":0,"axis":"y","origin":[10.97017,7.15138,16.9105]},"faces":{"north":{"uv":[0,0,3,1],"texture":"#1"},"east":{"uv":[0,0,3,1],"texture":"#1"},"south":{"uv":[0,0,3,1],"texture":"#1"},"west":{"uv":[0,0,3,1],"texture":"#1"},"up":{"uv":[0,0,3,3],"texture":"#1"},"down":{"uv":[0,0,3,3],"texture":"#1"}}},{"from":[10.12155,8.84862,20.72928],"to":[11.39448,9.69724,22.42652],"rotation":{"angle":0,"axis":"y","origin":[10.97017,8,20.72928]},"faces":{"north":{"uv":[0,0,1.5,1],"texture":"#1"},"east":{"uv":[0,0,2,1],"texture":"#1"},"south":{"uv":[0,0,1.5,1],"texture":"#1"},"west":{"uv":[0,0,2,1],"texture":"#1"},"up":{"uv":[0,0,1.5,2],"texture":"#1"},"down":{"uv":[0,0,1.5,2],"texture":"#1"}}},{"from":[10.12155,8.84862,7.15138],"to":[12.24309,9.69724,9.69724],"rotation":{"angle":0,"axis":"y","origin":[10.97017,8,8]},"faces":{"north":{"uv":[0,0,2.5,1],"texture":"#1"},"east":{"uv":[0,0,3,1],"texture":"#1"},"south":{"uv":[0,0,2.5,1],"texture":"#1"},"west":{"uv":[0,0,3,1],"texture":"#1"},"up":{"uv":[0,0,2.5,3],"texture":"#1"},"down":{"uv":[0,0,2.5,3],"texture":"#1"}}},{"from":[10.12155,8.84862,17.33481],"to":[12.24309,9.69724,19.88066],"rotation":{"angle":0,"axis":"y","origin":[10.97017,8,18.18343]},"faces":{"north":{"uv":[0,0,2.5,1],"texture":"#1"},"east":{"uv":[0,0,3,1],"texture":"#1"},"south":{"uv":[0,0,2.5,1],"texture":"#1"},"west":{"uv":[0,0,3,1],"texture":"#1"},"up":{"uv":[0,0,2.5,3],"texture":"#1"},"down":{"uv":[0,0,2.5,3],"texture":"#1"}}},{"from":[10.12155,8.84862,10.54586],"to":[13.09171,9.69724,13.09171],"rotation":{"angle":0,"axis":"y","origin":[10.97017,8,11.39448]},"faces":{"north":{"uv":[0,0,3.5,1],"texture":"#1"},"east":{"uv":[0,0,3,1],"texture":"#1"},"south":{"uv":[0,0,3.5,1],"texture":"#1"},"west":{"uv":[0,0,3,1],"texture":"#1"},"up":{"uv":[0,0,3.5,3],"texture":"#1"},"down":{"uv":[0,0,3.5,3],"texture":"#1"}}},{"from":[10.12155,8.84862,13.94033],"to":[13.09171,9.69724,16.48619],"rotation":{"angle":0,"axis":"y","origin":[10.97017,8,14.78895]},"faces":{"north":{"uv":[0,0,3.5,1],"texture":"#1"},"east":{"uv":[0,0,3,1],"texture":"#1"},"south":{"uv":[0,0,3.5,1],"texture":"#1"},"west":{"uv":[0,0,3,1],"texture":"#1"},"up":{"uv":[0,0,3.5,3],"texture":"#1"},"down":{"uv":[0,0,3.5,3],"texture":"#1"}}},{"from":[11.81878,6.30276,13.94033],"to":[14.78895,7.15138,16.48619],"rotation":{"angle":0,"axis":"y","origin":[12.6674,8,14.78895]},"faces":{"north":{"uv":[0,1,3.5,2],"texture":"#1"},"east":{"uv":[0,1,3,2],"texture":"#1"},"south":{"uv":[0,1,3.5,2],"texture":"#1"},"west":{"uv":[0,1,3,2],"texture":"#1"},"up":{"uv":[0,3,3.5,6],"texture":"#1"},"down":{"uv":[0,3,3.5,6],"texture":"#1"}}},{"from":[11.81878,6.30276,10.54586],"to":[14.78895,7.15138,13.09171],"rotation":{"angle":0,"axis":"y","origin":[12.6674,8,11.39448]},"faces":{"north":{"uv":[0,1,3.5,2],"texture":"#1"},"east":{"uv":[0,1,3,2],"texture":"#1"},"south":{"uv":[0,1,3.5,2],"texture":"#1"},"west":{"uv":[0,1,3,2],"texture":"#1"},"up":{"uv":[0,3,3.5,6],"texture":"#1"},"down":{"uv":[0,3,3.5,6],"texture":"#1"}}},{"from":[11.81878,6.30276,17.33481],"to":[13.94033,7.15138,19.88066],"rotation":{"angle":0,"axis":"y","origin":[12.6674,8,18.18343]},"faces":{"north":{"uv":[0,1,2.5,2],"texture":"#1"},"east":{"uv":[0,1,3,2],"texture":"#1"},"south":{"uv":[0,1,2.5,2],"texture":"#1"},"west":{"uv":[0,1,3,2],"texture":"#1"},"up":{"uv":[0,3,2.5,6],"texture":"#1"},"down":{"uv":[0,3,2.5,6],"texture":"#1"}}},{"from":[11.81878,6.30276,7.15138],"to":[13.94033,7.15138,9.69724],"rotation":{"angle":0,"axis":"y","origin":[12.6674,8,8]},"faces":{"north":{"uv":[0,1,2.5,2],"texture":"#1"},"east":{"uv":[0,1,3,2],"texture":"#1"},"south":{"uv":[0,1,2.5,2],"texture":"#1"},"west":{"uv":[0,1,3,2],"texture":"#1"},"up":{"uv":[0,3,2.5,6],"texture":"#1"},"down":{"uv":[0,3,2.5,6],"texture":"#1"}}},{"from":[11.81878,6.30276,20.72928],"to":[13.09171,7.15138,22.42652],"rotation":{"angle":0,"axis":"y","origin":[12.6674,8,20.72928]},"faces":{"north":{"uv":[0,1,1.5,2],"texture":"#1"},"east":{"uv":[0,1,2,2],"texture":"#1"},"south":{"uv":[0,1,1.5,2],"texture":"#1"},"west":{"uv":[0,1,2,2],"texture":"#1"},"up":{"uv":[0,2,1.5,4],"texture":"#1"},"down":{"uv":[0,2,1.5,4],"texture":"#1"}}},{"from":[11.81878,7.15138,15.63757],"to":[14.36464,8,18.18343],"rotation":{"angle":0,"axis":"y","origin":[12.6674,8.84862,16.9105]},"faces":{"north":{"uv":[0,1,3,2],"texture":"#1"},"east":{"uv":[0,1,3,2],"texture":"#1"},"south":{"uv":[0,1,3,2],"texture":"#1"},"west":{"uv":[0,1,3,2],"texture":"#1"},"up":{"uv":[0,3,3,6],"texture":"#1"},"down":{"uv":[0,3,3,6],"texture":"#1"}}},{"from":[11.81878,7.15138,12.24309],"to":[15.0011,8,14.78895],"rotation":{"angle":0,"axis":"y","origin":[12.6674,8.84862,13.51602]},"faces":{"north":{"uv":[0,1,3.75,2],"texture":"#1"},"east":{"uv":[0,1,3,2],"texture":"#1"},"south":{"uv":[0,1,3.75,2],"texture":"#1"},"west":{"uv":[0,1,3,2],"texture":"#1"},"up":{"uv":[0,3,3.75,6],"texture":"#1"},"down":{"uv":[0,3,3.75,6],"texture":"#1"}}},{"from":[11.81878,7.15138,8.84862],"to":[14.36464,8,11.39448],"rotation":{"angle":0,"axis":"y","origin":[12.6674,8.84862,10.12155]},"faces":{"north":{"uv":[0,1,3,2],"texture":"#1"},"east":{"uv":[0,1,3,2],"texture":"#1"},"south":{"uv":[0,1,3,2],"texture":"#1"},"west":{"uv":[0,1,3,2],"texture":"#1"},"up":{"uv":[0,3,3,6],"texture":"#1"},"down":{"uv":[0,3,3,6],"texture":"#1"}}},{"from":[11.81878,7.15138,19.45635],"to":[13.51602,8,21.15359],"rotation":{"angle":0,"axis":"y","origin":[12.6674,8.84862,20.30497]},"faces":{"north":{"uv":[0,1,2,2],"texture":"#1"},"east":{"uv":[0,1,2,2],"texture":"#1"},"south":{"uv":[0,1,2,2],"texture":"#1"},"west":{"uv":[0,1,2,2],"texture":"#1"},"up":{"uv":[0,2,2,4],"texture":"#1"},"down":{"uv":[0,2,2,4],"texture":"#1"}}},{"from":[11.81878,7.15138,5.87845],"to":[13.51602,8,7.57569],"rotation":{"angle":0,"axis":"y","origin":[12.6674,8.84862,6.72707]},"faces":{"north":{"uv":[0,1,2,2],"texture":"#1"},"east":{"uv":[0,1,2,2],"texture":"#1"},"south":{"uv":[0,1,2,2],"texture":"#1"},"west":{"uv":[0,1,2,2],"texture":"#1"},"up":{"uv":[0,2,2,4],"texture":"#1"},"down":{"uv":[0,2,2,4],"texture":"#1"}}},{"from":[11.81878,6.30276,4.60552],"to":[13.09171,7.15138,6.30276],"rotation":{"angle":0,"axis":"y","origin":[12.6674,8,5.45414]},"faces":{"north":{"uv":[0,1,1.5,2],"texture":"#1"},"east":{"uv":[0,1,2,2],"texture":"#1"},"south":{"uv":[0,1,1.5,2],"texture":"#1"},"west":{"uv":[0,1,2,2],"texture":"#1"},"up":{"uv":[0,2,1.5,4],"texture":"#1"},"down":{"uv":[0,2,1.5,4],"texture":"#1"}}},{"from":[10.54586,6.30276,4.60552],"to":[11.81878,8,22.42652],"rotation":{"angle":0,"axis":"y","origin":[11.39448,8,5.45414]},"faces":{"north":{"uv":[0,2,1.5,4],"texture":"#1"},"east":{"uv":[0,2,16,4],"texture":"#1"},"south":{"uv":[0,2,1.5,4],"texture":"#1"},"west":{"uv":[0,2,16,4],"texture":"#1"},"up":{"uv":[0,0,1.5,16],"texture":"#1"},"down":{"uv":[0,0,1.5,16],"texture":"#1"}}},{"from":[8.84862,9.69724,4.60552],"to":[10.12155,11.39448,22.42652],"rotation":{"angle":0,"axis":"y","origin":[9.69724,9.69724,5.45414]},"faces":{"north":{"uv":[0,0,1.5,2],"texture":"#1"},"east":{"uv":[0,0,16,2],"texture":"#1"},"south":{"uv":[0,0,1.5,2],"texture":"#1"},"west":{"uv":[0,0,16,2],"texture":"#1"},"up":{"uv":[0,0,1.5,16],"texture":"#1"},"down":{"uv":[0,0,1.5,16],"texture":"#1"}}},{"from":[10.12155,10.54586,4.60552],"to":[11.39448,11.39448,6.30276],"rotation":{"angle":0,"axis":"y","origin":[10.97017,9.69724,5.45414]},"faces":{"north":{"uv":[0,0,1.5,1],"texture":"#1"},"east":{"uv":[0,0,2,1],"texture":"#1"},"south":{"uv":[0,0,1.5,1],"texture":"#1"},"west":{"uv":[0,0,2,1],"texture":"#1"},"up":{"uv":[0,0,1.5,2],"texture":"#1"},"down":{"uv":[0,0,1.5,2],"texture":"#1"}}},{"from":[10.12155,9.69724,5.87845],"to":[11.81878,10.54586,7.57569],"rotation":{"angle":0,"axis":"y","origin":[10.97017,8.84862,6.72707]},"faces":{"north":{"uv":[0,0,2,1],"texture":"#1"},"east":{"uv":[0,0,2,1],"texture":"#1"},"south":{"uv":[0,0,2,1],"texture":"#1"},"west":{"uv":[0,0,2,1],"texture":"#1"},"up":{"uv":[0,0,2,2],"texture":"#1"},"down":{"uv":[0,0,2,2],"texture":"#1"}}},{"from":[10.12155,9.69724,19.45635],"to":[11.81878,10.54586,21.15359],"rotation":{"angle":0,"axis":"y","origin":[10.97017,8.84862,20.30497]},"faces":{"north":{"uv":[0,0,2,1],"texture":"#1"},"east":{"uv":[0,0,2,1],"texture":"#1"},"south":{"uv":[0,0,2,1],"texture":"#1"},"west":{"uv":[0,0,2,1],"texture":"#1"},"up":{"uv":[0,0,2,2],"texture":"#1"},"down":{"uv":[0,0,2,2],"texture":"#1"}}},{"from":[10.12155,9.69724,8.84862],"to":[12.6674,10.54586,11.39448],"rotation":{"angle":0,"axis":"y","origin":[10.97017,8.84862,10.12155]},"faces":{"north":{"uv":[0,0,3,1],"texture":"#1"},"east":{"uv":[0,0,3,1],"texture":"#1"},"south":{"uv":[0,0,3,1],"texture":"#1"},"west":{"uv":[0,0,3,1],"texture":"#1"},"up":{"uv":[0,0,3,3],"texture":"#1"},"down":{"uv":[0,0,3,3],"texture":"#1"}}},{"from":[10.12155,9.69724,12.24309],"to":[13.30387,10.54586,14.78895],"rotation":{"angle":0,"axis":"y","origin":[10.97017,8.84862,13.51602]},"faces":{"north":{"uv":[0,0,3.75,1],"texture":"#1"},"east":{"uv":[0,0,3,1],"texture":"#1"},"south":{"uv":[0,0,3.75,1],"texture":"#1"},"west":{"uv":[0,0,3,1],"texture":"#1"},"up":{"uv":[0,0,3.75,3],"texture":"#1"},"down":{"uv":[0,0,3.75,3],"texture":"#1"}}},{"from":[10.12155,9.69724,15.63757],"to":[12.6674,10.54586,18.18343],"rotation":{"angle":0,"axis":"y","origin":[10.97017,8.84862,16.9105]},"faces":{"north":{"uv":[0,0,3,1],"texture":"#1"},"east":{"uv":[0,0,3,1],"texture":"#1"},"south":{"uv":[0,0,3,1],"texture":"#1"},"west":{"uv":[0,0,3,1],"texture":"#1"},"up":{"uv":[0,0,3,3],"texture":"#1"},"down":{"uv":[0,0,3,3],"texture":"#1"}}},{"from":[10.12155,10.54586,20.72928],"to":[11.39448,11.39448,22.42652],"rotation":{"angle":0,"axis":"y","origin":[10.97017,9.69724,20.72928]},"faces":{"north":{"uv":[0,0,1.5,1],"texture":"#1"},"east":{"uv":[0,0,2,1],"texture":"#1"},"south":{"uv":[0,0,1.5,1],"texture":"#1"},"west":{"uv":[0,0,2,1],"texture":"#1"},"up":{"uv":[0,0,1.5,2],"texture":"#1"},"down":{"uv":[0,0,1.5,2],"texture":"#1"}}},{"from":[10.12155,10.54586,7.15138],"to":[12.24309,11.39448,9.69724],"rotation":{"angle":0,"axis":"y","origin":[10.97017,9.69724,8]},"faces":{"north":{"uv":[0,0,2.5,1],"texture":"#1"},"east":{"uv":[0,0,3,1],"texture":"#1"},"south":{"uv":[0,0,2.5,1],"texture":"#1"},"west":{"uv":[0,0,3,1],"texture":"#1"},"up":{"uv":[0,0,2.5,3],"texture":"#1"},"down":{"uv":[0,0,2.5,3],"texture":"#1"}}},{"from":[10.12155,10.54586,17.33481],"to":[12.24309,11.39448,19.88066],"rotation":{"angle":0,"axis":"y","origin":[10.97017,9.69724,18.18343]},"faces":{"north":{"uv":[0,0,2.5,1],"texture":"#1"},"east":{"uv":[0,0,3,1],"texture":"#1"},"south":{"uv":[0,0,2.5,1],"texture":"#1"},"west":{"uv":[0,0,3,1],"texture":"#1"},"up":{"uv":[0,0,2.5,3],"texture":"#1"},"down":{"uv":[0,0,2.5,3],"texture":"#1"}}},{"from":[10.12155,10.54586,10.54586],"to":[13.09171,11.39448,13.09171],"rotation":{"angle":0,"axis":"y","origin":[10.97017,9.69724,11.39448]},"faces":{"north":{"uv":[0,0,3.5,1],"texture":"#1"},"east":{"uv":[0,0,3,1],"texture":"#1"},"south":{"uv":[0,0,3.5,1],"texture":"#1"},"west":{"uv":[0,0,3,1],"texture":"#1"},"up":{"uv":[0,0,3.5,3],"texture":"#1"},"down":{"uv":[0,0,3.5,3],"texture":"#1"}}},{"from":[10.12155,10.54586,13.94033],"to":[13.09171,11.39448,16.48619],"rotation":{"angle":0,"axis":"y","origin":[10.97017,9.69724,14.78895]},"faces":{"north":{"uv":[0,0,3.5,1],"texture":"#1"},"east":{"uv":[0,0,3,1],"texture":"#1"},"south":{"uv":[0,0,3.5,1],"texture":"#1"},"west":{"uv":[0,0,3,1],"texture":"#1"},"up":{"uv":[0,0,3.5,3],"texture":"#1"},"down":{"uv":[0,0,3.5,3],"texture":"#1"}}},{"from":[11.81878,12.24309,13.94033],"to":[14.78895,13.09171,16.48619],"rotation":{"angle":0,"axis":"y","origin":[12.6674,11.39448,14.78895]},"faces":{"north":{"uv":[0,0,3.5,1],"texture":"#1"},"east":{"uv":[0,0,3,1],"texture":"#1"},"south":{"uv":[0,0,3.5,1],"texture":"#1"},"west":{"uv":[0,0,3,1],"texture":"#1"},"up":{"uv":[0,0,3.5,3],"texture":"#1"},"down":{"uv":[0,0,3.5,3],"texture":"#1"}}},{"from":[11.81878,12.24309,10.54586],"to":[14.78895,13.09171,13.09171],"rotation":{"angle":0,"axis":"y","origin":[12.6674,11.39448,11.39448]},"faces":{"north":{"uv":[0,0,3.5,1],"texture":"#1"},"east":{"uv":[0,0,3,1],"texture":"#1"},"south":{"uv":[0,0,3.5,1],"texture":"#1"},"west":{"uv":[0,0,3,1],"texture":"#1"},"up":{"uv":[0,0,3.5,3],"texture":"#1"},"down":{"uv":[0,0,3.5,3],"texture":"#1"}}},{"from":[11.81878,12.24309,17.33481],"to":[13.94033,13.09171,19.88066],"rotation":{"angle":0,"axis":"y","origin":[12.6674,11.39448,18.18343]},"faces":{"north":{"uv":[0,0,2.5,1],"texture":"#1"},"east":{"uv":[0,0,3,1],"texture":"#1"},"south":{"uv":[0,0,2.5,1],"texture":"#1"},"west":{"uv":[0,0,3,1],"texture":"#1"},"up":{"uv":[0,0,2.5,3],"texture":"#1"},"down":{"uv":[0,0,2.5,3],"texture":"#1"}}},{"from":[11.81878,12.24309,7.15138],"to":[13.94033,13.09171,9.69724],"rotation":{"angle":0,"axis":"y","origin":[12.6674,11.39448,8]},"faces":{"north":{"uv":[0,0,2.5,1],"texture":"#1"},"east":{"uv":[0,0,3,1],"texture":"#1"},"south":{"uv":[0,0,2.5,1],"texture":"#1"},"west":{"uv":[0,0,3,1],"texture":"#1"},"up":{"uv":[0,0,2.5,3],"texture":"#1"},"down":{"uv":[0,0,2.5,3],"texture":"#1"}}},{"from":[11.81878,12.24309,20.72928],"to":[13.09171,13.09171,22.42652],"rotation":{"angle":0,"axis":"y","origin":[12.6674,11.39448,20.72928]},"faces":{"north":{"uv":[0,0,1.5,1],"texture":"#1"},"east":{"uv":[0,0,2,1],"texture":"#1"},"south":{"uv":[0,0,1.5,1],"texture":"#1"},"west":{"uv":[0,0,2,1],"texture":"#1"},"up":{"uv":[0,0,1.5,2],"texture":"#1"},"down":{"uv":[0,0,1.5,2],"texture":"#1"}}},{"from":[11.81878,11.39448,15.63757],"to":[14.36464,12.24309,18.18343],"rotation":{"angle":0,"axis":"y","origin":[12.6674,10.54586,16.9105]},"faces":{"north":{"uv":[0,0,3,1],"texture":"#1"},"east":{"uv":[0,0,3,1],"texture":"#1"},"south":{"uv":[0,0,3,1],"texture":"#1"},"west":{"uv":[0,0,3,1],"texture":"#1"},"up":{"uv":[0,0,3,3],"texture":"#1"},"down":{"uv":[0,0,3,3],"texture":"#1"}}},{"from":[11.81878,11.39448,12.24309],"to":[15.0011,12.24309,14.78895],"rotation":{"angle":0,"axis":"y","origin":[12.6674,10.54586,13.51602]},"faces":{"north":{"uv":[0,0,3.75,1],"texture":"#1"},"east":{"uv":[0,0,3,1],"texture":"#1"},"south":{"uv":[0,0,3.75,1],"texture":"#1"},"west":{"uv":[0,0,3,1],"texture":"#1"},"up":{"uv":[0,0,3.75,3],"texture":"#1"},"down":{"uv":[0,0,3.75,3],"texture":"#1"}}},{"from":[11.81878,11.39448,8.84862],"to":[14.36464,12.24309,11.39448],"rotation":{"angle":0,"axis":"y","origin":[12.6674,10.54586,10.12155]},"faces":{"north":{"uv":[0,0,3,1],"texture":"#1"},"east":{"uv":[0,0,3,1],"texture":"#1"},"south":{"uv":[0,0,3,1],"texture":"#1"},"west":{"uv":[0,0,3,1],"texture":"#1"},"up":{"uv":[0,0,3,3],"texture":"#1"},"down":{"uv":[0,0,3,3],"texture":"#1"}}},{"from":[11.81878,11.39448,19.45635],"to":[13.51602,12.24309,21.15359],"rotation":{"angle":0,"axis":"y","origin":[12.6674,10.54586,20.30497]},"faces":{"north":{"uv":[0,0,2,1],"texture":"#1"},"east":{"uv":[0,0,2,1],"texture":"#1"},"south":{"uv":[0,0,2,1],"texture":"#1"},"west":{"uv":[0,0,2,1],"texture":"#1"},"up":{"uv":[0,0,2,2],"texture":"#1"},"down":{"uv":[0,0,2,2],"texture":"#1"}}},{"from":[11.81878,11.39448,5.87845],"to":[13.51602,12.24309,7.57569],"rotation":{"angle":0,"axis":"y","origin":[12.6674,10.54586,6.72707]},"faces":{"north":{"uv":[0,0,2,1],"texture":"#1"},"east":{"uv":[0,0,2,1],"texture":"#1"},"south":{"uv":[0,0,2,1],"texture":"#1"},"west":{"uv":[0,0,2,1],"texture":"#1"},"up":{"uv":[0,0,2,2],"texture":"#1"},"down":{"uv":[0,0,2,2],"texture":"#1"}}},{"from":[11.81878,12.24309,4.60552],"to":[13.09171,13.09171,6.30276],"rotation":{"angle":0,"axis":"y","origin":[12.6674,11.39448,5.45414]},"faces":{"north":{"uv":[0,0,1.5,1],"texture":"#1"},"east":{"uv":[0,0,2,1],"texture":"#1"},"south":{"uv":[0,0,1.5,1],"texture":"#1"},"west":{"uv":[0,0,2,1],"texture":"#1"},"up":{"uv":[0,0,1.5,2],"texture":"#1"},"down":{"uv":[0,0,1.5,2],"texture":"#1"}}},{"from":[10.54586,11.39448,4.60552],"to":[11.81878,13.09171,22.42652],"rotation":{"angle":0,"axis":"y","origin":[11.39448,11.39448,5.45414]},"faces":{"north":{"uv":[0,0,1.5,2],"texture":"#1"},"east":{"uv":[0,0,16,2],"texture":"#1"},"south":{"uv":[0,0,1.5,2],"texture":"#1"},"west":{"uv":[0,0,16,2],"texture":"#1"},"up":{"uv":[0,0,1.5,16],"texture":"#1"},"down":{"uv":[0,0,1.5,16],"texture":"#1"}}}]}
