{"textures":{"0":"omega-flowey:custom/black","1":"omega-flowey:custom/white"},"display":{"head":{"rotation":[0,180,0]}},"elements":[{"from":[4.25,8.75,5.5],"to":[5.5,11.25,10.5],"rotation":{"angle":0,"axis":"y","origin":[-12,7.5,-12]},"faces":{"north":{"uv":[8,8,12,12],"texture":"#1"},"east":{"uv":[8,8,12,12],"texture":"#1"},"south":{"uv":[8,8,12,12],"texture":"#1"},"west":{"uv":[8,8,12,12],"texture":"#1"},"up":{"uv":[8,8,12,12],"texture":"#1"},"down":{"uv":[8,8,12,12],"texture":"#1"}}},{"from":[10.5,8.75,5.5],"to":[11.75,11.25,10.5],"rotation":{"angle":0,"axis":"y","origin":[-12,7.5,-12]},"faces":{"north":{"uv":[8,8,12,12],"texture":"#1"},"east":{"uv":[8,8,12,12],"texture":"#1"},"south":{"uv":[8,8,12,12],"texture":"#1"},"west":{"uv":[8,8,12,12],"texture":"#1"},"up":{"uv":[8,8,12,12],"texture":"#1"},"down":{"uv":[8,8,12,12],"texture":"#1"}}},{"from":[9.25,8.75,3],"to":[10.5,11.25,13],"rotation":{"angle":0,"axis":"y","origin":[-12,7.5,-12]},"faces":{"north":{"uv":[8,8,12,12],"texture":"#1"},"east":{"uv":[8,8,12,12],"texture":"#1"},"south":{"uv":[8,8,12,12],"texture":"#1"},"west":{"uv":[8,8,12,12],"texture":"#1"},"up":{"uv":[8,8,12,12],"texture":"#1"},"down":{"uv":[8,8,12,12],"texture":"#1"}}},{"from":[5.5,8.75,3],"to":[6.75,11.25,13],"rotation":{"angle":0,"axis":"y","origin":[-12,7.5,-12]},"faces":{"north":{"uv":[8,8,12,12],"texture":"#1"},"east":{"uv":[8,8,12,12],"texture":"#1"},"south":{"uv":[8,8,12,12],"texture":"#1"},"west":{"uv":[8,8,12,12],"texture":"#1"},"up":{"uv":[8,8,12,12],"texture":"#1"},"down":{"uv":[8,8,12,12],"texture":"#1"}}},{"from":[6.75,8.75,1.75],"to":[9.25,11.25,14.25],"rotation":{"angle":0,"axis":"y","origin":[-12,7.5,-12]},"faces":{"north":{"uv":[8,8,12,12],"texture":"#1"},"east":{"uv":[8,8,12,12],"texture":"#1"},"south":{"uv":[8,8,12,12],"texture":"#1"},"west":{"uv":[8,8,12,12],"texture":"#1"},"up":{"uv":[8,8,12,12],"texture":"#1"},"down":{"uv":[8,8,12,12],"texture":"#1"}}},{"from":[4.25,9.375,11.75],"to":[5.5,10.625,14.25],"rotation":{"angle":0,"axis":"y","origin":[-12,7.5,-12]},"faces":{"north":{"uv":[11.25,3.25,11.75,3.75],"texture":"#0"},"east":{"uv":[11.25,3.25,11.75,3.75],"texture":"#0"},"south":{"uv":[11.25,3.25,11.75,3.75],"texture":"#0"},"west":{"uv":[11.25,3.25,11.75,3.75],"texture":"#0"},"up":{"uv":[11.25,3.25,11.75,3.75],"texture":"#0"},"down":{"uv":[11.25,3.25,11.75,3.75],"texture":"#0"}}},{"from":[10.5,9.375,11.75],"to":[11.75,10.625,14.25],"rotation":{"angle":0,"axis":"y","origin":[-12,7.5,-12]},"faces":{"north":{"uv":[11.25,3.25,11.75,3.75],"texture":"#0"},"east":{"uv":[11.25,3.25,11.75,3.75],"texture":"#0"},"south":{"uv":[11.25,3.25,11.75,3.75],"texture":"#0"},"west":{"uv":[11.25,3.25,11.75,3.75],"texture":"#0"},"up":{"uv":[11.25,3.25,11.75,3.75],"texture":"#0"},"down":{"uv":[11.25,3.25,11.75,3.75],"texture":"#0"}}},{"from":[4.25,9.375,1.75],"to":[5.5,10.625,4.25],"rotation":{"angle":0,"axis":"y","origin":[-12,7.5,-12]},"faces":{"north":{"uv":[11.25,3.25,11.75,3.75],"texture":"#0"},"east":{"uv":[11.25,3.25,11.75,3.75],"texture":"#0"},"south":{"uv":[11.25,3.25,11.75,3.75],"texture":"#0"},"west":{"uv":[11.25,3.25,11.75,3.75],"texture":"#0"},"up":{"uv":[11.25,3.25,11.75,3.75],"texture":"#0"},"down":{"uv":[11.25,3.25,11.75,3.75],"texture":"#0"}}},{"from":[10.5,9.375,1.75],"to":[11.75,10.625,4.25],"rotation":{"angle":0,"axis":"y","origin":[-12,7.5,-12]},"faces":{"north":{"uv":[11.25,3.25,11.75,3.75],"texture":"#0"},"east":{"uv":[11.25,3.25,11.75,3.75],"texture":"#0"},"south":{"uv":[11.25,3.25,11.75,3.75],"texture":"#0"},"west":{"uv":[11.25,3.25,11.75,3.75],"texture":"#0"},"up":{"uv":[11.25,3.25,11.75,3.75],"texture":"#0"},"down":{"uv":[11.25,3.25,11.75,3.75],"texture":"#0"}}},{"from":[3,9.375,4.25],"to":[13,10.625,11.75],"rotation":{"angle":0,"axis":"y","origin":[-12,7.5,-12]},"faces":{"north":{"uv":[11.25,3.25,11.75,3.75],"texture":"#0"},"east":{"uv":[11.25,3.25,11.75,3.75],"texture":"#0"},"south":{"uv":[11.25,3.25,11.75,3.75],"texture":"#0"},"west":{"uv":[11.25,3.25,11.75,3.75],"texture":"#0"},"up":{"uv":[11.25,3.25,11.75,3.75],"texture":"#0"},"down":{"uv":[11.25,3.25,11.75,3.75],"texture":"#0"}}},{"from":[5.5,9.375,0.5],"to":[10.5,10.625,15.5],"rotation":{"angle":0,"axis":"y","origin":[-12,7.5,-12]},"faces":{"north":{"uv":[11.25,3.25,11.75,3.75],"texture":"#0"},"east":{"uv":[11.25,3.25,11.75,3.75],"texture":"#0"},"south":{"uv":[11.25,3.25,11.75,3.75],"texture":"#0"},"west":{"uv":[11.25,3.25,11.75,3.75],"texture":"#0"},"up":{"uv":[11.25,3.25,11.75,3.75],"texture":"#0"},"down":{"uv":[11.25,3.25,11.75,3.75],"texture":"#0"}}}]}
