{"textures":{"10":"minecraft:block/light_gray_concrete"},"display":{"head":{"rotation":[0,180,0]}},"elements":[{"from":[5.91757,12.16486,5.39696],"to":[22.57701,20.49458,8.52061],"rotation":{"angle":0,"axis":"y","origin":[8,8,8]},"faces":{"north":{"uv":[8,1,1,3],"texture":"#10"},"east":{"uv":[8,1,1,3],"texture":"#10"},"south":{"uv":[8,1,1,3],"texture":"#10"},"west":{"uv":[8,1,1,3],"texture":"#10"},"up":{"uv":[8,1,1,3],"texture":"#10"},"down":{"uv":[8,1,1,3],"texture":"#10"}}},{"from":[10.08243,20.49458,5.39696],"to":[18.41215,24.65944,8.52061],"rotation":{"angle":0,"axis":"y","origin":[8,8,8]},"faces":{"north":{"uv":[8,1,1,3],"texture":"#10"},"east":{"uv":[8,1,1,3],"texture":"#10"},"south":{"uv":[8,1,1,3],"texture":"#10"},"west":{"uv":[8,1,1,3],"texture":"#10"},"up":{"uv":[8,1,1,3],"texture":"#10"},"down":{"uv":[8,1,1,3],"texture":"#10"}}},{"from":[10.08243,8,5.39696],"to":[18.41215,12.16486,8.52061],"rotation":{"angle":0,"axis":"y","origin":[8,8,8]},"faces":{"north":{"uv":[8,1,1,3],"texture":"#10"},"east":{"uv":[8,1,1,3],"texture":"#10"},"south":{"uv":[8,1,1,3],"texture":"#10"},"west":{"uv":[8,1,1,3],"texture":"#10"},"up":{"uv":[8,1,1,3],"texture":"#10"},"down":{"uv":[8,1,1,3],"texture":"#10"}}},{"from":[15.39262,12.42516,5.44902],"to":[21.27549,18.30803,8.46855],"rotation":{"angle":45,"axis":"z","origin":[8,8,8]},"faces":{"north":{"uv":[1,3,8,1],"rotation":90,"texture":"#10"},"east":{"uv":[1,3,8,1],"rotation":270,"texture":"#10"},"south":{"uv":[1,3,8,1],"rotation":270,"texture":"#10"},"west":{"uv":[1,3,8,1],"rotation":270,"texture":"#10"},"up":{"uv":[1,3,8,1],"rotation":270,"texture":"#10"},"down":{"uv":[1,3,8,1],"rotation":270,"texture":"#10"}}},{"from":[15.39262,0.65944,5.44902],"to":[21.27549,6.5423,8.46855],"rotation":{"angle":45,"axis":"z","origin":[8,8,8]},"faces":{"north":{"uv":[1,3,8,1],"rotation":90,"texture":"#10"},"east":{"uv":[1,3,8,1],"rotation":270,"texture":"#10"},"south":{"uv":[1,3,8,1],"rotation":270,"texture":"#10"},"west":{"uv":[1,3,8,1],"rotation":270,"texture":"#10"},"up":{"uv":[1,3,8,1],"rotation":270,"texture":"#10"},"down":{"uv":[1,3,8,1],"rotation":270,"texture":"#10"}}},{"from":[9.4577,6.5423,5.44902],"to":[13.62256,12.42516,8.46855],"rotation":{"angle":45,"axis":"z","origin":[8,8,8]},"faces":{"north":{"uv":[1,3,8,1],"rotation":90,"texture":"#10"},"east":{"uv":[1,3,8,1],"rotation":270,"texture":"#10"},"south":{"uv":[1,3,8,1],"rotation":270,"texture":"#10"},"west":{"uv":[1,3,8,1],"rotation":270,"texture":"#10"},"up":{"uv":[1,3,8,1],"rotation":270,"texture":"#10"},"down":{"uv":[1,3,8,1],"rotation":270,"texture":"#10"}}},{"from":[22.99349,6.5423,5.44902],"to":[27.15835,12.42516,8.46855],"rotation":{"angle":45,"axis":"z","origin":[8,8,8]},"faces":{"north":{"uv":[1,3,8,1],"rotation":90,"texture":"#10"},"east":{"uv":[1,3,8,1],"rotation":270,"texture":"#10"},"south":{"uv":[1,3,8,1],"rotation":270,"texture":"#10"},"west":{"uv":[1,3,8,1],"rotation":270,"texture":"#10"},"up":{"uv":[1,3,8,1],"rotation":270,"texture":"#10"},"down":{"uv":[1,3,8,1],"rotation":270,"texture":"#10"}}}]}
