{"textures":{"1":"minecraft:block/granite"},"display":{"head":{"rotation":[0,180,0]}},"elements":[{"from":[16.4,15.2,5.9],"to":[21.2,17.6,8.9],"rotation":{"angle":0,"axis":"y","origin":[8,8,8]},"faces":{"north":{"uv":[11,2,10,3],"texture":"#1"},"east":{"uv":[11,2,10,3],"texture":"#1"},"south":{"uv":[11,2,10,3],"texture":"#1"},"west":{"uv":[11,2,10,3],"texture":"#1"},"up":{"uv":[11,2,10,3],"texture":"#1"},"down":{"uv":[11,2,10,3],"texture":"#1"}}},{"from":[18.8,12.8,5.9],"to":[21.2,15.2,8.9],"rotation":{"angle":0,"axis":"y","origin":[8,8,8]},"faces":{"north":{"uv":[11,2,10,3],"texture":"#1"},"east":{"uv":[11,2,10,3],"texture":"#1"},"south":{"uv":[11,2,10,3],"texture":"#1"},"west":{"uv":[11,2,10,3],"texture":"#1"},"up":{"uv":[11,2,10,3],"texture":"#1"},"down":{"uv":[11,2,10,3],"texture":"#1"}}},{"from":[6.8,17.6,5.9],"to":[16.4,20,8.9],"rotation":{"angle":0,"axis":"y","origin":[8,8,8]},"faces":{"north":{"uv":[11,2,10,3],"texture":"#1"},"east":{"uv":[11,2,10,3],"texture":"#1"},"south":{"uv":[11,2,10,3],"texture":"#1"},"west":{"uv":[11,2,10,3],"texture":"#1"},"up":{"uv":[11,2,10,3],"texture":"#1"},"down":{"uv":[11,2,10,3],"texture":"#1"}}},{"from":[-0.4,15.2,5.9],"to":[6.8,17.6,8.9],"rotation":{"angle":0,"axis":"y","origin":[8,8,8]},"faces":{"north":{"uv":[11,2,10,3],"texture":"#1"},"east":{"uv":[11,2,10,3],"texture":"#1"},"south":{"uv":[11,2,10,3],"texture":"#1"},"west":{"uv":[11,2,10,3],"texture":"#1"},"up":{"uv":[11,2,10,3],"texture":"#1"},"down":{"uv":[11,2,10,3],"texture":"#1"}}},{"from":[-0.4,12.8,5.9],"to":[2,15.2,8.9],"rotation":{"angle":0,"axis":"y","origin":[8,8,8]},"faces":{"north":{"uv":[11,2,10,3],"texture":"#1"},"east":{"uv":[11,2,10,3],"texture":"#1"},"south":{"uv":[11,2,10,3],"texture":"#1"},"west":{"uv":[11,2,10,3],"texture":"#1"},"up":{"uv":[11,2,10,3],"texture":"#1"},"down":{"uv":[11,2,10,3],"texture":"#1"}}},{"from":[6.8,5.6,5.6],"to":[16.4,8,9.2],"rotation":{"angle":0,"axis":"y","origin":[8,8,8]},"faces":{"north":{"uv":[9,9,8,10],"texture":"#1"},"east":{"uv":[9,9,8,10],"texture":"#1"},"south":{"uv":[9,9,8,10],"texture":"#1"},"west":{"uv":[9,9,8,10],"texture":"#1"},"up":{"uv":[9,9,8,10],"texture":"#1"},"down":{"uv":[9,9,8,10],"texture":"#1"}}},{"from":[-0.4,8,5.6],"to":[6.8,10.4,9.2],"rotation":{"angle":0,"axis":"y","origin":[8,8,8]},"faces":{"north":{"uv":[9,9,8,10],"texture":"#1"},"east":{"uv":[9,9,8,10],"texture":"#1"},"south":{"uv":[9,9,8,10],"texture":"#1"},"west":{"uv":[9,9,8,10],"texture":"#1"},"up":{"uv":[9,9,8,10],"texture":"#1"},"down":{"uv":[9,9,8,10],"texture":"#1"}}},{"from":[-0.4,17.6,5.6],"to":[6.8,20,9.2],"rotation":{"angle":0,"axis":"y","origin":[8,8,8]},"faces":{"north":{"uv":[9,9,8,10],"texture":"#1"},"east":{"uv":[9,9,8,10],"texture":"#1"},"south":{"uv":[9,9,8,10],"texture":"#1"},"west":{"uv":[9,9,8,10],"texture":"#1"},"up":{"uv":[9,9,8,10],"texture":"#1"},"down":{"uv":[9,9,8,10],"texture":"#1"}}},{"from":[6.8,20,5.6],"to":[16.4,22.4,9.2],"rotation":{"angle":0,"axis":"y","origin":[8,8,8]},"faces":{"north":{"uv":[9,9,8,10],"texture":"#1"},"east":{"uv":[9,9,8,10],"texture":"#1"},"south":{"uv":[9,9,8,10],"texture":"#1"},"west":{"uv":[9,9,8,10],"texture":"#1"},"up":{"uv":[9,9,8,10],"texture":"#1"},"down":{"uv":[9,9,8,10],"texture":"#1"}}},{"from":[16.4,17.6,5.6],"to":[18.8,20,9.2],"rotation":{"angle":0,"axis":"y","origin":[8,8,8]},"faces":{"north":{"uv":[9,9,8,10],"texture":"#1"},"east":{"uv":[9,9,8,10],"texture":"#1"},"south":{"uv":[9,9,8,10],"texture":"#1"},"west":{"uv":[9,9,8,10],"texture":"#1"},"up":{"uv":[9,9,8,10],"texture":"#1"},"down":{"uv":[9,9,8,10],"texture":"#1"}}},{"from":[16.4,8,5.6],"to":[21.2,10.4,9.2],"rotation":{"angle":0,"axis":"y","origin":[8,8,8]},"faces":{"north":{"uv":[9,9,8,10],"texture":"#1"},"east":{"uv":[9,9,8,10],"texture":"#1"},"south":{"uv":[9,9,8,10],"texture":"#1"},"west":{"uv":[9,9,8,10],"texture":"#1"},"up":{"uv":[9,9,8,10],"texture":"#1"},"down":{"uv":[9,9,8,10],"texture":"#1"}}},{"from":[18.8,10.4,5.6],"to":[21.2,12.8,9.2],"rotation":{"angle":0,"axis":"y","origin":[8,8,8]},"faces":{"north":{"uv":[9,9,8,10],"texture":"#1"},"east":{"uv":[9,9,8,10],"texture":"#1"},"south":{"uv":[9,9,8,10],"texture":"#1"},"west":{"uv":[9,9,8,10],"texture":"#1"},"up":{"uv":[9,9,8,10],"texture":"#1"},"down":{"uv":[9,9,8,10],"texture":"#1"}}},{"from":[-2.8,10.4,5.6],"to":[-0.4,17.6,9.2],"rotation":{"angle":0,"axis":"y","origin":[8,8,8]},"faces":{"north":{"uv":[9,9,8,10],"texture":"#1"},"east":{"uv":[9,9,8,10],"texture":"#1"},"south":{"uv":[9,9,8,10],"texture":"#1"},"west":{"uv":[9,9,8,10],"texture":"#1"},"up":{"uv":[9,9,8,10],"texture":"#1"},"down":{"uv":[9,9,8,10],"texture":"#1"}}}]}
