{"textures":{"9":"minecraft:block/quartz_block_side"},"display":{"head":{"rotation":[0,180,0]}},"elements":[{"from":[-2.5,11,6.5],"to":[21.5,17,8],"rotation":{"angle":0,"axis":"y","origin":[8,8,8]},"faces":{"north":{"uv":[15,1,1,5],"texture":"#9"},"east":{"uv":[15,1,1,5],"texture":"#9"},"south":{"uv":[15,1,1,5],"texture":"#9"},"west":{"uv":[15,1,1,5],"texture":"#9"},"up":{"uv":[15,1,1,5],"texture":"#9"},"down":{"uv":[15,1,1,5],"texture":"#9"}}},{"from":[6.5,17,6.5],"to":[18.5,20,8],"rotation":{"angle":0,"axis":"y","origin":[8,8,8]},"faces":{"north":{"uv":[8,1,1,3],"texture":"#9"},"east":{"uv":[8,1,1,3],"texture":"#9"},"south":{"uv":[8,1,1,3],"texture":"#9"},"west":{"uv":[8,1,1,3],"texture":"#9"},"up":{"uv":[8,1,1,3],"texture":"#9"},"down":{"uv":[8,1,1,3],"texture":"#9"}}},{"from":[6.5,8,6.5],"to":[18.5,11,8],"rotation":{"angle":0,"axis":"y","origin":[8,8,8]},"faces":{"north":{"uv":[8,1,1,3],"texture":"#9"},"east":{"uv":[8,1,1,3],"texture":"#9"},"south":{"uv":[8,1,1,3],"texture":"#9"},"west":{"uv":[8,1,1,3],"texture":"#9"},"up":{"uv":[8,1,1,3],"texture":"#9"},"down":{"uv":[8,1,1,3],"texture":"#9"}}}]}
