{
	"textures": {
		"4": "omega-flowey:custom/dentata_snake_ball/black"
	},
	"display": {
		"head": {
			"rotation": [0, 180, 0]
		}
	},
	"elements": [
		{
			"from": [28.16, 2.88, -4],
			"to": [31.04, 8, 20],
			"rotation": {
				"angle": 0,
				"axis": "y",
				"origin": [8, 8, 8]
			},
			"faces": {
				"north": {
					"uv": [0.25, 0.25, 0.75, 0.75],
					"texture": "#4"
				},
				"east": {
					"uv": [1.25, 0.25, 1.75, 0.75],
					"texture": "#4"
				},
				"south": {
					"uv": [2.25, 0.25, 2.75, 0.75],
					"texture": "#4"
				},
				"west": {
					"uv": [3.25, 0.25, 3.75, 0.75],
					"texture": "#4"
				},
				"up": {
					"uv": [4.25, 0.25, 4.75, 0.75],
					"texture": "#4"
				},
				"down": {
					"uv": [5.25, 0.25, 5.75, 0.75],
					"texture": "#4"
				}
			}
		}
	]
}
