{"textures":{"1":"minecraft:block/sunflower_front"},"display":{"head":{"rotation":[0,180,0]}},"elements":[{"from":[2.39252,8,0.86321],"to":[5.45115,8.25489,3.92184],"rotation":{"angle":0,"axis":"y","origin":[3.41206,8.12744,1.88275]},"faces":{"north":{"uv":[5,10,11,11],"texture":"#1"},"east":{"uv":[5,10,11,11],"texture":"#1"},"south":{"uv":[5,10,11,11],"texture":"#1"},"west":{"uv":[5,10,11,11],"texture":"#1"}}},{"from":[1.88275,8,1.37298],"to":[5.96092,8.25489,3.41206],"rotation":{"angle":0,"axis":"y","origin":[3.92184,8.12744,2.39252]},"faces":{"north":{"uv":[6,11,10,12],"texture":"#1"},"east":{"uv":[6,11,10,12],"texture":"#1"},"south":{"uv":[6,11,10,12],"texture":"#1"},"west":{"uv":[6,11,10,12],"texture":"#1"}}},{"from":[2.90229,8,0.35344],"to":[4.94138,8.25489,4.43161],"rotation":{"angle":0,"axis":"y","origin":[3.92184,8.12744,2.39252]},"faces":{"north":{"uv":[6,11,10,12],"texture":"#1"},"east":{"uv":[6,11,10,12],"texture":"#1"},"south":{"uv":[6,11,10,12],"texture":"#1"},"west":{"uv":[6,11,10,12],"texture":"#1"}}},{"from":[1.88275,8,0.35344],"to":[5.96092,8.25489,4.43161],"rotation":{"angle":0,"axis":"y","origin":[3.92184,8.12744,2.39252]},"faces":{"up":{"uv":[4,4,12,12],"texture":"#1"}}},{"from":[5.19626,8.15293,9.7842],"to":[8.25489,8.40782,12.84282],"rotation":{"angle":0,"axis":"y","origin":[6.2158,8.28037,10.80374]},"faces":{"north":{"uv":[5,10,11,11],"texture":"#1"},"east":{"uv":[5,10,11,11],"texture":"#1"},"south":{"uv":[5,10,11,11],"texture":"#1"},"west":{"uv":[5,10,11,11],"texture":"#1"}}},{"from":[4.68649,8.15293,10.29397],"to":[8.76466,8.40782,12.33305],"rotation":{"angle":0,"axis":"y","origin":[6.72557,8.28037,11.31351]},"faces":{"north":{"uv":[6,11,10,12],"texture":"#1"},"east":{"uv":[6,11,10,12],"texture":"#1"},"south":{"uv":[6,11,10,12],"texture":"#1"},"west":{"uv":[6,11,10,12],"texture":"#1"}}},{"from":[5.70603,8.15293,9.27443],"to":[7.74511,8.40782,13.35259],"rotation":{"angle":0,"axis":"y","origin":[6.72557,8.28037,11.31351]},"faces":{"north":{"uv":[6,11,10,12],"texture":"#1"},"east":{"uv":[6,11,10,12],"texture":"#1"},"south":{"uv":[6,11,10,12],"texture":"#1"},"west":{"uv":[6,11,10,12],"texture":"#1"}}},{"from":[4.68649,8.15293,9.27443],"to":[8.76466,8.40782,13.35259],"rotation":{"angle":0,"axis":"y","origin":[6.72557,8.28037,11.31351]},"faces":{"up":{"uv":[4,4,12,12],"texture":"#1"}}},{"from":[12.15463,8.07647,4.45709],"to":[15.21325,8.33135,7.51572],"rotation":{"angle":0,"axis":"y","origin":[13.17417,8.20391,5.47664]},"faces":{"north":{"uv":[5,10,11,11],"texture":"#1"},"east":{"uv":[5,10,11,11],"texture":"#1"},"south":{"uv":[5,10,11,11],"texture":"#1"},"west":{"uv":[5,10,11,11],"texture":"#1"}}},{"from":[11.64486,8.07647,4.96686],"to":[15.72302,8.33135,7.00595],"rotation":{"angle":0,"axis":"y","origin":[13.68394,8.20391,5.98641]},"faces":{"north":{"uv":[6,11,10,12],"texture":"#1"},"east":{"uv":[6,11,10,12],"texture":"#1"},"south":{"uv":[6,11,10,12],"texture":"#1"},"west":{"uv":[6,11,10,12],"texture":"#1"}}},{"from":[12.6644,8.07647,3.94732],"to":[14.70348,8.33135,8.02549],"rotation":{"angle":0,"axis":"y","origin":[13.68394,8.20391,5.98641]},"faces":{"north":{"uv":[6,11,10,12],"texture":"#1"},"east":{"uv":[6,11,10,12],"texture":"#1"},"south":{"uv":[6,11,10,12],"texture":"#1"},"west":{"uv":[6,11,10,12],"texture":"#1"}}},{"from":[11.64486,8.07647,3.94732],"to":[15.72302,8.33135,8.02549],"rotation":{"angle":0,"axis":"y","origin":[13.68394,8.20391,5.98641]},"faces":{"up":{"uv":[4,4,12,12],"texture":"#1"}}},{"from":[10.46729,8,-2.53186],"to":[12.6695,8.25489,-0.32965],"rotation":{"angle":0,"axis":"y","origin":[11.20136,8.12744,-1.79779]},"faces":{"north":{"uv":[5,10,11,11],"texture":"#1"},"east":{"uv":[5,10,11,11],"texture":"#1"},"south":{"uv":[5,10,11,11],"texture":"#1"},"west":{"uv":[5,10,11,11],"texture":"#1"}}},{"from":[10.10025,8,-2.16483],"to":[13.03653,8.25489,-0.69669],"rotation":{"angle":0,"axis":"y","origin":[11.56839,8.12744,-1.43076]},"faces":{"north":{"uv":[6,11,10,12],"texture":"#1"},"east":{"uv":[6,11,10,12],"texture":"#1"},"south":{"uv":[6,11,10,12],"texture":"#1"},"west":{"uv":[6,11,10,12],"texture":"#1"}}},{"from":[10.83432,8,-2.8989],"to":[12.30246,8.25489,0.03738],"rotation":{"angle":0,"axis":"y","origin":[11.56839,8.12744,-1.43076]},"faces":{"north":{"uv":[6,11,10,12],"texture":"#1"},"east":{"uv":[6,11,10,12],"texture":"#1"},"south":{"uv":[6,11,10,12],"texture":"#1"},"west":{"uv":[6,11,10,12],"texture":"#1"}}},{"from":[10.10025,8,-2.8989],"to":[13.03653,8.25489,0.03738],"rotation":{"angle":0,"axis":"y","origin":[11.56839,8.12744,-1.43076]},"faces":{"up":{"uv":[4,4,12,12],"texture":"#1"}}},{"from":[0.27188,8,8.42821],"to":[2.47409,8.25489,10.63042],"rotation":{"angle":0,"axis":"y","origin":[1.00595,8.12744,9.16228]},"faces":{"north":{"uv":[5,10,11,11],"texture":"#1"},"east":{"uv":[5,10,11,11],"texture":"#1"},"south":{"uv":[5,10,11,11],"texture":"#1"},"west":{"uv":[5,10,11,11],"texture":"#1"}}},{"from":[-0.09516,8,8.79524],"to":[2.84112,8.25489,10.26338],"rotation":{"angle":0,"axis":"y","origin":[1.37298,8.12744,9.52931]},"faces":{"north":{"uv":[6,11,10,12],"texture":"#1"},"east":{"uv":[6,11,10,12],"texture":"#1"},"south":{"uv":[6,11,10,12],"texture":"#1"},"west":{"uv":[6,11,10,12],"texture":"#1"}}},{"from":[0.63891,8,8.06117],"to":[2.10705,8.25489,10.99745],"rotation":{"angle":0,"axis":"y","origin":[1.37298,8.12744,9.52931]},"faces":{"north":{"uv":[6,11,10,12],"texture":"#1"},"east":{"uv":[6,11,10,12],"texture":"#1"},"south":{"uv":[6,11,10,12],"texture":"#1"},"west":{"uv":[6,11,10,12],"texture":"#1"}}},{"from":[-0.09516,8,8.06117],"to":[2.84112,8.25489,10.99745],"rotation":{"angle":0,"axis":"y","origin":[1.37298,8.12744,9.52931]},"faces":{"up":{"uv":[4,4,12,12],"texture":"#1"}}},{"from":[15.81988,7.89805,4.60493],"to":[18.02209,8.15293,6.80714],"rotation":{"angle":0,"axis":"y","origin":[16.55395,8.02549,5.339]},"faces":{"north":{"uv":[5,10,11,11],"texture":"#1"},"east":{"uv":[5,10,11,11],"texture":"#1"},"south":{"uv":[5,10,11,11],"texture":"#1"},"west":{"uv":[5,10,11,11],"texture":"#1"}}},{"from":[15.45285,7.89805,4.97196],"to":[18.38912,8.15293,6.4401],"rotation":{"angle":0,"axis":"y","origin":[16.92099,8.02549,5.70603]},"faces":{"north":{"uv":[6,11,10,12],"texture":"#1"},"east":{"uv":[6,11,10,12],"texture":"#1"},"south":{"uv":[6,11,10,12],"texture":"#1"},"west":{"uv":[6,11,10,12],"texture":"#1"}}},{"from":[16.18692,7.89805,4.23789],"to":[17.65506,8.15293,7.17417],"rotation":{"angle":0,"axis":"y","origin":[16.92099,8.02549,5.70603]},"faces":{"north":{"uv":[6,11,10,12],"texture":"#1"},"east":{"uv":[6,11,10,12],"texture":"#1"},"south":{"uv":[6,11,10,12],"texture":"#1"},"west":{"uv":[6,11,10,12],"texture":"#1"}}},{"from":[15.45285,7.89805,4.23789],"to":[18.38912,8.15293,7.17417],"rotation":{"angle":0,"axis":"y","origin":[16.92099,8.02549,5.70603]},"faces":{"up":{"uv":[4,4,12,12],"texture":"#1"}}},{"from":[0.35344,7.94902,-2.19541],"to":[3.41206,8.20391,0.86321],"rotation":{"angle":0,"axis":"y","origin":[1.37298,8.07647,-1.17587]},"faces":{"north":{"uv":[5,10,11,11],"texture":"#1"},"east":{"uv":[5,10,11,11],"texture":"#1"},"south":{"uv":[5,10,11,11],"texture":"#1"},"west":{"uv":[5,10,11,11],"texture":"#1"}}},{"from":[-0.15633,7.94902,-1.68564],"to":[3.92184,8.20391,0.35344],"rotation":{"angle":0,"axis":"y","origin":[1.88275,8.07647,-0.6661]},"faces":{"north":{"uv":[6,11,10,12],"texture":"#1"},"east":{"uv":[6,11,10,12],"texture":"#1"},"south":{"uv":[6,11,10,12],"texture":"#1"},"west":{"uv":[6,11,10,12],"texture":"#1"}}},{"from":[0.86321,7.94902,-2.70518],"to":[2.90229,8.20391,1.37298],"rotation":{"angle":0,"axis":"y","origin":[1.88275,8.07647,-0.6661]},"faces":{"north":{"uv":[6,11,10,12],"texture":"#1"},"east":{"uv":[6,11,10,12],"texture":"#1"},"south":{"uv":[6,11,10,12],"texture":"#1"},"west":{"uv":[6,11,10,12],"texture":"#1"}}},{"from":[-0.15633,7.94902,-2.70518],"to":[3.92184,8.20391,1.37298],"rotation":{"angle":0,"axis":"y","origin":[1.88275,8.07647,-0.6661]},"faces":{"up":{"uv":[4,4,12,12],"texture":"#1"}}},{"from":[13.86236,7.94902,-0.15633],"to":[16.92099,8.20391,2.90229],"rotation":{"angle":0,"axis":"y","origin":[14.8819,8.07647,0.86321]},"faces":{"north":{"uv":[5,10,11,11],"texture":"#1"},"east":{"uv":[5,10,11,11],"texture":"#1"},"south":{"uv":[5,10,11,11],"texture":"#1"},"west":{"uv":[5,10,11,11],"texture":"#1"}}},{"from":[13.35259,7.94902,0.35344],"to":[17.43076,8.20391,2.39252],"rotation":{"angle":0,"axis":"y","origin":[15.39167,8.07647,1.37298]},"faces":{"north":{"uv":[6,11,10,12],"texture":"#1"},"east":{"uv":[6,11,10,12],"texture":"#1"},"south":{"uv":[6,11,10,12],"texture":"#1"},"west":{"uv":[6,11,10,12],"texture":"#1"}}},{"from":[14.37213,7.94902,-0.6661],"to":[16.41121,8.20391,3.41206],"rotation":{"angle":0,"axis":"y","origin":[15.39167,8.07647,1.37298]},"faces":{"north":{"uv":[6,11,10,12],"texture":"#1"},"east":{"uv":[6,11,10,12],"texture":"#1"},"south":{"uv":[6,11,10,12],"texture":"#1"},"west":{"uv":[6,11,10,12],"texture":"#1"}}},{"from":[13.35259,7.94902,-0.6661],"to":[17.43076,8.20391,3.41206],"rotation":{"angle":0,"axis":"y","origin":[15.39167,8.07647,1.37298]},"faces":{"up":{"uv":[4,4,12,12],"texture":"#1"}}},{"from":[-4.69329,8,0.14953],"to":[0.81223,8.25489,5.65506],"rotation":{"angle":0,"axis":"y","origin":[-2.85811,8.12744,1.98471]},"faces":{"north":{"uv":[5,10,11,11],"texture":"#1"},"east":{"uv":[5,10,11,11],"texture":"#1"},"south":{"uv":[5,10,11,11],"texture":"#1"},"west":{"uv":[5,10,11,11],"texture":"#1"}}},{"from":[-5.61088,8,1.06712],"to":[1.72982,8.25489,4.73747],"rotation":{"angle":0,"axis":"y","origin":[-1.94053,8.12744,2.90229]},"faces":{"north":{"uv":[6,11,10,12],"texture":"#1"},"east":{"uv":[6,11,10,12],"texture":"#1"},"south":{"uv":[6,11,10,12],"texture":"#1"},"west":{"uv":[6,11,10,12],"texture":"#1"}}},{"from":[-3.7757,8,-0.76805],"to":[-0.10535,8.25489,6.57264],"rotation":{"angle":0,"axis":"y","origin":[-1.94053,8.12744,2.90229]},"faces":{"north":{"uv":[6,11,10,12],"texture":"#1"},"east":{"uv":[6,11,10,12],"texture":"#1"},"south":{"uv":[6,11,10,12],"texture":"#1"},"west":{"uv":[6,11,10,12],"texture":"#1"}}},{"from":[-5.61088,8,-0.76805],"to":[1.72982,8.25489,6.57264],"rotation":{"angle":0,"axis":"y","origin":[-1.94053,8.12744,2.90229]},"faces":{"up":{"uv":[4,4,12,12],"texture":"#1"}}},{"from":[12.28513,7.97451,7.16194],"to":[17.01988,8.2294,11.89669],"rotation":{"angle":0,"axis":"y","origin":[13.86338,8.10195,8.74019]},"faces":{"north":{"uv":[5,10,11,11],"texture":"#1"},"east":{"uv":[5,10,11,11],"texture":"#1"},"south":{"uv":[5,10,11,11],"texture":"#1"},"west":{"uv":[5,10,11,11],"texture":"#1"}}},{"from":[11.49601,7.97451,7.95106],"to":[17.80901,8.2294,11.10756],"rotation":{"angle":0,"axis":"y","origin":[14.65251,8.10195,9.52931]},"faces":{"north":{"uv":[6,11,10,12],"texture":"#1"},"east":{"uv":[6,11,10,12],"texture":"#1"},"south":{"uv":[6,11,10,12],"texture":"#1"},"west":{"uv":[6,11,10,12],"texture":"#1"}}},{"from":[13.07426,7.97451,6.37281],"to":[16.23076,8.2294,12.68581],"rotation":{"angle":0,"axis":"y","origin":[14.65251,8.10195,9.52931]},"faces":{"north":{"uv":[6,11,10,12],"texture":"#1"},"east":{"uv":[6,11,10,12],"texture":"#1"},"south":{"uv":[6,11,10,12],"texture":"#1"},"west":{"uv":[6,11,10,12],"texture":"#1"}}},{"from":[11.49601,7.97451,6.37281],"to":[17.80901,8.2294,12.68581],"rotation":{"angle":0,"axis":"y","origin":[14.65251,8.10195,9.52931]},"faces":{"up":{"uv":[4,4,12,12],"texture":"#1"}}},{"from":[4.18692,7.82158,2.94715],"to":[10.79354,8.07647,9.99422],"rotation":{"angle":0,"axis":"y","origin":[6.38912,7.94902,5.29618]},"faces":{"north":{"uv":[5,10,11,11],"texture":"#1"},"east":{"uv":[5,10,11,11],"texture":"#1"},"south":{"uv":[5,10,11,11],"texture":"#1"},"west":{"uv":[5,10,11,11],"texture":"#1"}}},{"from":[3.08581,7.82158,4.12167],"to":[11.89465,8.07647,8.81971],"rotation":{"angle":0,"axis":"y","origin":[7.49023,7.94902,6.47069]},"faces":{"north":{"uv":[6,11,10,12],"texture":"#1"},"east":{"uv":[6,11,10,12],"texture":"#1"},"south":{"uv":[6,11,10,12],"texture":"#1"},"west":{"uv":[6,11,10,12],"texture":"#1"}}},{"from":[5.28802,7.82158,1.77264],"to":[9.69244,8.07647,11.16873],"rotation":{"angle":0,"axis":"y","origin":[7.49023,7.94902,6.47069]},"faces":{"north":{"uv":[6,11,10,12],"texture":"#1"},"east":{"uv":[6,11,10,12],"texture":"#1"},"south":{"uv":[6,11,10,12],"texture":"#1"},"west":{"uv":[6,11,10,12],"texture":"#1"}}},{"from":[3.08581,7.82158,1.77264],"to":[11.89465,8.07647,11.16873],"rotation":{"angle":0,"axis":"y","origin":[7.49023,7.94902,6.47069]},"faces":{"up":{"uv":[4,4,12,12],"texture":"#1"}}},{"from":[-1.58573,7.92353,3.76686],"to":[5.35123,8.17842,10.70382],"rotation":{"angle":0,"axis":"y","origin":[0.72659,8.05098,6.07918]},"faces":{"north":{"uv":[5,10,11,11],"texture":"#1"},"east":{"uv":[5,10,11,11],"texture":"#1"},"south":{"uv":[5,10,11,11],"texture":"#1"},"west":{"uv":[5,10,11,11],"texture":"#1"}}},{"from":[-2.74189,7.92353,4.92302],"to":[6.50739,8.17842,9.54766],"rotation":{"angle":0,"axis":"y","origin":[1.88275,8.05098,7.23534]},"faces":{"north":{"uv":[6,11,10,12],"texture":"#1"},"east":{"uv":[6,11,10,12],"texture":"#1"},"south":{"uv":[6,11,10,12],"texture":"#1"},"west":{"uv":[6,11,10,12],"texture":"#1"}}},{"from":[-0.42957,7.92353,2.61071],"to":[4.19507,8.17842,11.85998],"rotation":{"angle":0,"axis":"y","origin":[1.88275,8.05098,7.23534]},"faces":{"north":{"uv":[6,11,10,12],"texture":"#1"},"east":{"uv":[6,11,10,12],"texture":"#1"},"south":{"uv":[6,11,10,12],"texture":"#1"},"west":{"uv":[6,11,10,12],"texture":"#1"}}},{"from":[-2.74189,7.92353,2.61071],"to":[6.50739,8.17842,11.85998],"rotation":{"angle":0,"axis":"y","origin":[1.88275,8.05098,7.23534]},"faces":{"up":{"uv":[4,4,12,12],"texture":"#1"}}},{"from":[0.30144,7.89805,-2.39932],"to":[6.52268,8.15293,3.1062],"rotation":{"angle":0,"axis":"y","origin":[2.37519,8.02549,-0.56415]},"faces":{"north":{"uv":[5,10,11,11],"texture":"#1"},"east":{"uv":[5,10,11,11],"texture":"#1"},"south":{"uv":[5,10,11,11],"texture":"#1"},"west":{"uv":[5,10,11,11],"texture":"#1"}}},{"from":[-0.73543,7.89805,-1.48173],"to":[7.55956,8.15293,2.18862],"rotation":{"angle":0,"axis":"y","origin":[3.41206,8.02549,0.35344]},"faces":{"north":{"uv":[6,11,10,12],"texture":"#1"},"east":{"uv":[6,11,10,12],"texture":"#1"},"south":{"uv":[6,11,10,12],"texture":"#1"},"west":{"uv":[6,11,10,12],"texture":"#1"}}},{"from":[1.33832,7.89805,-3.31691],"to":[5.48581,8.15293,4.02379],"rotation":{"angle":0,"axis":"y","origin":[3.41206,8.02549,0.35344]},"faces":{"north":{"uv":[6,11,10,12],"texture":"#1"},"east":{"uv":[6,11,10,12],"texture":"#1"},"south":{"uv":[6,11,10,12],"texture":"#1"},"west":{"uv":[6,11,10,12],"texture":"#1"}}},{"from":[-0.73543,7.89805,-3.31691],"to":[7.55956,8.15293,4.02379],"rotation":{"angle":0,"axis":"y","origin":[3.41206,8.02549,0.35344]},"faces":{"up":{"uv":[4,4,12,12],"texture":"#1"}}},{"from":[0.30144,7.79609,9.07052],"to":[6.52268,8.05098,14.57604],"rotation":{"angle":0,"axis":"y","origin":[2.37519,7.92353,10.90569]},"faces":{"north":{"uv":[5,10,11,11],"texture":"#1"},"east":{"uv":[5,10,11,11],"texture":"#1"},"south":{"uv":[5,10,11,11],"texture":"#1"},"west":{"uv":[5,10,11,11],"texture":"#1"}}},{"from":[-0.73543,7.79609,9.98811],"to":[7.55956,8.05098,13.65845],"rotation":{"angle":0,"axis":"y","origin":[3.41206,7.92353,11.82328]},"faces":{"north":{"uv":[6,11,10,12],"texture":"#1"},"east":{"uv":[6,11,10,12],"texture":"#1"},"south":{"uv":[6,11,10,12],"texture":"#1"},"west":{"uv":[6,11,10,12],"texture":"#1"}}},{"from":[1.33832,7.79609,8.15293],"to":[5.48581,8.05098,15.49363],"rotation":{"angle":0,"axis":"y","origin":[3.41206,7.92353,11.82328]},"faces":{"north":{"uv":[6,11,10,12],"texture":"#1"},"east":{"uv":[6,11,10,12],"texture":"#1"},"south":{"uv":[6,11,10,12],"texture":"#1"},"west":{"uv":[6,11,10,12],"texture":"#1"}}},{"from":[-0.73543,7.79609,8.15293],"to":[7.55956,8.05098,15.49363],"rotation":{"angle":0,"axis":"y","origin":[3.41206,7.92353,11.82328]},"faces":{"up":{"uv":[4,4,12,12],"texture":"#1"}}},{"from":[7.4633,7.89805,8.16211],"to":[13.12463,8.15293,15.48445],"rotation":{"angle":0,"axis":"y","origin":[9.35041,8.02549,10.60289]},"faces":{"north":{"uv":[5,10,11,11],"texture":"#1"},"east":{"uv":[5,10,11,11],"texture":"#1"},"south":{"uv":[5,10,11,11],"texture":"#1"},"west":{"uv":[5,10,11,11],"texture":"#1"}}},{"from":[6.51975,7.89805,9.3825],"to":[14.06819,8.15293,14.26406],"rotation":{"angle":0,"axis":"y","origin":[10.29397,8.02549,11.82328]},"faces":{"north":{"uv":[6,11,10,12],"texture":"#1"},"east":{"uv":[6,11,10,12],"texture":"#1"},"south":{"uv":[6,11,10,12],"texture":"#1"},"west":{"uv":[6,11,10,12],"texture":"#1"}}},{"from":[8.40686,7.89805,6.94172],"to":[12.18108,8.15293,16.70484],"rotation":{"angle":0,"axis":"y","origin":[10.29397,8.02549,11.82328]},"faces":{"north":{"uv":[6,11,10,12],"texture":"#1"},"east":{"uv":[6,11,10,12],"texture":"#1"},"south":{"uv":[6,11,10,12],"texture":"#1"},"west":{"uv":[6,11,10,12],"texture":"#1"}}},{"from":[6.51975,7.89805,6.94172],"to":[14.06819,8.15293,16.70484],"rotation":{"angle":0,"axis":"y","origin":[10.29397,8.02549,11.82328]},"faces":{"up":{"uv":[4,4,12,12],"texture":"#1"}}},{"from":[8.45081,7.87256,0.48802],"to":[16.72506,8.12744,7.86542],"rotation":{"angle":0,"axis":"y","origin":[11.20889,8,2.94715]},"faces":{"north":{"uv":[5,10,11,11],"texture":"#1"},"east":{"uv":[5,10,11,11],"texture":"#1"},"south":{"uv":[5,10,11,11],"texture":"#1"},"west":{"uv":[5,10,11,11],"texture":"#1"}}},{"from":[7.07177,7.87256,1.71759],"to":[18.1041,8.12744,6.63585],"rotation":{"angle":0,"axis":"y","origin":[12.58794,8,4.17672]},"faces":{"north":{"uv":[6,11,10,12],"texture":"#1"},"east":{"uv":[6,11,10,12],"texture":"#1"},"south":{"uv":[6,11,10,12],"texture":"#1"},"west":{"uv":[6,11,10,12],"texture":"#1"}}},{"from":[9.82985,7.87256,-0.74155],"to":[15.34602,8.12744,9.09499],"rotation":{"angle":0,"axis":"y","origin":[12.58794,8,4.17672]},"faces":{"north":{"uv":[6,11,10,12],"texture":"#1"},"east":{"uv":[6,11,10,12],"texture":"#1"},"south":{"uv":[6,11,10,12],"texture":"#1"},"west":{"uv":[6,11,10,12],"texture":"#1"}}},{"from":[7.07177,7.87256,-0.74155],"to":[18.1041,8.12744,9.09499],"rotation":{"angle":0,"axis":"y","origin":[12.58794,8,4.17672]},"faces":{"up":{"uv":[4,4,12,12],"texture":"#1"}}},{"from":[6.36344,7.97451,-1.73866],"to":[10.6561,8.2294,2.44554],"rotation":{"angle":0,"axis":"y","origin":[7.79433,8.10195,-0.34393]},"faces":{"north":{"uv":[5,10,11,11],"texture":"#1"},"east":{"uv":[5,10,11,11],"texture":"#1"},"south":{"uv":[5,10,11,11],"texture":"#1"},"west":{"uv":[5,10,11,11],"texture":"#1"}}},{"from":[5.648,7.97451,-1.04129],"to":[11.37154,8.2294,1.74817],"rotation":{"angle":0,"axis":"y","origin":[8.50977,8.10195,0.35344]},"faces":{"north":{"uv":[6,11,10,12],"texture":"#1"},"east":{"uv":[6,11,10,12],"texture":"#1"},"south":{"uv":[6,11,10,12],"texture":"#1"},"west":{"uv":[6,11,10,12],"texture":"#1"}}},{"from":[7.07889,7.97451,-2.43602],"to":[9.94066,8.2294,3.14291],"rotation":{"angle":0,"axis":"y","origin":[8.50977,8.10195,0.35344]},"faces":{"north":{"uv":[6,11,10,12],"texture":"#1"},"east":{"uv":[6,11,10,12],"texture":"#1"},"south":{"uv":[6,11,10,12],"texture":"#1"},"west":{"uv":[6,11,10,12],"texture":"#1"}}},{"from":[5.648,7.97451,-2.43602],"to":[11.37154,8.2294,3.14291],"rotation":{"angle":0,"axis":"y","origin":[8.50977,8.10195,0.35344]},"faces":{"up":{"uv":[4,4,12,12],"texture":"#1"}}},{"from":[-4.59663,7.97451,6.16279],"to":[-0.30397,8.2294,10.34698],"rotation":{"angle":0,"axis":"y","origin":[-3.16574,8.10195,7.55752]},"faces":{"north":{"uv":[5,10,11,11],"texture":"#1"},"east":{"uv":[5,10,11,11],"texture":"#1"},"south":{"uv":[5,10,11,11],"texture":"#1"},"west":{"uv":[5,10,11,11],"texture":"#1"}}},{"from":[-5.31207,7.97451,6.86015],"to":[0.41147,8.2294,9.64962],"rotation":{"angle":0,"axis":"y","origin":[-2.4503,8.10195,8.25489]},"faces":{"north":{"uv":[6,11,10,12],"texture":"#1"},"east":{"uv":[6,11,10,12],"texture":"#1"},"south":{"uv":[6,11,10,12],"texture":"#1"},"west":{"uv":[6,11,10,12],"texture":"#1"}}},{"from":[-3.88118,7.97451,5.46542],"to":[-1.01941,8.2294,11.04435],"rotation":{"angle":0,"axis":"y","origin":[-2.4503,8.10195,8.25489]},"faces":{"north":{"uv":[6,11,10,12],"texture":"#1"},"east":{"uv":[6,11,10,12],"texture":"#1"},"south":{"uv":[6,11,10,12],"texture":"#1"},"west":{"uv":[6,11,10,12],"texture":"#1"}}},{"from":[-5.31207,7.97451,5.46542],"to":[0.41147,8.2294,11.04435],"rotation":{"angle":0,"axis":"y","origin":[-2.4503,8.10195,8.25489]},"faces":{"up":{"uv":[4,4,12,12],"texture":"#1"}}},{"from":[10.18672,7.89805,-0.83698],"to":[14.47938,8.15293,4.60248],"rotation":{"angle":0,"axis":"y","origin":[11.61761,8.02549,0.97618]},"faces":{"north":{"uv":[5,10,11,11],"texture":"#1"},"east":{"uv":[5,10,11,11],"texture":"#1"},"south":{"uv":[5,10,11,11],"texture":"#1"},"west":{"uv":[5,10,11,11],"texture":"#1"}}},{"from":[9.47128,7.89805,0.0696],"to":[15.19482,8.15293,3.6959],"rotation":{"angle":0,"axis":"y","origin":[12.33305,8.02549,1.88275]},"faces":{"north":{"uv":[6,11,10,12],"texture":"#1"},"east":{"uv":[6,11,10,12],"texture":"#1"},"south":{"uv":[6,11,10,12],"texture":"#1"},"west":{"uv":[6,11,10,12],"texture":"#1"}}},{"from":[10.90216,7.89805,-1.74355],"to":[13.76394,8.15293,5.50906],"rotation":{"angle":0,"axis":"y","origin":[12.33305,8.02549,1.88275]},"faces":{"north":{"uv":[6,11,10,12],"texture":"#1"},"east":{"uv":[6,11,10,12],"texture":"#1"},"south":{"uv":[6,11,10,12],"texture":"#1"},"west":{"uv":[6,11,10,12],"texture":"#1"}}},{"from":[9.47128,7.89805,-1.74355],"to":[15.19482,8.15293,5.50906],"rotation":{"angle":0,"axis":"y","origin":[12.33305,8.02549,1.88275]},"faces":{"up":{"uv":[4,4,12,12],"texture":"#1"}}},{"from":[5.5237,8.02549,4.00585],"to":[12.00561,8.28037,9.4453],"rotation":{"angle":0,"axis":"y","origin":[7.68434,8.15293,5.819]},"faces":{"north":{"uv":[5,10,11,11],"texture":"#1"},"east":{"uv":[5,10,11,11],"texture":"#1"},"south":{"uv":[5,10,11,11],"texture":"#1"},"west":{"uv":[5,10,11,11],"texture":"#1"}}},{"from":[4.44338,8.02549,4.91242],"to":[13.08593,8.28037,8.53873],"rotation":{"angle":0,"axis":"y","origin":[8.76466,8.15293,6.72557]},"faces":{"north":{"uv":[6,11,10,12],"texture":"#1"},"east":{"uv":[6,11,10,12],"texture":"#1"},"south":{"uv":[6,11,10,12],"texture":"#1"},"west":{"uv":[6,11,10,12],"texture":"#1"}}},{"from":[6.60402,8.02549,3.09927],"to":[10.92529,8.28037,10.35188],"rotation":{"angle":0,"axis":"y","origin":[8.76466,8.15293,6.72557]},"faces":{"north":{"uv":[6,11,10,12],"texture":"#1"},"east":{"uv":[6,11,10,12],"texture":"#1"},"south":{"uv":[6,11,10,12],"texture":"#1"},"west":{"uv":[6,11,10,12],"texture":"#1"}}},{"from":[4.44338,8.02549,3.09927],"to":[13.08593,8.28037,10.35188],"rotation":{"angle":0,"axis":"y","origin":[8.76466,8.15293,6.72557]},"faces":{"up":{"uv":[4,4,12,12],"texture":"#1"}}}]}
