{"textures":{"0":"omega-flowey:custom/pipe/polished_andesite"},"display":{"head":{"rotation":[0,180,0]}},"elements":[{"from":[15.79579,2.40442,6.56036],"to":[16.75555,3.36418,9.43964],"rotation":{"angle":0,"axis":"y","origin":[45.30841,-30.10745,7.52012]},"faces":{"north":{"uv":[4,0,0,4],"rotation":180,"texture":"#0"},"east":{"uv":[12,0,0,4],"rotation":180,"texture":"#0"},"south":{"uv":[4,0,0,4],"rotation":180,"texture":"#0"},"west":{"uv":[12,0,0,4],"rotation":180,"texture":"#0"},"up":{"uv":[4,0,0,12],"rotation":180,"texture":"#0"},"down":{"uv":[4,0,0,12],"rotation":180,"texture":"#0"}}},{"from":[15.79579,1.44466,7.52012],"to":[16.75555,4.32394,8.47988],"rotation":{"angle":0,"axis":"y","origin":[45.54835,-26.26841,7.76006]},"faces":{"north":{"uv":[0,0,4,12],"texture":"#0"},"east":{"uv":[0,0,4,12],"texture":"#0"},"south":{"uv":[0,0,4,12],"texture":"#0"},"west":{"uv":[0,0,4,12],"texture":"#0"},"up":{"uv":[4,0,0,4],"rotation":180,"texture":"#0"},"down":{"uv":[4,0,0,4],"rotation":180,"texture":"#0"}}},{"from":[14.83603,3.36418,6.56036],"to":[15.79579,4.32394,9.43964],"rotation":{"angle":0,"axis":"y","origin":[44.34865,-29.14769,7.52012]},"faces":{"north":{"uv":[4,0,0,4],"rotation":180,"texture":"#0"},"east":{"uv":[12,0,0,4],"rotation":180,"texture":"#0"},"south":{"uv":[4,0,0,4],"rotation":180,"texture":"#0"},"west":{"uv":[12,0,0,4],"rotation":180,"texture":"#0"},"up":{"uv":[4,0,0,12],"rotation":180,"texture":"#0"},"down":{"uv":[4,0,0,12],"rotation":180,"texture":"#0"}}},{"from":[14.83603,2.40442,7.52012],"to":[15.79579,6.24346,8.47988],"rotation":{"angle":0,"axis":"y","origin":[44.58859,-25.30865,7.76006]},"faces":{"north":{"uv":[0,0,4,16],"texture":"#0"},"east":{"uv":[0,0,4,16],"texture":"#0"},"south":{"uv":[0,0,4,16],"texture":"#0"},"west":{"uv":[0,0,4,16],"texture":"#0"},"up":{"uv":[4,0,0,4],"rotation":180,"texture":"#0"},"down":{"uv":[4,0,0,4],"rotation":180,"texture":"#0"}}},{"from":[13.87627,3.36418,7.52012],"to":[14.83603,6.24346,8.47988],"rotation":{"angle":0,"axis":"y","origin":[43.62883,-24.34889,7.76006]},"faces":{"north":{"uv":[0,0,4,12],"texture":"#0"},"east":{"uv":[0,0,4,12],"texture":"#0"},"south":{"uv":[0,0,4,12],"texture":"#0"},"west":{"uv":[0,0,4,12],"texture":"#0"},"up":{"uv":[4,0,0,4],"rotation":180,"texture":"#0"},"down":{"uv":[4,0,0,4],"rotation":180,"texture":"#0"}}},{"from":[13.87627,4.32394,6.56036],"to":[14.83603,6.24346,9.43964],"rotation":{"angle":0,"axis":"y","origin":[43.38889,-27.22817,7.52012]},"faces":{"north":{"uv":[0,0,4,8],"texture":"#0"},"east":{"uv":[0,0,12,8],"texture":"#0"},"south":{"uv":[0,0,4,8],"texture":"#0"},"west":{"uv":[0,0,12,8],"texture":"#0"},"up":{"uv":[4,0,0,12],"rotation":180,"texture":"#0"},"down":{"uv":[4,0,0,12],"rotation":180,"texture":"#0"}}},{"from":[13.87627,4.32394,7.52012],"to":[14.83603,8.16298,8.47988],"rotation":{"angle":0,"axis":"y","origin":[43.62883,-23.38913,7.76006]},"faces":{"north":{"uv":[0,0,4,16],"texture":"#0"},"east":{"uv":[0,0,4,16],"texture":"#0"},"south":{"uv":[0,0,4,16],"texture":"#0"},"west":{"uv":[0,0,4,16],"texture":"#0"},"up":{"uv":[4,0,0,4],"rotation":180,"texture":"#0"},"down":{"uv":[4,0,0,4],"rotation":180,"texture":"#0"}}},{"from":[18.67507,-0.47486,7.52012],"to":[19.63483,2.40442,8.47988],"rotation":{"angle":0,"axis":"y","origin":[48.42763,-28.18793,7.76006]},"faces":{"north":{"uv":[0,0,4,12],"texture":"#0"},"east":{"uv":[0,0,4,12],"texture":"#0"},"south":{"uv":[0,0,4,12],"texture":"#0"},"west":{"uv":[0,0,4,12],"texture":"#0"},"up":{"uv":[4,0,0,4],"rotation":180,"texture":"#0"},"down":{"uv":[4,0,0,4],"rotation":180,"texture":"#0"}}},{"from":[18.67507,0.4849,6.56036],"to":[19.64083,1.44466,9.43964],"rotation":{"angle":0,"axis":"y","origin":[48.18769,-32.02697,7.52012]},"faces":{"north":{"uv":[4,0,0,4],"rotation":180,"texture":"#0"},"east":{"uv":[12,0,0,4],"rotation":180,"texture":"#0"},"south":{"uv":[4,0,0,4],"rotation":180,"texture":"#0"},"west":{"uv":[12,0,0,4],"rotation":180,"texture":"#0"},"up":{"uv":[4,0,0,12],"rotation":180,"texture":"#0"},"down":{"uv":[4,0,0,12],"rotation":180,"texture":"#0"}}},{"from":[17.71531,0.4849,7.52012],"to":[18.67507,3.36418,8.47988],"rotation":{"angle":0,"axis":"y","origin":[47.46787,-27.22817,7.76006]},"faces":{"north":{"uv":[0,0,4,12],"texture":"#0"},"east":{"uv":[0,0,4,12],"texture":"#0"},"south":{"uv":[0,0,4,12],"texture":"#0"},"west":{"uv":[0,0,4,12],"texture":"#0"},"up":{"uv":[4,0,0,4],"rotation":180,"texture":"#0"},"down":{"uv":[4,0,0,4],"rotation":180,"texture":"#0"}}},{"from":[17.71531,1.44466,6.56036],"to":[18.67507,2.40442,9.43964],"rotation":{"angle":0,"axis":"y","origin":[47.22793,-31.06721,7.52012]},"faces":{"north":{"uv":[4,0,0,4],"rotation":180,"texture":"#0"},"east":{"uv":[12,0,0,4],"rotation":180,"texture":"#0"},"south":{"uv":[4,0,0,4],"rotation":180,"texture":"#0"},"west":{"uv":[12,0,0,4],"rotation":180,"texture":"#0"},"up":{"uv":[4,0,0,12],"rotation":180,"texture":"#0"},"down":{"uv":[4,0,0,12],"rotation":180,"texture":"#0"}}},{"from":[16.75555,0.4849,7.52012],"to":[17.71531,3.36418,8.47988],"rotation":{"angle":0,"axis":"y","origin":[46.50811,-27.22817,7.76006]},"faces":{"north":{"uv":[0,0,4,12],"texture":"#0"},"east":{"uv":[0,0,4,12],"texture":"#0"},"south":{"uv":[0,0,4,12],"texture":"#0"},"west":{"uv":[0,0,4,12],"texture":"#0"},"up":{"uv":[4,0,0,4],"rotation":180,"texture":"#0"},"down":{"uv":[4,0,0,4],"rotation":180,"texture":"#0"}}},{"from":[16.75555,1.44466,6.56036],"to":[17.71531,2.40442,9.43964],"rotation":{"angle":0,"axis":"y","origin":[46.26817,-31.06721,7.52012]},"faces":{"north":{"uv":[4,0,0,4],"rotation":180,"texture":"#0"},"east":{"uv":[12,0,0,4],"rotation":180,"texture":"#0"},"south":{"uv":[4,0,0,4],"rotation":180,"texture":"#0"},"west":{"uv":[12,0,0,4],"rotation":180,"texture":"#0"},"up":{"uv":[4,0,0,12],"rotation":180,"texture":"#0"},"down":{"uv":[4,0,0,12],"rotation":180,"texture":"#0"}}},{"from":[12.91651,4.32394,7.52012],"to":[13.87627,6.24346,8.47988],"rotation":{"angle":0,"axis":"y","origin":[42.66907,-21.46961,7.76006]},"faces":{"north":{"uv":[0,0,4,8],"texture":"#0"},"east":{"uv":[0,0,4,8],"texture":"#0"},"south":{"uv":[0,0,4,8],"texture":"#0"},"west":{"uv":[0,0,4,8],"texture":"#0"},"up":{"uv":[0,0,4,4],"texture":"#0"},"down":{"uv":[0,0,4,4],"texture":"#0"}}},{"from":[12.91651,6.24346,6.56036],"to":[13.87627,8.16298,9.43964],"rotation":{"angle":0,"axis":"y","origin":[42.42913,-25.30865,7.52012]},"faces":{"north":{"uv":[4,0,0,8],"rotation":180,"texture":"#0"},"east":{"uv":[12,0,0,8],"rotation":180,"texture":"#0"},"south":{"uv":[4,0,0,8],"rotation":180,"texture":"#0"},"west":{"uv":[12,0,0,8],"rotation":180,"texture":"#0"},"up":{"uv":[4,0,0,12],"rotation":180,"texture":"#0"},"down":{"uv":[4,0,0,12],"rotation":180,"texture":"#0"}}},{"from":[11.95675,6.24346,7.52012],"to":[12.91651,8.16298,8.47988],"rotation":{"angle":0,"axis":"y","origin":[41.70931,-20.50985,7.76006]},"faces":{"north":{"uv":[0,0,4,8],"texture":"#0"},"east":{"uv":[0,0,4,8],"texture":"#0"},"south":{"uv":[0,0,4,8],"texture":"#0"},"west":{"uv":[0,0,4,8],"texture":"#0"},"up":{"uv":[4,0,0,4],"rotation":180,"texture":"#0"},"down":{"uv":[4,0,0,4],"rotation":180,"texture":"#0"}}},{"from":[10.99699,8.16298,7.52012],"to":[13.87627,10.0825,8.47988],"rotation":{"angle":0,"axis":"y","origin":[42.66907,-18.59033,7.76006]},"faces":{"north":{"uv":[0,0,12,8],"texture":"#0"},"east":{"uv":[0,0,4,8],"texture":"#0"},"south":{"uv":[0,0,12,8],"texture":"#0"},"west":{"uv":[0,0,4,8],"texture":"#0"},"up":{"uv":[12,0,0,4],"rotation":180,"texture":"#0"},"down":{"uv":[12,0,0,4],"rotation":180,"texture":"#0"}}},{"from":[11.95675,8.16298,7.52012],"to":[12.91651,11.04226,8.47988],"rotation":{"angle":0,"axis":"y","origin":[41.70931,-19.55009,7.76006]},"faces":{"north":{"uv":[0,0,4,12],"texture":"#0"},"east":{"uv":[0,0,4,12],"texture":"#0"},"south":{"uv":[0,0,4,12],"texture":"#0"},"west":{"uv":[0,0,4,12],"texture":"#0"},"up":{"uv":[4,0,0,4],"rotation":180,"texture":"#0"},"down":{"uv":[4,0,0,4],"rotation":180,"texture":"#0"}}},{"from":[11.95675,8.16298,6.56036],"to":[12.91651,10.0825,9.43964],"rotation":{"angle":0,"axis":"y","origin":[41.46937,-23.38913,7.52012]},"faces":{"north":{"uv":[4,0,0,8],"rotation":180,"texture":"#0"},"east":{"uv":[12,0,0,8],"rotation":180,"texture":"#0"},"south":{"uv":[4,0,0,8],"rotation":180,"texture":"#0"},"west":{"uv":[12,0,0,8],"rotation":180,"texture":"#0"},"up":{"uv":[4,0,0,12],"rotation":180,"texture":"#0"},"down":{"uv":[4,0,0,12],"rotation":180,"texture":"#0"}}},{"from":[10.99699,11.04226,7.52012],"to":[11.95675,12.00202,8.47988],"rotation":{"angle":0,"axis":"y","origin":[40.74955,-18.59033,7.76006]},"faces":{"north":{"uv":[0,0,4,4],"texture":"#0"},"east":{"uv":[0,0,4,4],"texture":"#0"},"south":{"uv":[0,0,4,4],"texture":"#0"},"west":{"uv":[0,0,4,4],"texture":"#0"},"up":{"uv":[0,0,4,4],"texture":"#0"},"down":{"uv":[0,0,4,4],"texture":"#0"}}},{"from":[10.99699,10.0825,6.56036],"to":[11.95675,11.04226,9.43964],"rotation":{"angle":0,"axis":"y","origin":[40.50961,-22.42937,7.52012]},"faces":{"north":{"uv":[4,0,0,4],"rotation":180,"texture":"#0"},"east":{"uv":[12,0,0,4],"rotation":180,"texture":"#0"},"south":{"uv":[4,0,0,4],"rotation":180,"texture":"#0"},"west":{"uv":[12,0,0,4],"rotation":180,"texture":"#0"},"up":{"uv":[4,0,0,12],"rotation":180,"texture":"#0"},"down":{"uv":[4,0,0,12],"rotation":180,"texture":"#0"}}},{"from":[10.03723,10.0825,7.52012],"to":[10.99699,12.96178,8.47988],"rotation":{"angle":0,"axis":"y","origin":[39.78979,-17.63057,7.76006]},"faces":{"north":{"uv":[0,0,4,12],"texture":"#0"},"east":{"uv":[0,0,4,12],"texture":"#0"},"south":{"uv":[0,0,4,12],"texture":"#0"},"west":{"uv":[0,0,4,12],"texture":"#0"},"up":{"uv":[4,0,0,4],"rotation":180,"texture":"#0"},"down":{"uv":[4,0,0,4],"rotation":180,"texture":"#0"}}},{"from":[10.03723,11.04226,6.56036],"to":[10.99699,12.00202,9.43964],"rotation":{"angle":0,"axis":"y","origin":[39.54985,-21.46961,7.52012]},"faces":{"north":{"uv":[4,0,0,4],"rotation":180,"texture":"#0"},"east":{"uv":[12,0,0,4],"rotation":180,"texture":"#0"},"south":{"uv":[4,0,0,4],"rotation":180,"texture":"#0"},"west":{"uv":[12,0,0,4],"rotation":180,"texture":"#0"},"up":{"uv":[4,0,0,12],"rotation":180,"texture":"#0"},"down":{"uv":[4,0,0,12],"rotation":180,"texture":"#0"}}},{"from":[9.07747,10.0825,7.52012],"to":[10.03723,12.96178,8.47988],"rotation":{"angle":0,"axis":"y","origin":[38.83003,-17.63057,7.76006]},"faces":{"north":{"uv":[0,0,4,12],"texture":"#0"},"east":{"uv":[0,0,4,12],"texture":"#0"},"south":{"uv":[0,0,4,12],"texture":"#0"},"west":{"uv":[0,0,4,12],"texture":"#0"},"up":{"uv":[4,0,0,4],"rotation":180,"texture":"#0"},"down":{"uv":[4,0,0,4],"rotation":180,"texture":"#0"}}},{"from":[9.07747,11.04226,6.56036],"to":[10.03723,12.00202,9.43964],"rotation":{"angle":0,"axis":"y","origin":[38.59009,-21.46961,7.52012]},"faces":{"north":{"uv":[4,0,0,4],"rotation":180,"texture":"#0"},"east":{"uv":[12,0,0,4],"rotation":180,"texture":"#0"},"south":{"uv":[4,0,0,4],"rotation":180,"texture":"#0"},"west":{"uv":[12,0,0,4],"rotation":180,"texture":"#0"},"up":{"uv":[4,0,0,12],"rotation":180,"texture":"#0"},"down":{"uv":[4,0,0,12],"rotation":180,"texture":"#0"}}},{"from":[6.19819,12.00202,6.56036],"to":[7.15795,12.96178,9.43964],"rotation":{"angle":0,"axis":"y","origin":[35.71081,-20.50985,7.52012]},"faces":{"north":{"uv":[4,0,0,4],"rotation":180,"texture":"#0"},"east":{"uv":[12,0,0,4],"rotation":180,"texture":"#0"},"south":{"uv":[4,0,0,4],"rotation":180,"texture":"#0"},"west":{"uv":[12,0,0,4],"rotation":180,"texture":"#0"},"up":{"uv":[4,0,0,12],"rotation":180,"texture":"#0"},"down":{"uv":[4,0,0,12],"rotation":180,"texture":"#0"}}},{"from":[6.19819,11.04226,7.52012],"to":[7.15795,13.92154,8.47988],"rotation":{"angle":0,"axis":"y","origin":[35.95075,-16.67081,7.76006]},"faces":{"north":{"uv":[0,0,4,12],"texture":"#0"},"east":{"uv":[0,0,4,12],"texture":"#0"},"south":{"uv":[0,0,4,12],"texture":"#0"},"west":{"uv":[0,0,4,12],"texture":"#0"},"up":{"uv":[4,0,0,4],"rotation":180,"texture":"#0"},"down":{"uv":[4,0,0,4],"rotation":180,"texture":"#0"}}},{"from":[7.15795,12.00202,6.56036],"to":[8.11771,12.96178,9.43964],"rotation":{"angle":0,"axis":"y","origin":[36.67057,-20.50985,7.52012]},"faces":{"north":{"uv":[4,0,0,4],"rotation":180,"texture":"#0"},"east":{"uv":[12,0,0,4],"rotation":180,"texture":"#0"},"south":{"uv":[4,0,0,4],"rotation":180,"texture":"#0"},"west":{"uv":[12,0,0,4],"rotation":180,"texture":"#0"},"up":{"uv":[4,0,0,12],"rotation":180,"texture":"#0"},"down":{"uv":[4,0,0,12],"rotation":180,"texture":"#0"}}},{"from":[7.15795,11.04226,7.52012],"to":[8.11771,13.92154,8.47988],"rotation":{"angle":0,"axis":"y","origin":[36.91051,-16.67081,7.76006]},"faces":{"north":{"uv":[0,0,4,12],"texture":"#0"},"east":{"uv":[0,0,4,12],"texture":"#0"},"south":{"uv":[0,0,4,12],"texture":"#0"},"west":{"uv":[0,0,4,12],"texture":"#0"},"up":{"uv":[4,0,0,4],"rotation":180,"texture":"#0"},"down":{"uv":[4,0,0,4],"rotation":180,"texture":"#0"}}},{"from":[8.11771,12.00202,6.56036],"to":[9.07747,12.96178,9.43964],"rotation":{"angle":0,"axis":"y","origin":[37.63033,-20.50985,7.52012]},"faces":{"north":{"uv":[4,0,0,4],"rotation":180,"texture":"#0"},"east":{"uv":[12,0,0,4],"rotation":180,"texture":"#0"},"south":{"uv":[4,0,0,4],"rotation":180,"texture":"#0"},"west":{"uv":[12,0,0,4],"rotation":180,"texture":"#0"},"up":{"uv":[4,0,0,12],"rotation":180,"texture":"#0"},"down":{"uv":[4,0,0,12],"rotation":180,"texture":"#0"}}},{"from":[8.11771,11.04226,7.52012],"to":[9.07747,13.92154,8.47988],"rotation":{"angle":0,"axis":"y","origin":[37.87027,-16.67081,7.76006]},"faces":{"north":{"uv":[0,0,4,12],"texture":"#0"},"east":{"uv":[0,0,4,12],"texture":"#0"},"south":{"uv":[0,0,4,12],"texture":"#0"},"west":{"uv":[0,0,4,12],"texture":"#0"},"up":{"uv":[4,0,0,4],"rotation":180,"texture":"#0"},"down":{"uv":[4,0,0,4],"rotation":180,"texture":"#0"}}},{"from":[4.27867,11.04226,6.56036],"to":[5.23843,12.00202,9.43964],"rotation":{"angle":0,"axis":"y","origin":[33.79129,-21.46961,7.52012]},"faces":{"north":{"uv":[4,0,0,4],"rotation":180,"texture":"#0"},"east":{"uv":[12,0,0,4],"rotation":180,"texture":"#0"},"south":{"uv":[4,0,0,4],"rotation":180,"texture":"#0"},"west":{"uv":[12,0,0,4],"rotation":180,"texture":"#0"},"up":{"uv":[4,0,0,12],"rotation":180,"texture":"#0"},"down":{"uv":[4,0,0,12],"rotation":180,"texture":"#0"}}},{"from":[4.27867,10.0825,7.52012],"to":[5.23843,12.96178,8.47988],"rotation":{"angle":0,"axis":"y","origin":[34.03123,-17.63057,7.76006]},"faces":{"north":{"uv":[0,0,4,12],"texture":"#0"},"east":{"uv":[0,0,4,12],"texture":"#0"},"south":{"uv":[0,0,4,12],"texture":"#0"},"west":{"uv":[0,0,4,12],"texture":"#0"},"up":{"uv":[4,0,0,4],"rotation":180,"texture":"#0"},"down":{"uv":[4,0,0,4],"rotation":180,"texture":"#0"}}},{"from":[5.23843,11.04226,6.56036],"to":[6.19819,12.00202,9.43964],"rotation":{"angle":0,"axis":"y","origin":[34.75105,-21.46961,7.52012]},"faces":{"north":{"uv":[4,0,0,4],"rotation":180,"texture":"#0"},"east":{"uv":[12,0,0,4],"rotation":180,"texture":"#0"},"south":{"uv":[4,0,0,4],"rotation":180,"texture":"#0"},"west":{"uv":[12,0,0,4],"rotation":180,"texture":"#0"},"up":{"uv":[4,0,0,12],"rotation":180,"texture":"#0"},"down":{"uv":[4,0,0,12],"rotation":180,"texture":"#0"}}},{"from":[5.23843,10.0825,7.52012],"to":[6.19819,12.96178,8.47988],"rotation":{"angle":0,"axis":"y","origin":[34.99099,-17.63057,7.76006]},"faces":{"north":{"uv":[0,0,4,12],"texture":"#0"},"east":{"uv":[0,0,4,12],"texture":"#0"},"south":{"uv":[0,0,4,12],"texture":"#0"},"west":{"uv":[0,0,4,12],"texture":"#0"},"up":{"uv":[4,0,0,4],"rotation":180,"texture":"#0"},"down":{"uv":[4,0,0,4],"rotation":180,"texture":"#0"}}},{"from":[3.31891,9.12274,7.52012],"to":[4.27867,12.00202,8.47988],"rotation":{"angle":0,"axis":"y","origin":[33.07147,-18.59033,7.76006]},"faces":{"north":{"uv":[0,0,4,12],"texture":"#0"},"east":{"uv":[0,0,4,12],"texture":"#0"},"south":{"uv":[0,0,4,12],"texture":"#0"},"west":{"uv":[0,0,4,12],"texture":"#0"},"up":{"uv":[4,0,0,4],"rotation":180,"texture":"#0"},"down":{"uv":[4,0,0,4],"rotation":180,"texture":"#0"}}},{"from":[3.31891,10.0825,6.56036],"to":[4.27867,11.04226,9.43964],"rotation":{"angle":0,"axis":"y","origin":[32.83153,-22.42937,7.52012]},"faces":{"north":{"uv":[4,0,0,4],"rotation":180,"texture":"#0"},"east":{"uv":[12,0,0,4],"rotation":180,"texture":"#0"},"south":{"uv":[4,0,0,4],"rotation":180,"texture":"#0"},"west":{"uv":[12,0,0,4],"rotation":180,"texture":"#0"},"up":{"uv":[4,0,0,12],"rotation":180,"texture":"#0"},"down":{"uv":[4,0,0,12],"rotation":180,"texture":"#0"}}},{"from":[2.35915,9.12274,7.52012],"to":[3.31891,12.00202,8.47988],"rotation":{"angle":0,"axis":"y","origin":[32.11171,-18.59033,7.76006]},"faces":{"north":{"uv":[0,0,4,12],"texture":"#0"},"east":{"uv":[0,0,4,12],"texture":"#0"},"south":{"uv":[0,0,4,12],"texture":"#0"},"west":{"uv":[0,0,4,12],"texture":"#0"},"up":{"uv":[4,0,0,4],"rotation":180,"texture":"#0"},"down":{"uv":[4,0,0,4],"rotation":180,"texture":"#0"}}},{"from":[2.35915,10.0825,6.56036],"to":[3.31891,11.04226,9.43964],"rotation":{"angle":0,"axis":"y","origin":[31.87177,-22.42937,7.52012]},"faces":{"north":{"uv":[4,0,0,4],"rotation":180,"texture":"#0"},"east":{"uv":[12,0,0,4],"rotation":180,"texture":"#0"},"south":{"uv":[4,0,0,4],"rotation":180,"texture":"#0"},"west":{"uv":[12,0,0,4],"rotation":180,"texture":"#0"},"up":{"uv":[4,0,0,12],"rotation":180,"texture":"#0"},"down":{"uv":[4,0,0,12],"rotation":180,"texture":"#0"}}},{"from":[1.39939,8.16298,7.52012],"to":[2.35915,11.04226,8.47988],"rotation":{"angle":0,"axis":"y","origin":[31.15195,-19.55009,7.76006]},"faces":{"north":{"uv":[0,0,4,12],"texture":"#0"},"east":{"uv":[0,0,4,12],"texture":"#0"},"south":{"uv":[0,0,4,12],"texture":"#0"},"west":{"uv":[0,0,4,12],"texture":"#0"},"up":{"uv":[4,0,0,4],"rotation":180,"texture":"#0"},"down":{"uv":[4,0,0,4],"rotation":180,"texture":"#0"}}},{"from":[1.39939,9.12274,6.56036],"to":[2.35915,10.0825,9.43964],"rotation":{"angle":0,"axis":"y","origin":[30.91201,-23.38913,7.52012]},"faces":{"north":{"uv":[4,0,0,4],"rotation":180,"texture":"#0"},"east":{"uv":[12,0,0,4],"rotation":180,"texture":"#0"},"south":{"uv":[4,0,0,4],"rotation":180,"texture":"#0"},"west":{"uv":[12,0,0,4],"rotation":180,"texture":"#0"},"up":{"uv":[4,0,0,12],"rotation":180,"texture":"#0"},"down":{"uv":[4,0,0,12],"rotation":180,"texture":"#0"}}},{"from":[0.43963,8.16298,7.52012],"to":[1.39939,11.04226,8.47988],"rotation":{"angle":0,"axis":"y","origin":[30.19219,-19.55009,7.76006]},"faces":{"north":{"uv":[0,0,4,12],"texture":"#0"},"east":{"uv":[0,0,4,12],"texture":"#0"},"south":{"uv":[0,0,4,12],"texture":"#0"},"west":{"uv":[0,0,4,12],"texture":"#0"},"up":{"uv":[4,0,0,4],"rotation":180,"texture":"#0"},"down":{"uv":[4,0,0,4],"rotation":180,"texture":"#0"}}},{"from":[0.43963,9.12274,6.56036],"to":[1.39939,10.0825,9.43964],"rotation":{"angle":0,"axis":"y","origin":[29.95225,-23.38913,7.52012]},"faces":{"north":{"uv":[4,0,0,4],"rotation":180,"texture":"#0"},"east":{"uv":[12,0,0,4],"rotation":180,"texture":"#0"},"south":{"uv":[4,0,0,4],"rotation":180,"texture":"#0"},"west":{"uv":[12,0,0,4],"rotation":180,"texture":"#0"},"up":{"uv":[4,0,0,12],"rotation":180,"texture":"#0"},"down":{"uv":[4,0,0,12],"rotation":180,"texture":"#0"}}},{"from":[-0.52013,7.20322,7.52012],"to":[0.43963,10.0825,8.47988],"rotation":{"angle":0,"axis":"y","origin":[29.23243,-20.50985,7.76006]},"faces":{"north":{"uv":[0,0,4,12],"texture":"#0"},"east":{"uv":[0,0,4,12],"texture":"#0"},"south":{"uv":[0,0,4,12],"texture":"#0"},"west":{"uv":[0,0,4,12],"texture":"#0"},"up":{"uv":[4,0,0,4],"rotation":180,"texture":"#0"},"down":{"uv":[4,0,0,4],"rotation":180,"texture":"#0"}}},{"from":[-0.52013,8.16298,6.56036],"to":[0.43963,9.12274,9.43964],"rotation":{"angle":0,"axis":"y","origin":[28.99249,-24.34889,7.52012]},"faces":{"north":{"uv":[4,0,0,4],"rotation":180,"texture":"#0"},"east":{"uv":[12,0,0,4],"rotation":180,"texture":"#0"},"south":{"uv":[4,0,0,4],"rotation":180,"texture":"#0"},"west":{"uv":[12,0,0,4],"rotation":180,"texture":"#0"},"up":{"uv":[4,0,0,12],"rotation":180,"texture":"#0"},"down":{"uv":[4,0,0,12],"rotation":180,"texture":"#0"}}},{"from":[-1.47989,6.24346,7.52012],"to":[-0.52013,9.12274,8.47988],"rotation":{"angle":0,"axis":"y","origin":[28.27267,-21.46961,7.76006]},"faces":{"north":{"uv":[0,0,4,12],"texture":"#0"},"east":{"uv":[0,0,4,12],"texture":"#0"},"south":{"uv":[0,0,4,12],"texture":"#0"},"west":{"uv":[0,0,4,12],"texture":"#0"},"up":{"uv":[4,0,0,4],"rotation":180,"texture":"#0"},"down":{"uv":[4,0,0,4],"rotation":180,"texture":"#0"}}},{"from":[-3.39941,6.24346,7.52012],"to":[-2.43965,7.20322,8.47988],"rotation":{"angle":0,"axis":"y","origin":[26.35315,-21.46961,7.76006]},"faces":{"north":{"uv":[0,0,4,4],"texture":"#0"},"east":{"uv":[0,0,4,4],"texture":"#0"},"south":{"uv":[0,0,4,4],"texture":"#0"},"west":{"uv":[0,0,4,4],"texture":"#0"},"up":{"uv":[0,0,4,4],"texture":"#0"},"down":{"uv":[0,0,4,4],"texture":"#0"}}},{"from":[-3.39941,5.2837,7.52012],"to":[-0.52013,6.24346,8.47988],"rotation":{"angle":0,"axis":"y","origin":[26.35315,-22.42937,7.76006]},"faces":{"north":{"uv":[0,0,12,4],"texture":"#0"},"east":{"uv":[0,0,4,4],"texture":"#0"},"south":{"uv":[0,0,12,4],"texture":"#0"},"west":{"uv":[0,0,4,4],"texture":"#0"},"up":{"uv":[0,0,12,4],"texture":"#0"},"down":{"uv":[0,0,12,4],"texture":"#0"}}},{"from":[-4.35917,2.40442,7.52012],"to":[-1.47989,5.2837,8.47988],"rotation":{"angle":0,"axis":"y","origin":[25.39339,-23.38913,7.76006]},"faces":{"north":{"uv":[0,0,12,12],"texture":"#0"},"east":{"uv":[0,0,4,12],"texture":"#0"},"south":{"uv":[0,0,12,12],"texture":"#0"},"west":{"uv":[0,0,4,12],"texture":"#0"},"up":{"uv":[12,0,0,4],"rotation":180,"texture":"#0"},"down":{"uv":[12,0,0,4],"rotation":180,"texture":"#0"}}},{"from":[-1.47989,7.20322,6.56036],"to":[-0.52013,8.16298,9.43964],"rotation":{"angle":0,"axis":"y","origin":[28.03273,-25.30865,7.52012]},"faces":{"north":{"uv":[4,0,0,4],"rotation":180,"texture":"#0"},"east":{"uv":[12,0,0,4],"rotation":180,"texture":"#0"},"south":{"uv":[4,0,0,4],"rotation":180,"texture":"#0"},"west":{"uv":[12,0,0,4],"rotation":180,"texture":"#0"},"up":{"uv":[4,0,0,12],"rotation":180,"texture":"#0"},"down":{"uv":[4,0,0,12],"rotation":180,"texture":"#0"}}},{"from":[-2.43965,5.2837,6.56036],"to":[-1.47989,7.20322,9.43964],"rotation":{"angle":0,"axis":"y","origin":[27.07297,-26.26841,7.52012]},"faces":{"north":{"uv":[4,0,0,8],"rotation":180,"texture":"#0"},"east":{"uv":[12,0,0,8],"rotation":180,"texture":"#0"},"south":{"uv":[4,0,0,8],"rotation":180,"texture":"#0"},"west":{"uv":[12,0,0,8],"rotation":180,"texture":"#0"},"up":{"uv":[4,0,0,12],"rotation":180,"texture":"#0"},"down":{"uv":[4,0,0,12],"rotation":180,"texture":"#0"}}},{"from":[-3.39941,2.40442,6.56036],"to":[-2.43965,5.2837,9.43964],"rotation":{"angle":0,"axis":"y","origin":[26.11321,-28.18793,7.52012]},"faces":{"north":{"uv":[4,0,0,12],"rotation":180,"texture":"#0"},"east":{"uv":[12,0,0,12],"rotation":180,"texture":"#0"},"south":{"uv":[4,0,0,12],"rotation":180,"texture":"#0"},"west":{"uv":[12,0,0,12],"rotation":180,"texture":"#0"},"up":{"uv":[4,0,0,12],"rotation":180,"texture":"#0"},"down":{"uv":[4,0,0,12],"rotation":180,"texture":"#0"}}},{"from":[-2.43965,7.20322,7.52012],"to":[-1.47989,8.16298,8.47988],"rotation":{"angle":0,"axis":"y","origin":[27.31291,-22.42937,7.76006]},"faces":{"north":{"uv":[0,0,4,4],"texture":"#0"},"east":{"uv":[0,0,4,4],"texture":"#0"},"south":{"uv":[0,0,4,4],"texture":"#0"},"west":{"uv":[0,0,4,4],"texture":"#0"},"up":{"uv":[0,0,4,4],"texture":"#0"},"down":{"uv":[0,0,4,4],"texture":"#0"}}}]}
