{"textures":{"1":"minecraft:block/quartz_block_top","2":"minecraft:block/copper_block"},"display":{"head":{"rotation":[0,180,0]}},"elements":[{"from":[24.8,-1.6,8],"to":[28,2.4,11],"rotation":{"angle":0,"axis":"y","origin":[8.4,4.4,8]},"faces":{"north":{"uv":[0,0,1,3],"texture":"#1"},"east":{"uv":[0,0,16,16],"texture":"#1"},"south":{"uv":[0,0,1,3],"texture":"#1"},"west":{"uv":[0,0,1.5,3],"texture":"#1"},"up":{"uv":[0,0,1,1.5],"texture":"#1"},"down":{"uv":[0,0,1,1.5],"texture":"#1"}}},{"from":[24.8,-1.6,5],"to":[28,2.4,8],"rotation":{"angle":0,"axis":"y","origin":[8.4,4.4,8]},"faces":{"north":{"uv":[0,0,1,3],"texture":"#1"},"east":{"uv":[0,0,16,16],"texture":"#1"},"south":{"uv":[0,0,1,3],"texture":"#1"},"west":{"uv":[0,0,1.5,3],"texture":"#1"},"up":{"uv":[0,0,1,1.5],"texture":"#1"},"down":{"uv":[0,0,1,1.5],"texture":"#1"}}},{"from":[24.8,-3.6,5],"to":[28,-1.6,8],"rotation":{"angle":0,"axis":"y","origin":[8.4,4.4,8]},"faces":{"north":{"uv":[0,0,1,3],"texture":"#1"},"east":{"uv":[0,0,16,8],"texture":"#1"},"south":{"uv":[0,0,1,3],"texture":"#1"},"west":{"uv":[0,0,1.5,3],"texture":"#1"},"up":{"uv":[0,0,1,1.5],"texture":"#1"},"down":{"uv":[0,0,1,1.5],"texture":"#1"}}},{"from":[24.8,-3.6,8],"to":[28,-1.6,11],"rotation":{"angle":0,"axis":"y","origin":[8.4,4.4,8]},"faces":{"north":{"uv":[0,0,1,3],"texture":"#1"},"east":{"uv":[0,0,16,8],"texture":"#1"},"south":{"uv":[0,0,1,3],"texture":"#1"},"west":{"uv":[0,0,1.5,3],"texture":"#1"},"up":{"uv":[0,0,1,1.5],"texture":"#1"},"down":{"uv":[0,0,1,1.5],"texture":"#1"}}},{"from":[24.8,-1.6,3],"to":[28,2.4,5],"rotation":{"angle":0,"axis":"y","origin":[8.4,4.4,8]},"faces":{"north":{"uv":[0,0,1,3],"texture":"#1"},"east":{"uv":[0,0,16,16],"texture":"#1"},"south":{"uv":[0,0,1,3],"texture":"#1"},"west":{"uv":[0,0,1.5,3],"texture":"#1"},"up":{"uv":[0,0,1,1.5],"texture":"#1"},"down":{"uv":[0,0,1,1.5],"texture":"#1"}}},{"from":[24.8,-1.6,11],"to":[28,2.4,13],"rotation":{"angle":0,"axis":"y","origin":[8.4,4.4,8]},"faces":{"north":{"uv":[0,0,1,3],"texture":"#1"},"east":{"uv":[0,0,16,16],"texture":"#1"},"south":{"uv":[0,0,1,3],"texture":"#1"},"west":{"uv":[0,0,1.5,3],"texture":"#1"},"up":{"uv":[0,0,1,1.5],"texture":"#1"},"down":{"uv":[0,0,1,1.5],"texture":"#1"}}},{"from":[24.8,-1.6,13],"to":[28,2.4,15],"rotation":{"angle":0,"axis":"y","origin":[8.4,4.4,8]},"faces":{"north":{"uv":[0,0,1,3],"texture":"#1"},"east":{"uv":[0,0,16,16],"texture":"#1"},"south":{"uv":[0,0,1,3],"texture":"#1"},"west":{"uv":[0,0,1.5,3],"texture":"#1"},"up":{"uv":[0,0,1,1.5],"texture":"#1"},"down":{"uv":[0,0,1,1.5],"texture":"#1"}}},{"from":[24.8,-1.6,1],"to":[28,2.4,3],"rotation":{"angle":0,"axis":"y","origin":[8.4,4.4,8]},"faces":{"north":{"uv":[0,0,1,3],"texture":"#1"},"east":{"uv":[0,0,16,16],"texture":"#1"},"south":{"uv":[0,0,1,3],"texture":"#1"},"west":{"uv":[0,0,1.5,3],"texture":"#1"},"up":{"uv":[0,0,1,1.5],"texture":"#1"},"down":{"uv":[0,0,1,1.5],"texture":"#1"}}},{"from":[24.8,0.4,-0.5],"to":[28,2.4,1],"rotation":{"angle":0,"axis":"y","origin":[8.4,4.4,8]},"faces":{"north":{"uv":[0,0,1,3],"texture":"#1"},"east":{"uv":[0,0,16,16],"texture":"#1"},"south":{"uv":[0,0,1,3],"texture":"#1"},"west":{"uv":[0,0,1.5,3],"texture":"#1"},"up":{"uv":[0,0,1,1.5],"texture":"#1"},"down":{"uv":[0,0,1,1.5],"texture":"#1"}}},{"from":[24.8,0.4,15],"to":[28,2.4,16.5],"rotation":{"angle":0,"axis":"y","origin":[8.4,4.4,8]},"faces":{"north":{"uv":[0,0,1,3],"texture":"#1"},"east":{"uv":[0,0,16,8],"texture":"#1"},"south":{"uv":[0,0,1,3],"texture":"#1"},"west":{"uv":[0,0,1.5,3],"texture":"#1"},"up":{"uv":[0,0,1,1.5],"texture":"#1"},"down":{"uv":[0,0,1,1.5],"texture":"#1"}}},{"from":[24.8,0.4,16.5],"to":[28,2.4,18],"rotation":{"angle":0,"axis":"y","origin":[8.4,4.4,8]},"faces":{"north":{"uv":[0,0,1,3],"texture":"#1"},"east":{"uv":[0,0,16,8],"texture":"#1"},"south":{"uv":[0,0,1,3],"texture":"#1"},"west":{"uv":[0,0,1.5,3],"texture":"#1"},"up":{"uv":[0,0,1,1.5],"texture":"#1"},"down":{"uv":[0,0,1,1.5],"texture":"#1"}}},{"from":[24.8,0.4,-2],"to":[28,2.4,-0.5],"rotation":{"angle":0,"axis":"y","origin":[8.4,4.4,8]},"faces":{"north":{"uv":[0,0,1,3],"texture":"#1"},"east":{"uv":[0,0,16,16],"texture":"#1"},"south":{"uv":[0,0,1,3],"texture":"#1"},"west":{"uv":[0,0,1.5,3],"texture":"#1"},"up":{"uv":[0,0,1,1.5],"texture":"#1"},"down":{"uv":[0,0,1,1.5],"texture":"#1"}}},{"from":[24.4,-1.6,18],"to":[30,2.4,20],"rotation":{"angle":0,"axis":"y","origin":[8.4,4.4,8]},"faces":{"north":{"uv":[0,0,2,2],"texture":"#2"},"east":{"uv":[0,0,1,2],"texture":"#2"},"south":{"uv":[0,0,2,2],"texture":"#2"},"west":{"uv":[0,0,1,2],"texture":"#2"},"up":{"uv":[0,0,2,1],"texture":"#2"},"down":{"uv":[0,0,2,1],"texture":"#2"}}},{"from":[24.4,-1.6,14],"to":[30,0.4,18],"rotation":{"angle":0,"axis":"y","origin":[8.4,4.4,8]},"faces":{"north":{"uv":[0,0,2,1],"texture":"#2"},"east":{"uv":[0,0,2,1],"texture":"#2"},"south":{"uv":[0,0,2,1],"texture":"#2"},"west":{"uv":[0,0,2,1],"texture":"#2"},"up":{"uv":[0,0,2,2],"texture":"#2"},"down":{"uv":[0,0,2,2],"texture":"#2"}}},{"from":[24.4,-1.6,-2],"to":[30,0.4,2],"rotation":{"angle":0,"axis":"y","origin":[8.4,4.4,8]},"faces":{"north":{"uv":[0,0,2,1],"texture":"#2"},"east":{"uv":[0,0,2,1],"texture":"#2"},"south":{"uv":[0,0,2,1],"texture":"#2"},"west":{"uv":[0,0,2,1],"texture":"#2"},"up":{"uv":[0,0,2,2],"texture":"#2"},"down":{"uv":[0,0,2,2],"texture":"#2"}}},{"from":[24.4,-1.6,-4],"to":[30,2.4,-2],"rotation":{"angle":0,"axis":"y","origin":[8.4,4.4,8]},"faces":{"north":{"uv":[0,0,2,2],"texture":"#2"},"east":{"uv":[0,0,1,2],"texture":"#2"},"south":{"uv":[0,0,2,2],"texture":"#2"},"west":{"uv":[0,0,1,2],"texture":"#2"},"up":{"uv":[0,0,2,1],"texture":"#2"},"down":{"uv":[0,0,2,1],"texture":"#2"}}},{"from":[24.4,-3.6,10],"to":[30,-1.6,16],"rotation":{"angle":0,"axis":"y","origin":[8.4,4.4,8]},"faces":{"north":{"uv":[0,0,2,1],"texture":"#2"},"east":{"uv":[0,0,3,1],"texture":"#2"},"south":{"uv":[0,0,2,1],"texture":"#2"},"west":{"uv":[0,0,3,1],"texture":"#2"},"up":{"uv":[0,0,2,3],"texture":"#2"},"down":{"uv":[0,0,2,3],"texture":"#2"}}},{"from":[24.4,-3.6,0],"to":[30,-1.6,6],"rotation":{"angle":0,"axis":"y","origin":[8.4,4.4,8]},"faces":{"north":{"uv":[0,0,2,1],"texture":"#2"},"east":{"uv":[0,0,3,1],"texture":"#2"},"south":{"uv":[0,0,2,1],"texture":"#2"},"west":{"uv":[0,0,3,1],"texture":"#2"},"up":{"uv":[0,0,2,3],"texture":"#2"},"down":{"uv":[0,0,2,3],"texture":"#2"}}},{"from":[24.4,-5.6,4],"to":[30,-3.6,12],"rotation":{"angle":0,"axis":"y","origin":[8.4,4.4,8]},"faces":{"north":{"uv":[0,0,2,1],"texture":"#2"},"east":{"uv":[0,0,4,1],"texture":"#2"},"south":{"uv":[0,0,2,1],"texture":"#2"},"west":{"uv":[0,0,4,1],"texture":"#2"},"up":{"uv":[0,0,2,4],"texture":"#2"},"down":{"uv":[0,0,2,4],"texture":"#2"}}}]}
