{"textures":{"0":"minecraft:block/azalea_top"},"display":{"head":{"rotation":[0,180,0]}},"elements":[{"from":[-2.5,3.5,12.5],"to":[18.5,12.5,15.5],"faces":{"north":{"uv":[0,0,6,14],"rotation":90,"texture":"#0"},"east":{"uv":[0,0,2,6],"rotation":180,"texture":"#0"},"south":{"uv":[0,0,6,14],"rotation":270,"texture":"#0"},"west":{"uv":[0,0,2,6],"texture":"#0"},"up":{"uv":[0,0,2,14],"rotation":270,"texture":"#0"},"down":{"uv":[0,0,2,14],"rotation":270,"texture":"#0"}}},{"from":[3.5,-4,3.5],"to":[12.5,20,12.5],"faces":{"north":{"uv":[0,0,6,16],"texture":"#0"},"east":{"uv":[0,0,6,16],"texture":"#0"},"south":{"uv":[0,0,6,16],"texture":"#0"},"west":{"uv":[0,0,6,16],"texture":"#0"},"up":{"uv":[0,0,6,6],"texture":"#0"},"down":{"uv":[0,0,6,6],"texture":"#0"}}},{"from":[3.5,3.5,-4],"to":[12.5,12.5,20],"faces":{"north":{"uv":[0,0,6,6],"rotation":180,"texture":"#0"},"east":{"uv":[0,0,6,16],"rotation":270,"texture":"#0"},"south":{"uv":[0,0,6,6],"texture":"#0"},"west":{"uv":[0,0,6,16],"rotation":90,"texture":"#0"},"up":{"uv":[0,0,6,16],"rotation":180,"texture":"#0"},"down":{"uv":[0,0,6,16],"texture":"#0"}}},{"from":[-4,3.5,3.5],"to":[20,12.5,12.5],"rotation":{"angle":0,"axis":"y","origin":[8,8,8]},"faces":{"north":{"uv":[0,0,6,16],"rotation":90,"texture":"#0"},"east":{"uv":[0,0,6,6],"rotation":180,"texture":"#0"},"south":{"uv":[0,0,6,16],"rotation":270,"texture":"#0"},"west":{"uv":[0,0,6,6],"texture":"#0"},"up":{"uv":[0,0,6,16],"rotation":270,"texture":"#0"},"down":{"uv":[0,0,6,16],"rotation":270,"texture":"#0"}}},{"from":[3.5,0.5,-2.5],"to":[12.5,15.5,18.5],"faces":{"north":{"uv":[0,0,6,10],"rotation":180,"texture":"#0"},"east":{"uv":[0,0,10,14],"rotation":270,"texture":"#0"},"south":{"uv":[0,0,6,10],"texture":"#0"},"west":{"uv":[0,0,10,14],"rotation":90,"texture":"#0"},"up":{"uv":[0,0,6,14],"rotation":180,"texture":"#0"},"down":{"uv":[0,0,6,14],"texture":"#0"}}},{"from":[12.5,3.5,-2.5],"to":[15.5,12.5,18.5],"faces":{"north":{"uv":[0,0,2,6],"rotation":180,"texture":"#0"},"east":{"uv":[0,0,6,14],"rotation":270,"texture":"#0"},"south":{"uv":[0,0,2,6],"texture":"#0"},"west":{"uv":[0,0,6,14],"rotation":90,"texture":"#0"},"up":{"uv":[0,0,2,14],"rotation":180,"texture":"#0"},"down":{"uv":[0,0,2,14],"texture":"#0"}}},{"from":[0.5,3.5,-2.5],"to":[3.5,12.5,18.5],"faces":{"north":{"uv":[0,0,2,6],"rotation":180,"texture":"#0"},"east":{"uv":[0,0,6,14],"rotation":270,"texture":"#0"},"south":{"uv":[0,0,2,6],"texture":"#0"},"west":{"uv":[0,0,6,14],"rotation":90,"texture":"#0"},"up":{"uv":[0,0,2,14],"rotation":180,"texture":"#0"},"down":{"uv":[0,0,2,14],"texture":"#0"}}},{"from":[-2.5,3.5,0.5],"to":[18.5,12.5,3.5],"faces":{"north":{"uv":[0,0,6,14],"rotation":90,"texture":"#0"},"east":{"uv":[0,0,2,6],"rotation":180,"texture":"#0"},"south":{"uv":[0,0,6,14],"rotation":270,"texture":"#0"},"west":{"uv":[0,0,2,6],"texture":"#0"},"up":{"uv":[0,0,2,14],"rotation":270,"texture":"#0"},"down":{"uv":[0,0,2,14],"rotation":270,"texture":"#0"}}},{"from":[-2.5,0.5,3.5],"to":[18.5,15.5,12.5],"faces":{"north":{"uv":[0,0,10,14],"rotation":90,"texture":"#0"},"east":{"uv":[0,0,6,10],"rotation":180,"texture":"#0"},"south":{"uv":[0,0,10,14],"rotation":270,"texture":"#0"},"west":{"uv":[0,0,6,10],"texture":"#0"},"up":{"uv":[0,0,6,14],"rotation":270,"texture":"#0"},"down":{"uv":[0,0,6,14],"rotation":270,"texture":"#0"}}},{"from":[0.5,-2.5,3.5],"to":[15.5,18.5,12.5],"faces":{"north":{"uv":[0,0,10,14],"rotation":180,"texture":"#0"},"east":{"uv":[0,0,6,14],"rotation":180,"texture":"#0"},"south":{"uv":[0,0,10,14],"rotation":180,"texture":"#0"},"west":{"uv":[0,0,6,14],"rotation":180,"texture":"#0"},"up":{"uv":[0,0,6,10],"rotation":90,"texture":"#0"},"down":{"uv":[0,0,6,10],"rotation":270,"texture":"#0"}}},{"from":[3.5,-2.5,0.5],"to":[12.5,18.5,15.5],"faces":{"north":{"uv":[0,0,6,14],"rotation":180,"texture":"#0"},"east":{"uv":[0,0,10,14],"rotation":180,"texture":"#0"},"south":{"uv":[0,0,6,14],"rotation":180,"texture":"#0"},"west":{"uv":[0,0,10,14],"rotation":180,"texture":"#0"},"up":{"uv":[0,0,6,10],"texture":"#0"},"down":{"uv":[0,0,6,10],"texture":"#0"}}},{"from":[-1,0.5,0.5],"to":[17,15.5,15.5],"faces":{"north":{"uv":[0,0,12,10],"rotation":180,"texture":"#0"},"east":{"uv":[0,0,10,10],"rotation":270,"texture":"#0"},"south":{"uv":[0,0,12,10],"texture":"#0"},"west":{"uv":[0,0,10,10],"rotation":90,"texture":"#0"},"up":{"uv":[0,0,12,10],"rotation":180,"texture":"#0"},"down":{"uv":[0,0,12,10],"texture":"#0"}}},{"from":[0.5,0.5,-1],"to":[15.5,15.5,17],"faces":{"north":{"uv":[0,0,10,10],"rotation":180,"texture":"#0"},"east":{"uv":[0,0,10,12],"rotation":270,"texture":"#0"},"south":{"uv":[0,0,10,10],"texture":"#0"},"west":{"uv":[0,0,10,12],"rotation":90,"texture":"#0"},"up":{"uv":[0,0,10,12],"rotation":180,"texture":"#0"},"down":{"uv":[0,0,10,12],"texture":"#0"}}},{"from":[-1,3.5,-1],"to":[17,12.5,17],"faces":{"north":{"uv":[0,0,6,12],"rotation":90,"texture":"#0"},"east":{"uv":[0,0,12,6],"rotation":180,"texture":"#0"},"south":{"uv":[0,0,6,12],"rotation":270,"texture":"#0"},"west":{"uv":[0,0,12,6],"texture":"#0"},"up":{"uv":[0,0,12,12],"rotation":270,"texture":"#0"},"down":{"uv":[0,0,12,12],"rotation":270,"texture":"#0"}}},{"from":[-1,-1,3.5],"to":[17,17,12.5],"faces":{"north":{"uv":[0,0,12,12],"rotation":90,"texture":"#0"},"east":{"uv":[0,0,6,12],"rotation":180,"texture":"#0"},"south":{"uv":[0,0,12,12],"rotation":270,"texture":"#0"},"west":{"uv":[0,0,6,12],"texture":"#0"},"up":{"uv":[0,0,6,12],"rotation":270,"texture":"#0"},"down":{"uv":[0,0,6,12],"rotation":270,"texture":"#0"}}},{"from":[3.5,-1,-1],"to":[12.5,17,17],"faces":{"north":{"uv":[0,0,12,6],"rotation":90,"texture":"#0"},"east":{"uv":[0,0,12,12],"rotation":180,"texture":"#0"},"south":{"uv":[0,0,12,6],"rotation":270,"texture":"#0"},"west":{"uv":[0,0,12,12],"texture":"#0"},"up":{"uv":[0,0,12,6],"rotation":270,"texture":"#0"},"down":{"uv":[0,0,12,6],"rotation":270,"texture":"#0"}}},{"from":[0.5,-1,0.5],"to":[15.5,17,15.5],"faces":{"north":{"uv":[0,0,12,10],"rotation":90,"texture":"#0"},"east":{"uv":[0,0,10,12],"rotation":180,"texture":"#0"},"south":{"uv":[0,0,12,10],"rotation":270,"texture":"#0"},"west":{"uv":[0,0,10,12],"texture":"#0"},"up":{"uv":[0,0,10,10],"rotation":270,"texture":"#0"},"down":{"uv":[0,0,10,10],"rotation":270,"texture":"#0"}}}]}
