{"textures":{"1":"minecraft:block/quartz_block_top","2":"minecraft:block/copper_block"},"display":{"head":{"rotation":[0,180,0]}},"elements":[{"from":[24.8,6.4,8],"to":[28,10.4,11],"rotation":{"angle":0,"axis":"y","origin":[8.4,4.4,8]},"faces":{"north":{"uv":[0,3,1,0],"texture":"#1"},"east":{"uv":[0,16,16,0],"texture":"#1"},"south":{"uv":[0,3,1,0],"texture":"#1"},"west":{"uv":[0,3,1.5,0],"texture":"#1"},"up":{"uv":[0,1.5,1,0],"texture":"#1"},"down":{"uv":[0,1.5,1,0],"texture":"#1"}}},{"from":[24.8,6.4,5],"to":[28,10.4,8],"rotation":{"angle":0,"axis":"y","origin":[8.4,4.4,8]},"faces":{"north":{"uv":[0,3,1,0],"texture":"#1"},"east":{"uv":[0,16,16,0],"texture":"#1"},"south":{"uv":[0,3,1,0],"texture":"#1"},"west":{"uv":[0,3,1.5,0],"texture":"#1"},"up":{"uv":[0,1.5,1,0],"texture":"#1"},"down":{"uv":[0,1.5,1,0],"texture":"#1"}}},{"from":[24.8,10.4,5],"to":[28,12.4,8],"rotation":{"angle":0,"axis":"y","origin":[8.4,4.4,8]},"faces":{"north":{"uv":[0,3,1,0],"texture":"#1"},"east":{"uv":[0,8,16,0],"texture":"#1"},"south":{"uv":[0,3,1,0],"texture":"#1"},"west":{"uv":[0,3,1.5,0],"texture":"#1"},"up":{"uv":[0,1.5,1,0],"texture":"#1"},"down":{"uv":[0,1.5,1,0],"texture":"#1"}}},{"from":[24.8,10.4,8],"to":[28,12.4,11],"rotation":{"angle":0,"axis":"y","origin":[8.4,4.4,8]},"faces":{"north":{"uv":[0,3,1,0],"texture":"#1"},"east":{"uv":[0,8,16,0],"texture":"#1"},"south":{"uv":[0,3,1,0],"texture":"#1"},"west":{"uv":[0,3,1.5,0],"texture":"#1"},"up":{"uv":[0,1.5,1,0],"texture":"#1"},"down":{"uv":[0,1.5,1,0],"texture":"#1"}}},{"from":[24.8,6.4,3],"to":[28,10.4,5],"rotation":{"angle":0,"axis":"y","origin":[8.4,4.4,8]},"faces":{"north":{"uv":[0,3,1,0],"texture":"#1"},"east":{"uv":[0,16,16,0],"texture":"#1"},"south":{"uv":[0,3,1,0],"texture":"#1"},"west":{"uv":[0,3,1.5,0],"texture":"#1"},"up":{"uv":[0,1.5,1,0],"texture":"#1"},"down":{"uv":[0,1.5,1,0],"texture":"#1"}}},{"from":[24.8,6.4,11],"to":[28,10.4,13],"rotation":{"angle":0,"axis":"y","origin":[8.4,4.4,8]},"faces":{"north":{"uv":[0,3,1,0],"texture":"#1"},"east":{"uv":[0,16,16,0],"texture":"#1"},"south":{"uv":[0,3,1,0],"texture":"#1"},"west":{"uv":[0,3,1.5,0],"texture":"#1"},"up":{"uv":[0,1.5,1,0],"texture":"#1"},"down":{"uv":[0,1.5,1,0],"texture":"#1"}}},{"from":[24.8,6.4,13],"to":[28,10.4,15],"rotation":{"angle":0,"axis":"y","origin":[8.4,4.4,8]},"faces":{"north":{"uv":[0,3,1,0],"texture":"#1"},"east":{"uv":[0,16,16,0],"texture":"#1"},"south":{"uv":[0,3,1,0],"texture":"#1"},"west":{"uv":[0,3,1.5,0],"texture":"#1"},"up":{"uv":[0,1.5,1,0],"texture":"#1"},"down":{"uv":[0,1.5,1,0],"texture":"#1"}}},{"from":[24.8,6.4,1],"to":[28,10.4,3],"rotation":{"angle":0,"axis":"y","origin":[8.4,4.4,8]},"faces":{"north":{"uv":[0,3,1,0],"texture":"#1"},"east":{"uv":[0,16,16,0],"texture":"#1"},"south":{"uv":[0,3,1,0],"texture":"#1"},"west":{"uv":[0,3,1.5,0],"texture":"#1"},"up":{"uv":[0,1.5,1,0],"texture":"#1"},"down":{"uv":[0,1.5,1,0],"texture":"#1"}}},{"from":[24.8,6.4,-0.5],"to":[28,8.4,1],"rotation":{"angle":0,"axis":"y","origin":[8.4,4.4,8]},"faces":{"north":{"uv":[0,3,1,0],"texture":"#1"},"east":{"uv":[0,16,16,0],"texture":"#1"},"south":{"uv":[0,3,1,0],"texture":"#1"},"west":{"uv":[0,3,1.5,0],"texture":"#1"},"up":{"uv":[0,1.5,1,0],"texture":"#1"},"down":{"uv":[0,1.5,1,0],"texture":"#1"}}},{"from":[24.8,6.4,15],"to":[28,8.4,16.5],"rotation":{"angle":0,"axis":"y","origin":[8.4,4.4,8]},"faces":{"north":{"uv":[0,3,1,0],"texture":"#1"},"east":{"uv":[0,8,16,0],"texture":"#1"},"south":{"uv":[0,3,1,0],"texture":"#1"},"west":{"uv":[0,3,1.5,0],"texture":"#1"},"up":{"uv":[0,1.5,1,0],"texture":"#1"},"down":{"uv":[0,1.5,1,0],"texture":"#1"}}},{"from":[24.8,6.4,16.5],"to":[28,8.4,18],"rotation":{"angle":0,"axis":"y","origin":[8.4,4.4,8]},"faces":{"north":{"uv":[0,3,1,0],"texture":"#1"},"east":{"uv":[0,8,16,0],"texture":"#1"},"south":{"uv":[0,3,1,0],"texture":"#1"},"west":{"uv":[0,3,1.5,0],"texture":"#1"},"up":{"uv":[0,1.5,1,0],"texture":"#1"},"down":{"uv":[0,1.5,1,0],"texture":"#1"}}},{"from":[24.8,6.4,-2],"to":[28,8.4,-0.5],"rotation":{"angle":0,"axis":"y","origin":[8.4,4.4,8]},"faces":{"north":{"uv":[0,3,1,0],"texture":"#1"},"east":{"uv":[0,16,16,0],"texture":"#1"},"south":{"uv":[0,3,1,0],"texture":"#1"},"west":{"uv":[0,3,1.5,0],"texture":"#1"},"up":{"uv":[0,1.5,1,0],"texture":"#1"},"down":{"uv":[0,1.5,1,0],"texture":"#1"}}},{"from":[24.4,6.4,18],"to":[30,10.4,20],"rotation":{"angle":0,"axis":"y","origin":[8.4,4.4,8]},"faces":{"north":{"uv":[0,2,2,4],"texture":"#2"},"east":{"uv":[0,2,1,4],"texture":"#2"},"south":{"uv":[0,2,2,4],"texture":"#2"},"west":{"uv":[0,2,1,4],"texture":"#2"},"up":{"uv":[0,1,2,2],"texture":"#2"},"down":{"uv":[0,1,2,2],"texture":"#2"}}},{"from":[24.4,8.4,14],"to":[30,10.4,18],"rotation":{"angle":0,"axis":"y","origin":[8.4,4.4,8]},"faces":{"north":{"uv":[0,1,2,2],"texture":"#2"},"east":{"uv":[0,1,2,2],"texture":"#2"},"south":{"uv":[0,1,2,2],"texture":"#2"},"west":{"uv":[0,1,2,2],"texture":"#2"},"up":{"uv":[0,2,2,4],"texture":"#2"},"down":{"uv":[0,2,2,4],"texture":"#2"}}},{"from":[24.4,8.4,-2],"to":[30,10.4,2],"rotation":{"angle":0,"axis":"y","origin":[8.4,4.4,8]},"faces":{"north":{"uv":[0,1,2,2],"texture":"#2"},"east":{"uv":[0,1,2,2],"texture":"#2"},"south":{"uv":[0,1,2,2],"texture":"#2"},"west":{"uv":[0,1,2,2],"texture":"#2"},"up":{"uv":[0,2,2,4],"texture":"#2"},"down":{"uv":[0,2,2,4],"texture":"#2"}}},{"from":[24.4,6.4,-4],"to":[30,10.4,-2],"rotation":{"angle":0,"axis":"y","origin":[8.4,4.4,8]},"faces":{"north":{"uv":[0,2,2,4],"texture":"#2"},"east":{"uv":[0,2,1,4],"texture":"#2"},"south":{"uv":[0,2,2,4],"texture":"#2"},"west":{"uv":[0,2,1,4],"texture":"#2"},"up":{"uv":[0,1,2,2],"texture":"#2"},"down":{"uv":[0,1,2,2],"texture":"#2"}}},{"from":[24.4,10.4,10],"to":[30,12.4,16],"rotation":{"angle":0,"axis":"y","origin":[8.4,4.4,8]},"faces":{"north":{"uv":[0,1,2,2],"texture":"#2"},"east":{"uv":[0,1,3,2],"texture":"#2"},"south":{"uv":[0,1,2,2],"texture":"#2"},"west":{"uv":[0,1,3,2],"texture":"#2"},"up":{"uv":[0,3,2,6],"texture":"#2"},"down":{"uv":[0,3,2,6],"texture":"#2"}}},{"from":[24.4,10.4,0],"to":[30,12.4,6],"rotation":{"angle":0,"axis":"y","origin":[8.4,4.4,8]},"faces":{"north":{"uv":[0,1,2,2],"texture":"#2"},"east":{"uv":[0,1,3,2],"texture":"#2"},"south":{"uv":[0,1,2,2],"texture":"#2"},"west":{"uv":[0,1,3,2],"texture":"#2"},"up":{"uv":[0,3,2,6],"texture":"#2"},"down":{"uv":[0,3,2,6],"texture":"#2"}}},{"from":[24.4,12.4,4],"to":[30,14.4,12],"rotation":{"angle":0,"axis":"y","origin":[8.4,4.4,8]},"faces":{"north":{"uv":[0,1,2,2],"texture":"#2"},"east":{"uv":[0,1,4,2],"texture":"#2"},"south":{"uv":[0,1,2,2],"texture":"#2"},"west":{"uv":[0,1,4,2],"texture":"#2"},"up":{"uv":[0,4,2,8],"texture":"#2"},"down":{"uv":[0,4,2,8],"texture":"#2"}}}]}
