{"stats":{"minecraft:used":{"minecraft:diorite_stairs":12,"minecraft:black_terracotta":27,"minecraft:oak_fence":10,"minecraft:oak_trapdoor":2,"minecraft:glass":4,"minecraft:gray_terracotta":20,"minecraft:light":19,"minecraft:water_bucket":1,"minecraft:diorite":141,"minecraft:black_wool":21,"minecraft:black_concrete":157,"minecraft:quartz_pillar":1,"minecraft:dark_oak_hanging_sign":2,"minecraft:red_wool":207,"minecraft:lantern":10,"minecraft:polished_andesite":1,"minecraft:barrier":95,"minecraft:oak_planks":55,"minecraft:oak_sign":2,"minecraft:blackstone":346,"minecraft:stone":207,"minecraft:pink_wool":2,"minecraft:copper_bulb":1,"minecraft:chiseled_stone_bricks":2,"minecraft:coal_block":30,"minecraft:mossy_cobblestone":2,"minecraft:cobblestone":4,"minecraft:oak_slab":7,"minecraft:waxed_exposed_copper_grate":1,"minecraft:cooked_porkchop":2,"minecraft:dark_oak_fence":10,"minecraft:andesite":6,"minecraft:chain":29,"minecraft:black_concrete_powder":28,"minecraft:cobbled_deepslate":27},"minecraft:custom":{"minecraft:time_since_rest":55292,"minecraft:sprint_one_cm":169203,"minecraft:damage_taken":1336,"minecraft:walk_one_cm":420719,"minecraft:damage_dealt":10,"minecraft:swim_one_cm":3468,"minecraft:fly_one_cm":1676591,"minecraft:crouch_one_cm":2705,"minecraft:play_time":299274,"minecraft:deaths":5,"minecraft:sneak_time":3068,"minecraft:walk_under_water_one_cm":1492,"minecraft:jump":845,"minecraft:leave_game":4,"minecraft:time_since_death":55214,"minecraft:walk_on_water_one_cm":2983,"minecraft:total_world_time":299274,"minecraft:climb_one_cm":3085,"minecraft:fall_one_cm":18545}},"DataVersion":3955}