{"stats":{"minecraft:picked_up":{"minecraft:red_wool":1},"minecraft:used":{"minecraft:stone_stairs":1,"minecraft:stone":1},"minecraft:custom":{"minecraft:jump":1008,"minecraft:time_since_rest":777671,"minecraft:damage_taken":1300,"minecraft:leave_game":60,"minecraft:crouch_one_cm":489,"minecraft:time_since_death":777645,"minecraft:play_time":2899299,"minecraft:sprint_one_cm":65011,"minecraft:walk_one_cm":178799,"minecraft:walk_on_water_one_cm":37903,"minecraft:deaths":4,"minecraft:sneak_time":6026,"minecraft:walk_under_water_one_cm":33909,"minecraft:total_world_time":4052498,"minecraft:damage_resisted":20,"minecraft:swim_one_cm":2357,"minecraft:fall_one_cm":211,"minecraft:fly_one_cm":5080407}},"DataVersion":3955}