{"stats":{"minecraft:used":{"minecraft:stone_stairs":1,"minecraft:stone":1},"minecraft:custom":{"minecraft:time_since_rest":1245532,"minecraft:crouch_one_cm":607,"minecraft:sprint_one_cm":76652,"minecraft:play_time":3367160,"minecraft:open_shulker_box":2,"minecraft:deaths":4,"minecraft:damage_taken":1530,"minecraft:walk_one_cm":397890,"minecraft:sneak_time":12357,"minecraft:walk_under_water_one_cm":40220,"minecraft:jump":1359,"minecraft:leave_game":73,"minecraft:walk_on_water_one_cm":45698,"minecraft:time_since_death":1245506,"minecraft:climb_one_cm":3189,"minecraft:total_world_time":4545047,"minecraft:damage_resisted":20,"minecraft:swim_one_cm":2357,"minecraft:fall_one_cm":211,"minecraft:fly_one_cm":7996149},"minecraft:picked_up":{"minecraft:wheat_seeds":1,"minecraft:red_wool":1,"minecraft:bamboo":2,"minecraft:mangrove_propagule":1}},"DataVersion":3955}