{"stats":{"minecraft:picked_up":{"minecraft:red_wool":1},"minecraft:used":{"minecraft:stone_stairs":1,"minecraft:stone":1},"minecraft:custom":{"minecraft:jump":972,"minecraft:time_since_rest":755335,"minecraft:damage_taken":1300,"minecraft:leave_game":54,"minecraft:crouch_one_cm":419,"minecraft:time_since_death":755309,"minecraft:play_time":2876963,"minecraft:sprint_one_cm":61293,"minecraft:walk_one_cm":169304,"minecraft:walk_on_water_one_cm":36930,"minecraft:deaths":4,"minecraft:sneak_time":5579,"minecraft:walk_under_water_one_cm":33394,"minecraft:total_world_time":4029761,"minecraft:damage_resisted":20,"minecraft:swim_one_cm":2357,"minecraft:fall_one_cm":211,"minecraft:fly_one_cm":4859447}},"DataVersion":3955}