{"stats":{"minecraft:used":{"minecraft:moss_block":26,"minecraft:glow_item_frame":8,"minecraft:honey_block":9,"minecraft:glow_berries":15,"minecraft:light_gray_concrete":1,"minecraft:bone_block":1,"minecraft:stone_stairs":1,"minecraft:stone":1,"minecraft:polished_tuff_wall":1,"minecraft:shears":1,"minecraft:pointed_dripstone":5},"minecraft:dropped":{"minecraft:glow_berries":3,"minecraft:mycelium":1},"minecraft:custom":{"minecraft:time_since_rest":401175,"minecraft:damage_taken":3250,"minecraft:crouch_one_cm":1334,"minecraft:open_shulker_box":2,"minecraft:play_time":3930122,"minecraft:sprint_one_cm":181354,"minecraft:walk_one_cm":884426,"minecraft:deaths":5,"minecraft:sneak_time":19780,"minecraft:walk_under_water_one_cm":45251,"minecraft:drop":2,"minecraft:jump":2959,"minecraft:leave_game":85,"minecraft:walk_on_water_one_cm":47076,"minecraft:time_since_death":401153,"minecraft:climb_one_cm":8382,"minecraft:total_world_time":5148353,"minecraft:damage_resisted":20,"minecraft:swim_one_cm":2357,"minecraft:fall_one_cm":80084,"minecraft:fly_one_cm":11582910},"minecraft:picked_up":{"minecraft:mycelium":1,"minecraft:wheat_seeds":1,"minecraft:red_wool":1,"minecraft:pointed_dripstone":6,"minecraft:bamboo":2,"minecraft:glow_berries":4,"minecraft:mangrove_propagule":1}},"DataVersion":3955}