{"stats":{"minecraft:custom":{"minecraft:jump":676,"minecraft:time_since_rest":135101,"minecraft:damage_taken":480,"minecraft:walk_one_cm":36996,"minecraft:crouch_one_cm":181,"minecraft:leave_game":15,"minecraft:sprint_one_cm":46971,"minecraft:play_time":135321,"minecraft:time_since_death":135080,"minecraft:walk_on_water_one_cm":3403,"minecraft:deaths":2,"minecraft:sneak_time":1830,"minecraft:total_world_time":135321,"minecraft:walk_under_water_one_cm":5903,"minecraft:fly_one_cm":2157623},"minecraft:used":{"minecraft:stone_stairs":1,"minecraft:stone":1}},"DataVersion":3955}