{"stats":{"minecraft:used":{"minecraft:diorite_stairs":2,"minecraft:calcite":3,"minecraft:moss_block":42,"minecraft:diorite":199,"minecraft:cobblestone_stairs":1,"minecraft:polished_andesite":1,"minecraft:bone_block":1,"minecraft:oak_sign":12,"minecraft:blue_wool":11,"minecraft:polished_basalt":21,"minecraft:polished_tuff_wall":1,"minecraft:black_shulker_box":1,"minecraft:stone":8,"minecraft:redstone_block":3,"minecraft:composter":14,"minecraft:cobblestone_slab":2,"minecraft:player_head":7,"minecraft:purpur_pillar":2,"minecraft:soul_campfire":1,"minecraft:white_wool":6,"minecraft:glow_item_frame":8,"minecraft:glow_berries":19,"minecraft:mossy_cobblestone":5,"minecraft:target":6,"minecraft:light_blue_wool":7,"minecraft:birch_sign":1,"minecraft:cobblestone_wall":1,"minecraft:stone_stairs":1,"minecraft:yellow_concrete":1,"minecraft:orange_wool":513,"minecraft:sponge":15,"minecraft:ochre_froglight":2,"minecraft:black_concrete_powder":2,"minecraft:cyan_wool":13,"minecraft:shears":5,"minecraft:shroomlight":1,"minecraft:black_terracotta":1,"minecraft:gray_terracotta":1,"minecraft:light":15,"minecraft:honey_block":9,"minecraft:sea_lantern":2,"minecraft:cyan_terracotta":1,"minecraft:quartz_pillar":41,"minecraft:red_wool":66,"minecraft:command_block":3,"minecraft:light_gray_concrete":1,"minecraft:lantern":1,"minecraft:packed_mud":1,"minecraft:verdant_froglight":1,"minecraft:stone_button":1,"minecraft:oak_pressure_plate":3,"minecraft:deepslate":15,"minecraft:pink_wool":2,"minecraft:cobblestone":8,"minecraft:emerald_block":2,"minecraft:andesite":19,"minecraft:pearlescent_froglight":2,"minecraft:diorite_slab":5,"minecraft:pointed_dripstone":5},"minecraft:mined":{"minecraft:small_dripleaf":1},"minecraft:custom":{"minecraft:open_shulker_box":4,"minecraft:time_since_death":24092,"minecraft:leave_game":319,"minecraft:damage_resisted":1182,"minecraft:climb_one_cm":49337,"minecraft:time_since_rest":24118,"minecraft:sprint_one_cm":1693184,"minecraft:damage_taken":18143,"minecraft:walk_one_cm":5835075,"minecraft:drop":8,"minecraft:swim_one_cm":11582,"minecraft:fly_one_cm":28077831,"minecraft:crouch_one_cm":8169,"minecraft:play_time":11239663,"minecraft:deaths":54,"minecraft:sneak_time":54230,"minecraft:walk_under_water_one_cm":73057,"minecraft:jump":15947,"minecraft:walk_on_water_one_cm":83445,"minecraft:total_world_time":12673126,"minecraft:fall_one_cm":252334},"minecraft:dropped":{"minecraft:glow_berries":3,"minecraft:mycelium":1,"minecraft:carved_pumpkin":1,"minecraft:gray_dye":2,"minecraft:redstone":3},"minecraft:picked_up":{"minecraft:mossy_cobblestone_slab":1,"minecraft:stone_slab":1,"minecraft:cobblestone_stairs":1,"minecraft:stone_stairs":1,"minecraft:mycelium":1,"minecraft:cracked_stone_bricks":1,"minecraft:wheat_seeds":1,"minecraft:cobblestone_slab":1,"minecraft:bamboo":2,"minecraft:smooth_quartz_stairs":1,"minecraft:stone":1,"minecraft:red_wool":1,"minecraft:gray_dye":1,"minecraft:pointed_dripstone":6,"minecraft:redstone":2,"minecraft:mossy_cobblestone":1,"minecraft:carved_pumpkin":1,"minecraft:mossy_cobblestone_stairs":1,"minecraft:glow_berries":4,"minecraft:cobblestone":1,"minecraft:mangrove_propagule":1}},"DataVersion":3955}