{"stats":{"minecraft:mined":{"minecraft:small_dripleaf":1},"minecraft:picked_up":{"minecraft:mossy_cobblestone_slab":1,"minecraft:stone":1,"minecraft:red_wool":1,"minecraft:stone_slab":1,"minecraft:pointed_dripstone":6,"minecraft:cobblestone_stairs":1,"minecraft:mossy_cobblestone":1,"minecraft:stone_stairs":1,"minecraft:mycelium":1,"minecraft:cracked_stone_bricks":1,"minecraft:wheat_seeds":1,"minecraft:cobblestone_slab":1,"minecraft:mossy_cobblestone_stairs":1,"minecraft:bamboo":2,"minecraft:glow_berries":4,"minecraft:mangrove_propagule":1,"minecraft:smooth_quartz_stairs":1,"minecraft:cobblestone":1},"minecraft:used":{"minecraft:diorite_stairs":2,"minecraft:calcite":3,"minecraft:black_terracotta":1,"minecraft:moss_block":42,"minecraft:diorite":197,"minecraft:honey_block":9,"minecraft:light":13,"minecraft:cyan_terracotta":1,"minecraft:quartz_pillar":20,"minecraft:command_block":3,"minecraft:red_wool":4,"minecraft:light_gray_concrete":1,"minecraft:lantern":1,"minecraft:bone_block":1,"minecraft:stone_button":1,"minecraft:oak_sign":4,"minecraft:blue_wool":11,"minecraft:polished_tuff_wall":1,"minecraft:stone":1,"minecraft:black_shulker_box":1,"minecraft:redstone_block":3,"minecraft:composter":14,"minecraft:oak_pressure_plate":3,"minecraft:pink_wool":2,"minecraft:deepslate":15,"minecraft:player_head":7,"minecraft:purpur_pillar":2,"minecraft:white_wool":6,"minecraft:glow_item_frame":8,"minecraft:glow_berries":17,"minecraft:mossy_cobblestone":4,"minecraft:emerald_block":1,"minecraft:yellow_concrete":1,"minecraft:light_blue_wool":7,"minecraft:birch_sign":1,"minecraft:stone_stairs":1,"minecraft:andesite":2,"minecraft:orange_wool":499,"minecraft:black_concrete_powder":2,"minecraft:cyan_wool":13,"minecraft:shears":4,"minecraft:diorite_slab":5,"minecraft:pointed_dripstone":5},"minecraft:dropped":{"minecraft:glow_berries":3,"minecraft:mycelium":1},"minecraft:custom":{"minecraft:time_since_rest":626506,"minecraft:sprint_one_cm":838062,"minecraft:damage_taken":8095,"minecraft:walk_one_cm":3102118,"minecraft:drop":2,"minecraft:swim_one_cm":2939,"minecraft:fly_one_cm":20116340,"minecraft:crouch_one_cm":6241,"minecraft:play_time":7204572,"minecraft:open_shulker_box":4,"minecraft:deaths":12,"minecraft:sneak_time":37304,"minecraft:walk_under_water_one_cm":56826,"minecraft:jump":8871,"minecraft:walk_on_water_one_cm":56568,"minecraft:leave_game":203,"minecraft:time_since_death":626419,"minecraft:climb_one_cm":21443,"minecraft:total_world_time":8456228,"minecraft:damage_resisted":220,"minecraft:fall_one_cm":204727}},"DataVersion":3955}