{"stats":{"minecraft:custom":{"minecraft:time_since_rest":3149,"minecraft:damage_taken":3670,"minecraft:crouch_one_cm":1598,"minecraft:open_shulker_box":2,"minecraft:sprint_one_cm":195564,"minecraft:play_time":3936688,"minecraft:deaths":6,"minecraft:walk_one_cm":895939,"minecraft:sneak_time":20044,"minecraft:walk_under_water_one_cm":45251,"minecraft:drop":2,"minecraft:jump":3109,"minecraft:leave_game":86,"minecraft:time_since_death":3128,"minecraft:walk_on_water_one_cm":47076,"minecraft:climb_one_cm":9239,"minecraft:total_world_time":5155008,"minecraft:damage_resisted":20,"minecraft:swim_one_cm":2357,"minecraft:fall_one_cm":93322,"minecraft:fly_one_cm":11662435},"minecraft:used":{"minecraft:moss_block":26,"minecraft:glow_berries":15,"minecraft:glow_item_frame":8,"minecraft:honey_block":9,"minecraft:light_gray_concrete":1,"minecraft:bone_block":1,"minecraft:stone_stairs":1,"minecraft:polished_tuff_wall":1,"minecraft:stone":1,"minecraft:shears":1,"minecraft:pointed_dripstone":5},"minecraft:dropped":{"minecraft:glow_berries":3,"minecraft:mycelium":1},"minecraft:picked_up":{"minecraft:mycelium":1,"minecraft:wheat_seeds":1,"minecraft:red_wool":1,"minecraft:pointed_dripstone":6,"minecraft:bamboo":2,"minecraft:glow_berries":4,"minecraft:mangrove_propagule":1}},"DataVersion":3955}