{"stats":{"minecraft:picked_up":{"minecraft:red_wool":1},"minecraft:used":{"minecraft:stone_stairs":1,"minecraft:stone":1},"minecraft:custom":{"minecraft:jump":1089,"minecraft:time_since_rest":869239,"minecraft:damage_taken":1300,"minecraft:leave_game":66,"minecraft:crouch_one_cm":489,"minecraft:time_since_death":869213,"minecraft:play_time":2990867,"minecraft:sprint_one_cm":68383,"minecraft:walk_one_cm":219342,"minecraft:walk_on_water_one_cm":38593,"minecraft:deaths":4,"minecraft:sneak_time":7380,"minecraft:walk_under_water_one_cm":34850,"minecraft:total_world_time":4144828,"minecraft:damage_resisted":20,"minecraft:swim_one_cm":2357,"minecraft:fall_one_cm":211,"minecraft:fly_one_cm":5994844}},"DataVersion":3955}