{"stats":{"minecraft:used":{"minecraft:stone_stairs":1,"minecraft:stone":1},"minecraft:custom":{"minecraft:jump":800,"minecraft:time_since_rest":415768,"minecraft:damage_taken":480,"minecraft:leave_game":23,"minecraft:crouch_one_cm":181,"minecraft:play_time":415988,"minecraft:time_since_death":415747,"minecraft:sprint_one_cm":55406,"minecraft:walk_one_cm":53980,"minecraft:walk_on_water_one_cm":3403,"minecraft:deaths":2,"minecraft:sneak_time":2618,"minecraft:total_world_time":416843,"minecraft:walk_under_water_one_cm":5903,"minecraft:fly_one_cm":2922257}},"DataVersion":3955}