{"stats":{"minecraft:custom":{"minecraft:time_since_rest":264191,"minecraft:crouch_one_cm":1257,"minecraft:sprint_one_cm":107672,"minecraft:play_time":3793138,"minecraft:open_shulker_box":2,"minecraft:deaths":5,"minecraft:damage_taken":3070,"minecraft:walk_one_cm":756731,"minecraft:sneak_time":17076,"minecraft:walk_under_water_one_cm":45174,"minecraft:drop":1,"minecraft:jump":1933,"minecraft:leave_game":82,"minecraft:walk_on_water_one_cm":46813,"minecraft:time_since_death":264169,"minecraft:climb_one_cm":5814,"minecraft:total_world_time":5011369,"minecraft:damage_resisted":20,"minecraft:swim_one_cm":2357,"minecraft:fall_one_cm":70260,"minecraft:fly_one_cm":10071493},"minecraft:used":{"minecraft:honey_block":9,"minecraft:moss_block":26,"minecraft:glow_item_frame":8,"minecraft:glow_berries":15,"minecraft:stone_stairs":1,"minecraft:stone":1,"minecraft:shears":1},"minecraft:dropped":{"minecraft:glow_berries":3},"minecraft:picked_up":{"minecraft:wheat_seeds":1,"minecraft:red_wool":1,"minecraft:bamboo":2,"minecraft:glow_berries":4,"minecraft:mangrove_propagule":1}},"DataVersion":3955}