{"stats":{"minecraft:used":{"minecraft:moss_block":26,"minecraft:honey_block":9,"minecraft:glow_item_frame":8,"minecraft:glow_berries":15,"minecraft:light_gray_concrete":1,"minecraft:bone_block":1,"minecraft:stone_stairs":1,"minecraft:polished_tuff_wall":1,"minecraft:stone":1,"minecraft:shears":1,"minecraft:pointed_dripstone":5},"minecraft:custom":{"minecraft:time_since_rest":1573839,"minecraft:damage_taken":4230,"minecraft:crouch_one_cm":1982,"minecraft:open_shulker_box":2,"minecraft:sprint_one_cm":229878,"minecraft:play_time":5507378,"minecraft:deaths":6,"minecraft:walk_one_cm":981141,"minecraft:sneak_time":21560,"minecraft:walk_under_water_one_cm":46888,"minecraft:drop":2,"minecraft:jump":3426,"minecraft:leave_game":91,"minecraft:time_since_death":1573818,"minecraft:walk_on_water_one_cm":48170,"minecraft:climb_one_cm":9501,"minecraft:total_world_time":6728944,"minecraft:damage_resisted":40,"minecraft:swim_one_cm":2357,"minecraft:fall_one_cm":112763,"minecraft:fly_one_cm":12231076},"minecraft:dropped":{"minecraft:glow_berries":3,"minecraft:mycelium":1},"minecraft:picked_up":{"minecraft:mycelium":1,"minecraft:wheat_seeds":1,"minecraft:red_wool":1,"minecraft:pointed_dripstone":6,"minecraft:bamboo":2,"minecraft:glow_berries":4,"minecraft:mangrove_propagule":1}},"DataVersion":3955}