{"stats":{"minecraft:used":{"minecraft:stone_stairs":1,"minecraft:stone":1},"minecraft:custom":{"minecraft:jump":13,"minecraft:time_since_rest":21861,"minecraft:damage_taken":480,"minecraft:walk_one_cm":1222,"minecraft:crouch_one_cm":66,"minecraft:leave_game":6,"minecraft:sprint_one_cm":55,"minecraft:play_time":22081,"minecraft:time_since_death":21840,"minecraft:walk_on_water_one_cm":3403,"minecraft:deaths":2,"minecraft:sneak_time":721,"minecraft:total_world_time":22081,"minecraft:walk_under_water_one_cm":5903,"minecraft:fly_one_cm":531446}},"DataVersion":3955}