{"stats":{"minecraft:used":{"minecraft:diorite_stairs":2,"minecraft:moss_block":42,"minecraft:diorite":197,"minecraft:honey_block":9,"minecraft:light":13,"minecraft:command_block":2,"minecraft:red_wool":4,"minecraft:light_gray_concrete":1,"minecraft:bone_block":1,"minecraft:blue_wool":11,"minecraft:polished_tuff_wall":1,"minecraft:stone":1,"minecraft:composter":14,"minecraft:oak_pressure_plate":2,"minecraft:white_wool":6,"minecraft:glow_item_frame":8,"minecraft:glow_berries":17,"minecraft:mossy_cobblestone":3,"minecraft:birch_sign":1,"minecraft:yellow_concrete":1,"minecraft:stone_stairs":1,"minecraft:orange_wool":448,"minecraft:cyan_wool":13,"minecraft:shears":4,"minecraft:diorite_slab":5,"minecraft:pointed_dripstone":5},"minecraft:dropped":{"minecraft:glow_berries":3,"minecraft:mycelium":1},"minecraft:mined":{"minecraft:small_dripleaf":1},"minecraft:picked_up":{"minecraft:mossy_cobblestone_slab":1,"minecraft:stone":1,"minecraft:red_wool":1,"minecraft:stone_slab":1,"minecraft:pointed_dripstone":6,"minecraft:cobblestone_stairs":1,"minecraft:mossy_cobblestone":1,"minecraft:stone_stairs":1,"minecraft:mycelium":1,"minecraft:cracked_stone_bricks":1,"minecraft:wheat_seeds":1,"minecraft:cobblestone_slab":1,"minecraft:mossy_cobblestone_stairs":1,"minecraft:bamboo":2,"minecraft:glow_berries":4,"minecraft:mangrove_propagule":1,"minecraft:smooth_quartz_stairs":1,"minecraft:cobblestone":1},"minecraft:custom":{"minecraft:time_since_rest":556147,"minecraft:sprint_one_cm":583347,"minecraft:damage_taken":6590,"minecraft:walk_one_cm":2244975,"minecraft:drop":2,"minecraft:swim_one_cm":2357,"minecraft:fly_one_cm":18331859,"minecraft:crouch_one_cm":5725,"minecraft:play_time":6533701,"minecraft:open_shulker_box":4,"minecraft:deaths":8,"minecraft:sneak_time":32925,"minecraft:walk_under_water_one_cm":55356,"minecraft:jump":6654,"minecraft:walk_on_water_one_cm":54301,"minecraft:leave_game":137,"minecraft:time_since_death":556126,"minecraft:climb_one_cm":18822,"minecraft:total_world_time":7765332,"minecraft:damage_resisted":220,"minecraft:fall_one_cm":184208}},"DataVersion":3955}