{"stats":{"minecraft:used":{"minecraft:mossy_cobblestone_stairs":1,"minecraft:oak_log":2,"minecraft:moss_block":3,"minecraft:quartz_bricks":1,"minecraft:bricks":1,"minecraft:cobblestone_stairs":1,"minecraft:quartz_pillar":1,"minecraft:smooth_quartz_slab":4,"minecraft:rooted_dirt":17,"minecraft:polished_andesite":7,"minecraft:oak_planks":2,"minecraft:bone_block":18,"minecraft:packed_mud":96,"minecraft:oak_sign":2,"minecraft:waxed_exposed_copper_trapdoor":1,"minecraft:stone":407,"minecraft:gray_concrete_powder":5,"minecraft:smooth_quartz":16,"minecraft:gravel":21,"minecraft:mud_bricks":3,"minecraft:cracked_stone_bricks":2,"minecraft:smooth_quartz_stairs":7,"minecraft:chiseled_tuff_bricks":5,"minecraft:chiseled_stone_bricks":3,"minecraft:glow_berries":209,"minecraft:mossy_cobblestone":88,"minecraft:lime_concrete":507,"minecraft:lime_terracotta":10,"minecraft:cobblestone":36,"minecraft:terracotta":1,"minecraft:yellow_terracotta":4,"minecraft:yellow_glazed_terracotta":9,"minecraft:stone_stairs":3,"minecraft:andesite":70,"minecraft:orange_wool":1,"minecraft:yellow_concrete":14,"minecraft:chiseled_quartz_block":4,"minecraft:dripstone_block":9,"minecraft:tuff":158,"minecraft:shears":36,"minecraft:brown_mushroom_block":149,"minecraft:bone_meal":7,"minecraft:pointed_dripstone":11},"minecraft:dropped":{"minecraft:gravel":1,"minecraft:packed_mud":1,"minecraft:gray_concrete":1,"minecraft:gray_concrete_powder":1,"minecraft:orange_wool":1,"minecraft:light_gray_concrete_powder":1,"minecraft:brown_mushroom_block":1},"minecraft:custom":{"minecraft:time_since_rest":139784,"minecraft:sprint_one_cm":252564,"minecraft:damage_taken":4610,"minecraft:walk_one_cm":110508,"minecraft:drop":7,"minecraft:swim_one_cm":1045,"minecraft:fly_one_cm":3287249,"minecraft:crouch_one_cm":6603,"minecraft:play_time":248898,"minecraft:deaths":5,"minecraft:sneak_time":7273,"minecraft:walk_under_water_one_cm":197,"minecraft:jump":2668,"minecraft:leave_game":5,"minecraft:time_since_death":139748,"minecraft:walk_on_water_one_cm":486,"minecraft:total_world_time":248898,"minecraft:climb_one_cm":2252,"minecraft:fall_one_cm":45967},"minecraft:picked_up":{"minecraft:pointed_dripstone":1,"minecraft:gray_concrete":1}},"DataVersion":3955}