{"stats":{"minecraft:used":{"minecraft:calcite":25,"minecraft:quartz_bricks":1,"minecraft:moss_block":66,"minecraft:emerald_ore":3,"minecraft:water_bucket":262,"minecraft:moss_carpet":10,"minecraft:cobblestone_stairs":33,"minecraft:chiseled_deepslate":6,"minecraft:dead_bush":10,"minecraft:cracked_deepslate_bricks":8,"minecraft:smooth_quartz_slab":11,"minecraft:polished_blackstone":1,"minecraft:polished_andesite":7,"minecraft:polished_basalt":58,"minecraft:oak_planks":2,"minecraft:bone_block":18,"minecraft:oak_sign":5,"minecraft:blue_wool":13,"minecraft:andesite_slab":19,"minecraft:blackstone":123,"minecraft:black_shulker_box":3,"minecraft:stone":972,"minecraft:black_glazed_terracotta":4,"minecraft:cobblestone_slab":20,"minecraft:purpur_pillar":45,"minecraft:deepslate_bricks":58,"minecraft:cracked_stone_bricks":2,"minecraft:smooth_quartz_stairs":7,"minecraft:pink_concrete":615,"minecraft:glow_berries":526,"minecraft:mossy_cobblestone":221,"minecraft:lime_terracotta":10,"minecraft:yellow_terracotta":4,"minecraft:terracotta":1,"minecraft:vine":4,"minecraft:cobblestone_wall":4,"minecraft:orange_wool":4713,"minecraft:yellow_concrete":14,"minecraft:stone_stairs":71,"minecraft:acacia_leaves":37,"minecraft:deepslate_brick_slab":18,"minecraft:chiseled_quartz_block":4,"minecraft:dripstone_block":9,"minecraft:gray_concrete":1,"minecraft:tuff":158,"minecraft:black_concrete_powder":108,"minecraft:shears":136,"minecraft:deepslate_brick_stairs":7,"minecraft:deepslate_tile_wall":3,"minecraft:deepslate_tiles":2,"minecraft:andesite_wall":8,"minecraft:oak_log":2,"minecraft:mossy_cobblestone_stairs":31,"minecraft:cyan_terracotta":35,"minecraft:black_concrete":209,"minecraft:black_wool":48,"minecraft:bricks":1,"minecraft:quartz_pillar":3,"minecraft:gray_shulker_box":10,"minecraft:red_wool":10,"minecraft:rooted_dirt":62,"minecraft:barrier":28,"minecraft:warped_fence":4,"minecraft:packed_mud":220,"minecraft:stone_slab":49,"minecraft:waxed_exposed_copper_trapdoor":1,"minecraft:mossy_cobblestone_slab":8,"minecraft:gray_concrete_powder":10,"minecraft:smooth_quartz":16,"minecraft:diamond_ore":5,"minecraft:gravel":21,"minecraft:mud_bricks":3,"minecraft:soul_lantern":2,"minecraft:chiseled_tuff_bricks":5,"minecraft:chiseled_stone_bricks":3,"minecraft:reinforced_deepslate":1,"minecraft:coal_block":3,"minecraft:cobblestone":105,"minecraft:lime_concrete":1232,"minecraft:emerald_block":3,"minecraft:yellow_glazed_terracotta":9,"minecraft:deepslate_tile_stairs":1,"minecraft:andesite_stairs":32,"minecraft:andesite":293,"minecraft:mossy_cobblestone_wall":2,"minecraft:brown_mushroom_block":169,"minecraft:bone_meal":35,"minecraft:pointed_dripstone":14},"minecraft:dropped":{"minecraft:gravel":1,"minecraft:mossy_cobblestone":5,"minecraft:lime_concrete":1,"minecraft:smooth_quartz_stairs":1,"minecraft:cobblestone":1,"minecraft:stone_slab":1,"minecraft:cracked_stone_bricks":1,"minecraft:stone_stairs":1,"minecraft:orange_wool":1,"minecraft:cobblestone_stairs":1,"minecraft:cobblestone_slab":1,"minecraft:packed_mud":2,"minecraft:gray_concrete":1,"minecraft:stone":2,"minecraft:mossy_cobblestone_slab":1,"minecraft:andesite":2,"minecraft:gray_concrete_powder":1,"minecraft:mossy_cobblestone_stairs":1,"minecraft:light_gray_concrete_powder":1,"minecraft:redstone_block":1,"minecraft:brown_mushroom_block":1},"minecraft:custom":{"minecraft:leave_game":9,"minecraft:time_since_death":678711,"minecraft:climb_one_cm":11086,"minecraft:time_since_rest":678747,"minecraft:sprint_one_cm":893320,"minecraft:damage_taken":4830,"minecraft:walk_one_cm":600750,"minecraft:drop":28,"minecraft:damage_dealt":126,"minecraft:swim_one_cm":4049,"minecraft:fly_one_cm":8127349,"minecraft:crouch_one_cm":40578,"minecraft:play_time":787861,"minecraft:deaths":5,"minecraft:sneak_time":25909,"minecraft:walk_under_water_one_cm":13801,"minecraft:jump":7971,"minecraft:walk_on_water_one_cm":33663,"minecraft:total_world_time":787861,"minecraft:fall_one_cm":46385},"minecraft:picked_up":{"minecraft:gray_concrete":1,"minecraft:pointed_dripstone":1,"minecraft:mossy_cobblestone":1}},"DataVersion":3955}