{"stats":{"minecraft:picked_up":{"minecraft:gray_concrete":1,"minecraft:pointed_dripstone":1},"minecraft:dropped":{"minecraft:gravel":1,"minecraft:mossy_cobblestone":3,"minecraft:lime_concrete":1,"minecraft:smooth_quartz_stairs":1,"minecraft:cobblestone":1,"minecraft:stone_slab":1,"minecraft:cracked_stone_bricks":1,"minecraft:stone_stairs":1,"minecraft:orange_wool":1,"minecraft:cobblestone_stairs":1,"minecraft:packed_mud":1,"minecraft:gray_concrete":1,"minecraft:cobblestone_slab":1,"minecraft:stone":2,"minecraft:mossy_cobblestone_slab":1,"minecraft:andesite":1,"minecraft:gray_concrete_powder":1,"minecraft:mossy_cobblestone_stairs":1,"minecraft:light_gray_concrete_powder":1,"minecraft:brown_mushroom_block":1,"minecraft:redstone_block":1},"minecraft:custom":{"minecraft:leave_game":8,"minecraft:time_since_death":507717,"minecraft:climb_one_cm":2785,"minecraft:time_since_rest":507753,"minecraft:walk_one_cm":392857,"minecraft:sprint_one_cm":598020,"minecraft:damage_taken":4830,"minecraft:drop":24,"minecraft:damage_dealt":126,"minecraft:swim_one_cm":2365,"minecraft:fly_one_cm":6360747,"minecraft:crouch_one_cm":24217,"minecraft:play_time":616867,"minecraft:deaths":5,"minecraft:sneak_time":18623,"minecraft:walk_under_water_one_cm":7528,"minecraft:jump":5742,"minecraft:walk_on_water_one_cm":14429,"minecraft:total_world_time":616867,"minecraft:fall_one_cm":46385},"minecraft:used":{"minecraft:calcite":25,"minecraft:quartz_bricks":1,"minecraft:moss_block":52,"minecraft:emerald_ore":3,"minecraft:water_bucket":232,"minecraft:moss_carpet":4,"minecraft:cobblestone_stairs":27,"minecraft:dead_bush":10,"minecraft:smooth_quartz_slab":11,"minecraft:polished_blackstone":1,"minecraft:polished_andesite":7,"minecraft:oak_planks":2,"minecraft:bone_block":18,"minecraft:blue_wool":13,"minecraft:oak_sign":3,"minecraft:andesite_slab":10,"minecraft:blackstone":60,"minecraft:stone":841,"minecraft:cobblestone_slab":14,"minecraft:purpur_pillar":45,"minecraft:cracked_stone_bricks":2,"minecraft:smooth_quartz_stairs":7,"minecraft:pink_concrete":615,"minecraft:glow_berries":427,"minecraft:mossy_cobblestone":186,"minecraft:lime_terracotta":10,"minecraft:vine":4,"minecraft:terracotta":1,"minecraft:yellow_terracotta":4,"minecraft:orange_wool":3890,"minecraft:cobblestone_wall":4,"minecraft:yellow_concrete":14,"minecraft:stone_stairs":53,"minecraft:acacia_leaves":36,"minecraft:chiseled_quartz_block":4,"minecraft:dripstone_block":9,"minecraft:gray_concrete":1,"minecraft:tuff":158,"minecraft:black_concrete_powder":59,"minecraft:shears":83,"minecraft:andesite_wall":8,"minecraft:oak_log":2,"minecraft:mossy_cobblestone_stairs":24,"minecraft:black_concrete":63,"minecraft:black_wool":48,"minecraft:bricks":1,"minecraft:quartz_pillar":3,"minecraft:red_wool":10,"minecraft:rooted_dirt":37,"minecraft:barrier":14,"minecraft:warped_fence":4,"minecraft:packed_mud":215,"minecraft:stone_slab":42,"minecraft:waxed_exposed_copper_trapdoor":1,"minecraft:mossy_cobblestone_slab":6,"minecraft:gray_concrete_powder":5,"minecraft:smooth_quartz":16,"minecraft:diamond_ore":5,"minecraft:gravel":21,"minecraft:mud_bricks":3,"minecraft:soul_lantern":2,"minecraft:chiseled_tuff_bricks":5,"minecraft:chiseled_stone_bricks":3,"minecraft:coal_block":3,"minecraft:cobblestone":88,"minecraft:lime_concrete":1232,"minecraft:yellow_glazed_terracotta":9,"minecraft:andesite_stairs":25,"minecraft:andesite":182,"minecraft:mossy_cobblestone_wall":2,"minecraft:bone_meal":8,"minecraft:brown_mushroom_block":153,"minecraft:pointed_dripstone":11}},"DataVersion":3955}