{"stats":{"minecraft:used":{"minecraft:oak_log":2,"minecraft:andesite_wall":4,"minecraft:moss_block":52,"minecraft:mossy_cobblestone_stairs":11,"minecraft:quartz_bricks":1,"minecraft:moss_carpet":4,"minecraft:bricks":1,"minecraft:cobblestone_stairs":18,"minecraft:quartz_pillar":1,"minecraft:dead_bush":10,"minecraft:smooth_quartz_slab":4,"minecraft:rooted_dirt":37,"minecraft:polished_andesite":7,"minecraft:packed_mud":215,"minecraft:oak_planks":2,"minecraft:bone_block":18,"minecraft:oak_sign":2,"minecraft:waxed_exposed_copper_trapdoor":1,"minecraft:stone":772,"minecraft:gray_concrete_powder":5,"minecraft:smooth_quartz":16,"minecraft:mud_bricks":3,"minecraft:gravel":21,"minecraft:cracked_stone_bricks":2,"minecraft:smooth_quartz_stairs":7,"minecraft:chiseled_tuff_bricks":5,"minecraft:pink_concrete":615,"minecraft:chiseled_stone_bricks":3,"minecraft:terracotta":1,"minecraft:glow_berries":427,"minecraft:mossy_cobblestone":158,"minecraft:lime_concrete":1232,"minecraft:lime_terracotta":10,"minecraft:cobblestone":81,"minecraft:yellow_terracotta":4,"minecraft:vine":4,"minecraft:yellow_glazed_terracotta":9,"minecraft:acacia_leaves":36,"minecraft:andesite":170,"minecraft:cobblestone_wall":4,"minecraft:andesite_stairs":12,"minecraft:stone_stairs":33,"minecraft:yellow_concrete":14,"minecraft:orange_wool":8,"minecraft:mossy_cobblestone_wall":2,"minecraft:chiseled_quartz_block":4,"minecraft:dripstone_block":9,"minecraft:tuff":158,"minecraft:shears":83,"minecraft:brown_mushroom_block":153,"minecraft:bone_meal":8,"minecraft:pointed_dripstone":11},"minecraft:picked_up":{"minecraft:pointed_dripstone":1,"minecraft:gray_concrete":1},"minecraft:custom":{"minecraft:time_since_rest":313711,"minecraft:sprint_one_cm":380368,"minecraft:damage_taken":4830,"minecraft:walk_one_cm":201944,"minecraft:drop":23,"minecraft:damage_dealt":126,"minecraft:fly_one_cm":4845869,"minecraft:swim_one_cm":1045,"minecraft:crouch_one_cm":11870,"minecraft:play_time":422825,"minecraft:deaths":5,"minecraft:sneak_time":11582,"minecraft:walk_under_water_one_cm":197,"minecraft:jump":3911,"minecraft:leave_game":7,"minecraft:time_since_death":313675,"minecraft:walk_on_water_one_cm":486,"minecraft:total_world_time":422825,"minecraft:climb_one_cm":2780,"minecraft:fall_one_cm":46385},"minecraft:dropped":{"minecraft:cobblestone_slab":1,"minecraft:packed_mud":1,"minecraft:gray_concrete":1,"minecraft:stone":2,"minecraft:mossy_cobblestone_slab":1,"minecraft:mossy_cobblestone":3,"minecraft:lime_concrete":1,"minecraft:smooth_quartz_stairs":1,"minecraft:andesite":1,"minecraft:cobblestone":1,"minecraft:gray_concrete_powder":1,"minecraft:stone_slab":1,"minecraft:cracked_stone_bricks":1,"minecraft:mossy_cobblestone_stairs":1,"minecraft:stone_stairs":1,"minecraft:orange_wool":1,"minecraft:light_gray_concrete_powder":1,"minecraft:brown_mushroom_block":1,"minecraft:gravel":1,"minecraft:cobblestone_stairs":1}},"DataVersion":3955}