{"stats":{"minecraft:picked_up":{"minecraft:gray_concrete":1},"minecraft:dropped":{"minecraft:gray_concrete_powder":1,"minecraft:packed_mud":1,"minecraft:gray_concrete":1,"minecraft:orange_wool":1,"minecraft:light_gray_concrete_powder":1,"minecraft:brown_mushroom_block":1},"minecraft:custom":{"minecraft:time_since_rest":49962,"minecraft:crouch_one_cm":2342,"minecraft:play_time":103771,"minecraft:sprint_one_cm":141443,"minecraft:deaths":1,"minecraft:damage_taken":230,"minecraft:walk_one_cm":36574,"minecraft:sneak_time":1509,"minecraft:walk_under_water_one_cm":197,"minecraft:drop":6,"minecraft:jump":1261,"minecraft:leave_game":3,"minecraft:walk_on_water_one_cm":486,"minecraft:time_since_death":49940,"minecraft:total_world_time":103771,"minecraft:swim_one_cm":1045,"minecraft:fall_one_cm":2717,"minecraft:fly_one_cm":1821257},"minecraft:used":{"minecraft:oak_log":2,"minecraft:chiseled_tuff_bricks":5,"minecraft:bricks":1,"minecraft:yellow_glazed_terracotta":9,"minecraft:polished_andesite":4,"minecraft:oak_planks":2,"minecraft:packed_mud":1,"minecraft:orange_wool":1,"minecraft:waxed_exposed_copper_trapdoor":1,"minecraft:gray_concrete_powder":5}},"DataVersion":3955}