{"attack.bomb.explode":{"sounds":[{"name":"omega-flowey:snd_bombsplosion","attenuation_distance":50,"volume":10}]},"attack.bomb.fall":{"sounds":[{"name":"omega-flowey:snd_bombfall","attenuation_distance":50,"volume":100}]},"attack.dentata-snakes.bounce":{"sounds":[{"name":"omega-flowey:snd_impact","attenuation_distance":45,"volume":10}]},"attack.dentata-snakes.summon":{"sounds":[{"name":"omega-flowey:mus_sfx_generate","attenuation_distance":50}]},"attack.dentata-snakes.spawn":{"sounds":[{"name":"omega-flowey:mus_sfx_segapower","pitch":1.2,"attenuation_distance":50,"volume":100}]},"attack.finger-guns.laser":{"sounds":[{"name":"omega-flowey:mus_sfx_a_target","attenuation_distance":50,"volume":100}]},"attack.finger-guns.shoot":{"sounds":[{"name":"omega-flowey:mus_sfx_a_bullet","attenuation_distance":50,"volume":100}]},"attack.friendliness-pellets.activate":{"sounds":[{"name":"omega-flowey:snd_shakerbreaker","attenuation_distance":50}]},"attack.friendliness-pellets.blinking":{"sounds":[{"name":"omega-flowey:mus_sfx_a_target","attenuation_distance":50}]},"attack.generic.summon":{"sounds":[{"name":"omega-flowey:mus_sfx_yowl","attenuation_distance":50,"volume":100}]},"attack.homing-vines.blinking":{"sounds":[{"name":"omega-flowey:mus_sfx_a_target","attenuation_distance":50,"volume":1000}]},"attack.homing-vines.summon":{"sounds":[{"name":"omega-flowey:mus_sfx_yowl","attenuation_distance":50,"volume":1}]},"attack.x-bullets.start":{"sounds":[{"name":"omega-flowey:mus_sfx_segapower","pitch":1.2,"attenuation_distance":50,"volume":40}]},"boss-fight.alarm":{"sounds":[{"name":"omega-flowey:mus_f_alarm","attenuation_distance":50}]},"boss-fight.static":{"sounds":[{"name":"omega-flowey:mus_f_noise","volume":0.3}]},"cutscene.intro.battle_start_full":{"sounds":[{"name":"omega-flowey:battle_start","attenuation_distance":8}]},"cutscene.intro.battle_start_end":{"sounds":[{"name":"omega-flowey:snd_battlefall"}]},"cutscene.intro.laugh":{"sounds":[{"name":"omega-flowey:mus_f_laugh","stream":true}]},"cutscene.intro.music":{"sounds":[{"name":"omega-flowey:mus_f_intro","stream":true}]},"cutscene.intro.turn_on":{"sounds":[{"name":"omega-flowey:snd_elecdoor_shutheavy","attenuation_distance":55}]},"cutscene.summit.victory":{"sounds":[{"name":"omega-flowey:snd_dumbvictory","attenuation_distance":55}]},"decorative.soul.break":{"sounds":[{"attenuation_distance":55,"name":"omega-flowey:snd_break1","volume":0.1}]},"decorative.soul.shatter":{"sounds":[{"attenuation_distance":55,"name":"omega-flowey:snd_break2","volume":0.1}]},"decorative.soul.show":{"sounds":[{"attenuation_distance":55,"name":"omega-flowey:snd_noise","volume":0.1}]},"decorative.static":{"sounds":[{"attenuation_distance":55,"name":"omega-flowey:mus_f_noise","volume":0.1}]},"music.generic.boss-fight.0":{"sounds":[{"name":"omega-flowey:mus_f_part1","stream":true,"volume":0.47}]},"music.generic.boss-fight.1":{"sounds":[{"name":"omega-flowey:mus_f_part2","stream":true,"volume":0.519}]},"music.phase.0":{"sounds":[{"name":"omega-flowey:music.generic.boss-fight.0","type":"event"}]},"music.phase.1":{"sounds":[{"name":"omega-flowey:music.generic.boss-fight.1","type":"event"}]},"music.soul.5":{"sounds":[{"name":"omega-flowey:mus_f_6s_6","stream":true,"volume":0.67}]},"player.get-item":{"sounds":[{"name":"omega-flowey:snd_item"}]},"player.hurt":{"sounds":[{"name":"omega-flowey:snd_hurt1_c","pitch":1,"attenuation_distance":20},{"name":"omega-flowey:snd_hurt1_c","pitch":0.95,"attenuation_distance":20},{"name":"omega-flowey:snd_hurt1_c","pitch":1.0526,"attenuation_distance":20}]},"player.escaped":{"sounds":[{"name":"omega-flowey:snd_escaped"}]},"soul.heal":{"sounds":[{"name":"omega-flowey:snd_heal_c","attenuation_distance":50}]},"soul.saved":{"sounds":[{"name":"omega-flowey:mus_f_saved","pitch":0.9,"stream":true}]},"soul.touch":{"sounds":[{"name":"omega-flowey:snd_select","attenuation_distance":50}]},"soul.transition":{"sounds":[{"name":"omega-flowey:snd_break2_c"}]}}
