{
	"textures": {
		"0": "minecraft:block/moss_block"
	},
	"display": {
		"head": {
			"rotation": [0, 180, 0]
		}
	},
	"elements": [
		{
			"from": [6.975, 9.275, 7.4],
			"to": [9.025, 14.025, 9.4],
			"rotation": {
				"angle": 45,
				"axis": "x",
				"origin": [8, 8, 8]
			},
			"faces": {
				"north": {
					"uv": [0, 0, 2.05, 4.75],
					"rotation": 180,
					"texture": "#0"
				},
				"east": {
					"uv": [0, 0, 2, 4.75],
					"rotation": 180,
					"texture": "#0"
				},
				"south": {
					"uv": [0, 0, 2.05, 4.75],
					"rotation": 180,
					"texture": "#0"
				},
				"west": {
					"uv": [0, 0, 2, 4.75],
					"rotation": 180,
					"texture": "#0"
				},
				"up": {
					"uv": [0, 0, 2.05, 2],
					"texture": "#0"
				},
				"down": {
					"uv": [0, 0, 2.05, 2],
					"texture": "#0"
				}
			}
		}
	]
}
