{
	"textures": {
		"0": "minecraft:block/moss_block"
	},
	"display": {
		"head": {
			"rotation": [0, 180, 0]
		}
	},
	"elements": [
		{
			"from": [6.975, 5.5, 4.125],
			"to": [9.025, 7.5, 8.875],
			"rotation": {
				"angle": 45,
				"axis": "x",
				"origin": [8, 8, 8]
			},
			"faces": {
				"north": {
					"uv": [0, 0, 2.05, 2],
					"rotation": 180,
					"texture": "#0"
				},
				"east": {
					"uv": [0, 0, 2, 4.75],
					"rotation": 270,
					"texture": "#0"
				},
				"south": {
					"uv": [0, 0, 2.05, 2],
					"texture": "#0"
				},
				"west": {
					"uv": [0, 0, 2, 4.75],
					"rotation": 90,
					"texture": "#0"
				},
				"up": {
					"uv": [0, 0, 2.05, 4.75],
					"rotation": 180,
					"texture": "#0"
				},
				"down": {
					"uv": [0, 0, 2.05, 4.75],
					"texture": "#0"
				}
			}
		}
	]
}
