{
	"textures": {
		"0": "minecraft:block/moss_block"
	},
	"display": {
		"head": {
			"rotation": [0, 180, 0]
		}
	},
	"elements": [
		{
			"from": [7, 6.48788, 14.91682],
			"to": [9, 11.23788, 16.91682],
			"rotation": {
				"angle": 45,
				"axis": "x",
				"origin": [8, 17.98788, 10.91682]
			},
			"faces": {
				"north": {
					"uv": [0, 0, 2, 4.75],
					"texture": "#0"
				},
				"east": {
					"uv": [0, 0, 2, 4.75],
					"texture": "#0"
				},
				"south": {
					"uv": [0, 0, 2, 4.75],
					"texture": "#0"
				},
				"west": {
					"uv": [0, 0, 2, 4.75],
					"texture": "#0"
				},
				"up": {
					"uv": [0, 0, 2, 2],
					"texture": "#0"
				},
				"down": {
					"uv": [0, 0, 2, 2],
					"texture": "#0"
				}
			}
		}
	]
}
