{
	"textures": {
		"0": "minecraft:block/moss_block"
	},
	"display": {
		"head": {
			"rotation": [0, 180, 0]
		}
	},
	"elements": [
		{
			"from": [7, 1.5, 0],
			"to": [9, 3.5, 5],
			"rotation": {
				"angle": 45,
				"axis": "x",
				"origin": [8, 8, 8]
			},
			"faces": {
				"north": {
					"uv": [0, 0, 2, 2],
					"rotation": 180,
					"texture": "#0"
				},
				"east": {
					"uv": [0, 0, 2, 5],
					"rotation": 270,
					"texture": "#0"
				},
				"south": {
					"uv": [0, 0, 2, 2],
					"texture": "#0"
				},
				"west": {
					"uv": [0, 0, 2, 5],
					"rotation": 90,
					"texture": "#0"
				},
				"up": {
					"uv": [0, 0, 2, 5],
					"rotation": 180,
					"texture": "#0"
				},
				"down": {
					"uv": [0, 0, 2, 5],
					"texture": "#0"
				}
			}
		}
	]
}
