{
	"textures": {
		"0": "minecraft:block/moss_block"
	},
	"display": {
		"head": {
			"rotation": [0, 180, 0]
		}
	},
	"elements": [
		{
			"from": [6.975, -1, 5.6],
			"to": [9.025, 7, 7.6],
			"rotation": {
				"angle": 0,
				"axis": "y",
				"origin": [8, 8, 8]
			},
			"faces": {
				"north": {
					"uv": [0, 0, 2.05, 8],
					"texture": "#0"
				},
				"east": {
					"uv": [0, 0, 2, 8],
					"texture": "#0"
				},
				"south": {
					"uv": [0, 0, 2.05, 8],
					"texture": "#0"
				},
				"west": {
					"uv": [0, 0, 2, 8],
					"texture": "#0"
				},
				"up": {
					"uv": [0, 0, 2.05, 2],
					"texture": "#0"
				},
				"down": {
					"uv": [0, 0, 2.05, 2],
					"texture": "#0"
				}
			}
		}
	]
}
