{
	"textures": {
		"0": "minecraft:block/moss_block"
	},
	"display": {
		"head": {
			"rotation": [0, 180, 0]
		}
	},
	"elements": [
		{
			"from": [6.95, 7, 9],
			"to": [9.05, 15, 11],
			"rotation": {
				"angle": 0,
				"axis": "y",
				"origin": [8, 16, 16.4]
			},
			"faces": {
				"north": {
					"uv": [0, 0, 2.1, 8],
					"texture": "#0"
				},
				"east": {
					"uv": [0, 0, 2, 8],
					"texture": "#0"
				},
				"south": {
					"uv": [0, 0, 2.1, 8],
					"texture": "#0"
				},
				"west": {
					"uv": [0, 0, 2, 8],
					"texture": "#0"
				},
				"up": {
					"uv": [0, 0, 2.1, 2],
					"texture": "#0"
				},
				"down": {
					"uv": [0, 0, 2.1, 2],
					"texture": "#0"
				}
			}
		}
	]
}
