{
	"textures": {
		"0": "minecraft:block/moss_block"
	},
	"display": {
		"head": {
			"rotation": [0, 180, 0]
		}
	},
	"elements": [
		{
			"from": [7, 5.5, 7],
			"to": [9, 10.5, 9],
			"rotation": {
				"angle": 45,
				"axis": "x",
				"origin": [8, 8, 8]
			},
			"faces": {
				"north": {
					"uv": [0, 0, 2, 5],
					"texture": "#0"
				},
				"east": {
					"uv": [0, 0, 2, 5],
					"texture": "#0"
				},
				"south": {
					"uv": [0, 0, 2, 5],
					"texture": "#0"
				},
				"west": {
					"uv": [0, 0, 2, 5],
					"texture": "#0"
				},
				"up": {
					"uv": [0, 0, 2, 2],
					"texture": "#0"
				},
				"down": {
					"uv": [0, 0, 2, 2],
					"texture": "#0"
				}
			}
		},
		{
			"from": [6, 10.5, 6],
			"to": [10, 12.5, 10],
			"rotation": {
				"angle": 45,
				"axis": "x",
				"origin": [8, 8, 8]
			},
			"faces": {
				"north": {
					"uv": [0, 0, 4, 2],
					"texture": "#0"
				},
				"east": {
					"uv": [0, 0, 4, 2],
					"texture": "#0"
				},
				"south": {
					"uv": [0, 0, 4, 2],
					"texture": "#0"
				},
				"west": {
					"uv": [0, 0, 4, 2],
					"texture": "#0"
				},
				"up": {
					"uv": [0, 0, 4, 4],
					"texture": "#0"
				},
				"down": {
					"uv": [0, 0, 4, 4],
					"texture": "#0"
				}
			}
		},
		{
			"from": [5, 12.5, 5],
			"to": [11, 14.5, 11],
			"rotation": {
				"angle": 45,
				"axis": "x",
				"origin": [8, 8, 8]
			},
			"faces": {
				"north": {
					"uv": [0, 0, 6, 2],
					"texture": "#0"
				},
				"east": {
					"uv": [0, 0, 6, 2],
					"texture": "#0"
				},
				"south": {
					"uv": [0, 0, 6, 2],
					"texture": "#0"
				},
				"west": {
					"uv": [0, 0, 6, 2],
					"texture": "#0"
				},
				"up": {
					"uv": [0, 0, 6, 6],
					"texture": "#0"
				},
				"down": {
					"uv": [0, 0, 6, 6],
					"texture": "#0"
				}
			}
		}
	]
}
