{
	"textures": {
		"7": "minecraft:block/fire_0"
	},
	"display": {
		"head": {
			"rotation": [0, 180, 0]
		}
	},
	"elements": [
		{
			"from": [7, 7, 7],
			"to": [9, 9, 9],
			"rotation": {
				"angle": 0,
				"axis": "y",
				"origin": [8, 8, 8]
			},
			"faces": {
				"north": {
					"uv": [5, 8, 7, 10],
					"texture": "#7"
				},
				"east": {
					"uv": [6, 8, 8, 10],
					"texture": "#7"
				},
				"south": {
					"uv": [7, 7, 9, 9],
					"texture": "#7"
				},
				"west": {
					"uv": [8, 8, 10, 10],
					"texture": "#7"
				},
				"up": {
					"uv": [8, 7, 10, 9],
					"texture": "#7"
				},
				"down": {
					"uv": [8, 9, 10, 11],
					"texture": "#7"
				}
			}
		}
	]
}
