{"textures":{"0":"omega-flowey:custom/attacks/petes_fly"},"display":{"ground":{"rotation":[0,0,0],"translation":[0,2,0],"scale":[0.5,0.5,0.5]},"thirdperson_righthand":{"rotation":[0,0,0],"translation":[0,3,1],"scale":[0.55,0.55,0.55]},"firstperson_righthand":{"rotation":[0,-90,25],"translation":[1.13,3.2,1.13],"scale":[0.68,0.68,0.68]},"fixed":{"rotation":[0,180,0],"scale":[1,1,1]}},"elements":[{"from":[12,8.28378,-7.66216],"to":[14,12.28378,-5.66216],"rotation":{"angle":0,"axis":"y","origin":[-8,-9.71622,-7.66216]},"faces":{"north":{"uv":[5.625,4.5,5.75,4.75],"texture":"#0"},"east":{"uv":[5.5,4.625,5.625,4.875],"texture":"#0"},"up":{"uv":[5.5,4.75,5.625,4.875],"texture":"#0"},"down":{"uv":[5.625,4.75,5.75,4.875],"texture":"#0"}}},{"from":[12,4.28378,4.33784],"to":[14,6.28378,6.33784],"rotation":{"angle":0,"axis":"y","origin":[-8,-9.71622,-7.66216]},"faces":{"north":{"uv":[3.5,4.875,3.625,5.125],"texture":"#0"},"east":{"uv":[4.125,5,4.25,5.125],"texture":"#0"},"south":{"uv":[3.5,5.125,3.625,5.25],"texture":"#0"},"west":{"uv":[3,5.25,3.125,5.375],"texture":"#0"},"down":{"uv":[4.125,5.5,4.25,5.625],"texture":"#0"}}},{"from":[14,-1.71622,2.33784],"to":[16,4.28378,4.33784],"rotation":{"angle":0,"axis":"y","origin":[-8,-9.71622,-7.66216]},"faces":{"north":{"uv":[4.375,4.875,4.5,5.25],"texture":"#0"},"east":{"uv":[3.75,5.125,3.875,5.5],"texture":"#0"},"south":{"uv":[3.875,5,4,5.375],"texture":"#0"},"west":{"uv":[3.625,5,3.75,5.375],"texture":"#0"},"up":{"uv":[4,5,4.125,5.125],"texture":"#0"},"down":{"uv":[3.375,5.625,3.5,5.75],"texture":"#0"}}},{"from":[12,4.28378,8.33784],"to":[14,6.28378,10.33784],"rotation":{"angle":0,"axis":"y","origin":[-8,-9.71622,-7.66216]},"faces":{"north":{"uv":[3.125,5.75,3.25,5.875],"texture":"#0"},"east":{"uv":[3.5,5.875,3.625,6],"texture":"#0"},"south":{"uv":[3.375,5,3.5,5.125],"texture":"#0"},"west":{"uv":[3,5.375,3.125,5.51111],"texture":"#0"},"down":{"uv":[3.875,5,4,5.125],"texture":"#0"}}},{"from":[14,2.28378,8.33784],"to":[16,4.28378,10.33784],"rotation":{"angle":0,"axis":"y","origin":[-8,-9.71622,-7.66216]},"faces":{"north":{"uv":[3.75,5.25,3.875,5.375],"texture":"#0"},"east":{"uv":[3.275,5.75,3.375,5.86667],"texture":"#0"},"south":{"uv":[3.125,5,3.25,5.125],"texture":"#0"},"west":{"uv":[3.25,5.625,3.375,5.75],"texture":"#0"},"up":{"uv":[3.375,5.25,3.5,5.375],"texture":"#0"},"down":{"uv":[3.5,5.25,3.625,5.375],"texture":"#0"}}},{"from":[16,-1.71622,8.33784],"to":[18,2.28378,10.33784],"rotation":{"angle":0,"axis":"y","origin":[-8,-9.71622,-7.66216]},"faces":{"north":{"uv":[3.5,5.11667,3.625,5.375],"texture":"#0"},"east":{"uv":[4,5,4.125,5.25],"texture":"#0"},"south":{"uv":[4.25,5.125,4.375,5.375],"texture":"#0"},"west":{"uv":[3.875,5.11667,4,5.375],"texture":"#0"},"up":{"uv":[3.875,5.125,4,5.25],"texture":"#0"},"down":{"uv":[3.5,5.25,3.625,5.375],"texture":"#0"}}},{"from":[4,6.28378,-5.66216],"to":[12,14.28378,0.33784],"rotation":{"angle":0,"axis":"y","origin":[-8,-9.71622,-7.66216]},"faces":{"north":{"uv":[5.875,4.375,6.125,4.875],"texture":"#0"},"east":{"uv":[6,4.375,6.125,4.875],"texture":"#0"},"west":{"uv":[5.875,4.375,6,4.875],"texture":"#0"},"up":{"uv":[6,4.375,6.125,4.875],"rotation":90,"texture":"#0"},"down":{"uv":[5.625,4.375,6.125,4.5],"rotation":180,"texture":"#0"}}},{"from":[4,6.28378,-7.66216],"to":[6,14.28378,-5.66216],"rotation":{"angle":0,"axis":"y","origin":[-8,-9.71622,-7.66216]},"faces":{"north":{"uv":[5.625,4.375,5.75,4.875],"texture":"#0"},"east":{"uv":[5.625,4.5,5.75,5],"texture":"#0"},"west":{"uv":[5.625,4.5,5.75,5],"texture":"#0"},"up":{"uv":[5.5,4.75,5.625,4.875],"texture":"#0"},"down":{"uv":[5.625,4.625,5.75,4.75],"texture":"#0"}}},{"from":[10,6.28378,-7.66216],"to":[12,14.28378,-5.66216],"rotation":{"angle":0,"axis":"y","origin":[-8,-9.71622,-7.66216]},"faces":{"north":{"uv":[5.75,4.375,5.875,4.875],"texture":"#0"},"east":{"uv":[5.625,4.375,5.75,4.875],"texture":"#0"},"west":{"uv":[5.625,4.5,5.75,5],"texture":"#0"},"up":{"uv":[5.5,4.75,5.625,4.875],"texture":"#0"},"down":{"uv":[5.5,4.75,5.625,4.85278],"texture":"#0"}}},{"from":[4,6.28378,18.33784],"to":[12,12.28378,20.33784],"rotation":{"angle":0,"axis":"y","origin":[-8,-9.71622,-7.66216]},"faces":{"east":{"uv":[2.875,3.625,3,4],"texture":"#0"},"south":{"uv":[5.25,4,4.75,3.625],"texture":"#0"},"west":{"uv":[5.125,3.75,5.25,4.125],"texture":"#0"},"up":{"uv":[3.375,3.25,3.875,3.375],"texture":"#0"},"down":{"uv":[2.75,4.25,3.25,4.375],"texture":"#0"}}},{"from":[10,14.28378,4.33784],"to":[14,16.28378,8.33784],"rotation":{"angle":0,"axis":"y","origin":[-8,-9.71622,-7.66216]},"faces":{"north":{"uv":[4.5,2.625,4.75,2.75],"texture":"#0"},"east":{"uv":[3.375,6.125,3.625,6.25],"texture":"#0"},"south":{"uv":[3.875,2,4.125,2.125],"texture":"#0"},"west":{"uv":[4.25,2.375,4.5,2.5],"texture":"#0"},"up":{"uv":[3.5,5.25,3.75,5.5],"texture":"#0"},"down":{"uv":[3.75,5.5,4,5.75],"texture":"#0"}}},{"from":[16,18.28378,8.33784],"to":[18,20.28378,10.33784],"rotation":{"angle":0,"axis":"y","origin":[-8,-9.71622,-7.66216]},"faces":{"north":{"uv":[4.125,2.75,4.25,2.875],"texture":"#0"},"east":{"uv":[3.25,5.25,3.375,5.375],"texture":"#0"},"west":{"uv":[4,2.75,4.125,2.875],"texture":"#0"},"up":{"uv":[3.625,5,3.75,5.125],"texture":"#0"},"down":{"uv":[4,2.25,4.125,2.375],"texture":"#0"}}},{"from":[16,18.28378,10.33784],"to":[20,20.28378,16.33784],"rotation":{"angle":0,"axis":"y","origin":[-8,-9.71622,-7.66216]},"faces":{"north":{"uv":[3.5,5.25,3.625,5.375],"texture":"#0"},"east":{"uv":[3.25,5.375,3.625,5.5],"texture":"#0"},"south":{"uv":[3.25,5.875,3.5,6],"texture":"#0"},"west":{"uv":[3.75,2.25,4.125,2.375],"texture":"#0"},"up":{"uv":[3.375,5.5,3.625,5.875],"texture":"#0"},"down":{"uv":[4,2.375,4.25,2.75],"texture":"#0"}}},{"from":[12,16.28378,6.33784],"to":[16,18.28378,12.33784],"rotation":{"angle":0,"axis":"y","origin":[-8,-9.71622,-7.66216]},"faces":{"north":{"uv":[3.525,2.25,3.75,2.375],"texture":"#0"},"east":{"uv":[3.875,2.5,4.25,2.625],"texture":"#0"},"south":{"uv":[4.125,2.875,4.375,3],"texture":"#0"},"west":{"uv":[3.375,5.125,3.75,5.25],"texture":"#0"},"up":{"uv":[3.5,5.25,3.75,5.625],"texture":"#0"},"down":{"uv":[3.625,2.5,4,3],"texture":"#0"}}},{"from":[18,20.28378,16.33784],"to":[20,22.28378,18.33784],"rotation":{"angle":0,"axis":"y","origin":[-8,-9.71622,-7.66216]},"faces":{"north":{"uv":[3.75,1.75,3.875,1.875],"texture":"#0"},"east":{"uv":[3.875,2.375,4,2.5],"texture":"#0"},"south":{"uv":[3.75,2.5,3.875,2.625],"texture":"#0"},"west":{"uv":[4,2.625,4.125,2.75],"texture":"#0"},"up":{"uv":[3,6.375,3.125,6.5],"texture":"#0"},"down":{"uv":[3.625,5.375,3.75,5.5],"texture":"#0"}}},{"from":[14,18.28378,12.33784],"to":[16,20.28378,14.33784],"rotation":{"angle":0,"axis":"y","origin":[-8,-9.71622,-7.66216]},"faces":{"north":{"uv":[4.125,2.75,4.25,2.875],"texture":"#0"},"south":{"uv":[3.75,2.125,3.875,2.25],"texture":"#0"},"west":{"uv":[4.125,2.625,4.25,2.75],"texture":"#0"},"up":{"uv":[3.375,5.75,3.5,5.875],"texture":"#0"},"down":{"uv":[3.75,2.375,3.875,2.5],"texture":"#0"}}},{"from":[4,4.28378,-3.66216],"to":[12,16.28378,0.33784],"rotation":{"angle":0,"axis":"y","origin":[-8,-9.71622,-7.66216]},"faces":{"north":{"uv":[5.875,4.5,6,5],"rotation":90,"texture":"#0"},"east":{"uv":[5.625,5,5.875,5.125],"texture":"#0"},"south":{"uv":[5.875,4.375,6.125,4.875],"rotation":90,"texture":"#0"},"west":{"uv":[5.875,4.75,6.125,4.875],"texture":"#0"},"up":{"uv":[5.875,4.375,6.125,4.875],"rotation":90,"texture":"#0"},"down":{"uv":[5.875,4.375,6.125,4.875],"rotation":270,"texture":"#0"}}},{"from":[2,6.28378,-3.66216],"to":[14,14.28378,0.33784],"rotation":{"angle":0,"axis":"y","origin":[-8,-9.71622,-7.66216]},"faces":{"north":{"uv":[5.875,4.375,6.125,4.875],"texture":"#0"},"east":{"uv":[5.875,4.125,6.125,4.625],"texture":"#0"},"south":{"uv":[5.875,4.5,6.125,4.75],"texture":"#0"},"west":{"uv":[5.875,4.125,6.125,4.625],"texture":"#0"},"up":{"uv":[5.75,4.875,6,5.125],"texture":"#0"},"down":{"uv":[5.875,4.625,6.125,4.875],"texture":"#0"}}},{"from":[2,8.28378,-7.66216],"to":[4,12.28378,-5.66216],"rotation":{"angle":0,"axis":"y","origin":[-8,-9.71622,-7.66216]},"faces":{"north":{"uv":[5.625,4.5,5.75,4.75],"texture":"#0"},"south":{"uv":[5.625,4.625,5.75,4.875],"texture":"#0"},"west":{"uv":[5.75,4.5,5.875,4.75],"texture":"#0"},"up":{"uv":[5.625,4.625,5.75,4.75],"texture":"#0"},"down":{"uv":[5.625,4.625,5.75,4.75],"texture":"#0"}}},{"from":[12,6.28378,0.33784],"to":[14,12.28378,18.33784],"rotation":{"angle":0,"axis":"y","origin":[-8,-9.71622,-7.66216]},"faces":{"east":{"uv":[3.75,3.5,4.875,3.875],"texture":"#0"},"south":{"uv":[3.125,3.75,3.25,4.125],"texture":"#0"},"up":{"uv":[3.75,3.625,4.875,3.75],"rotation":270,"texture":"#0"},"down":{"uv":[3,3.375,3.125,4.5],"texture":"#0"}}},{"from":[2,6.28378,0.33784],"to":[4,12.28378,18.33784],"rotation":{"angle":0,"axis":"y","origin":[-8,-9.71622,-7.66216]},"faces":{"south":{"uv":[4,3.25,4.125,3.625],"texture":"#0"},"west":{"uv":[3.75,3.375,4.875,3.75],"texture":"#0"},"up":{"uv":[5.125,3.625,4,3.75],"rotation":270,"texture":"#0"},"down":{"uv":[2.75,4.25,3.875,4.375],"rotation":90,"texture":"#0"}}},{"from":[12,4.28378,12.33784],"to":[14,6.28378,14.33784],"rotation":{"angle":0,"axis":"y","origin":[-8,-9.71622,-7.66216]},"faces":{"north":{"uv":[3.5,4.875,3.625,5.125],"texture":"#0"},"east":{"uv":[4.125,5,4.25,5.125],"texture":"#0"},"south":{"uv":[3.5,5.125,3.625,5.25],"texture":"#0"},"west":{"uv":[3,5.25,3.125,5.375],"texture":"#0"},"down":{"uv":[4.125,5.5,4.25,5.625],"texture":"#0"}}},{"from":[14,-1.71622,14.33784],"to":[16,4.28378,16.33784],"rotation":{"angle":0,"axis":"y","origin":[-8,-9.71622,-7.66216]},"faces":{"north":{"uv":[4.375,4.875,4.5,5.25],"texture":"#0"},"east":{"uv":[3.75,5.125,3.875,5.5],"texture":"#0"},"south":{"uv":[3.875,5,4,5.375],"texture":"#0"},"west":{"uv":[3.625,5,3.75,5.375],"texture":"#0"},"up":{"uv":[4,5,4.125,5.125],"texture":"#0"},"down":{"uv":[3.375,5.625,3.5,5.75],"texture":"#0"}}},{"from":[0,-1.71622,14.33784],"to":[2,4.28378,16.33784],"rotation":{"angle":0,"axis":"y","origin":[-8,-9.71622,-7.66216]},"faces":{"north":{"uv":[4.375,4.875,4.5,5.25],"texture":"#0"},"east":{"uv":[3.75,5.125,3.875,5.5],"texture":"#0"},"south":{"uv":[3.875,5,4,5.375],"texture":"#0"},"west":{"uv":[3.625,5,3.75,5.375],"texture":"#0"},"up":{"uv":[4,5,4.125,5.125],"texture":"#0"},"down":{"uv":[3.375,5.625,3.5,5.75],"texture":"#0"}}},{"from":[2,4.28378,12.33784],"to":[4,6.28378,14.33784],"rotation":{"angle":0,"axis":"y","origin":[-8,-9.71622,-7.66216]},"faces":{"north":{"uv":[3.5,4.875,3.625,5.125],"texture":"#0"},"east":{"uv":[4.125,5,4.25,5.125],"texture":"#0"},"south":{"uv":[3.5,5.125,3.625,5.25],"texture":"#0"},"west":{"uv":[3,5.25,3.125,5.375],"texture":"#0"},"down":{"uv":[4.125,5.5,4.25,5.625],"texture":"#0"}}},{"from":[2,4.28378,8.33784],"to":[4,6.28378,10.33784],"rotation":{"angle":0,"axis":"y","origin":[-8,-9.71622,-7.66216]},"faces":{"north":{"uv":[3.125,5.75,3.25,5.875],"texture":"#0"},"east":{"uv":[3.5,5.875,3.625,6],"texture":"#0"},"south":{"uv":[3.375,5,3.5,5.125],"texture":"#0"},"west":{"uv":[3,5.375,3.125,5.51111],"texture":"#0"},"down":{"uv":[3.875,5,4,5.125],"texture":"#0"}}},{"from":[2,4.28378,4.33784],"to":[4,6.28378,6.33784],"rotation":{"angle":0,"axis":"y","origin":[-8,-9.71622,-7.66216]},"faces":{"north":{"uv":[3.5,4.875,3.625,5.125],"texture":"#0"},"east":{"uv":[4.125,5,4.25,5.125],"texture":"#0"},"south":{"uv":[3.5,5.125,3.625,5.25],"texture":"#0"},"west":{"uv":[3,5.25,3.125,5.375],"texture":"#0"},"down":{"uv":[4.125,5.5,4.25,5.625],"texture":"#0"}}},{"from":[0,-1.71622,2.33784],"to":[2,4.28378,4.33784],"rotation":{"angle":0,"axis":"y","origin":[-8,-9.71622,-7.66216]},"faces":{"north":{"uv":[4.375,4.875,4.5,5.25],"texture":"#0"},"east":{"uv":[3.75,5.125,3.875,5.5],"texture":"#0"},"south":{"uv":[3.875,5,4,5.375],"texture":"#0"},"west":{"uv":[3.625,5,3.75,5.375],"texture":"#0"},"up":{"uv":[4,5,4.125,5.125],"texture":"#0"},"down":{"uv":[3.375,5.625,3.5,5.75],"texture":"#0"}}},{"from":[-2,-1.71622,8.33784],"to":[0,2.28378,10.33784],"rotation":{"angle":0,"axis":"y","origin":[-8,-9.71622,-7.66216]},"faces":{"north":{"uv":[3.5,5.11667,3.625,5.375],"texture":"#0"},"east":{"uv":[4,5,4.125,5.25],"texture":"#0"},"south":{"uv":[4.25,5.125,4.375,5.375],"texture":"#0"},"west":{"uv":[3.875,5.11667,4,5.375],"texture":"#0"},"up":{"uv":[3.875,5.125,4,5.25],"texture":"#0"},"down":{"uv":[3.5,5.25,3.625,5.375],"texture":"#0"}}},{"from":[0,2.28378,8.33784],"to":[2,4.28378,10.33784],"rotation":{"angle":0,"axis":"y","origin":[-8,-9.71622,-7.66216]},"faces":{"north":{"uv":[3.75,5.25,3.875,5.375],"texture":"#0"},"east":{"uv":[3.275,5.75,3.375,5.86667],"texture":"#0"},"south":{"uv":[3.125,5,3.25,5.125],"texture":"#0"},"west":{"uv":[3.25,5.625,3.375,5.75],"texture":"#0"},"up":{"uv":[3.375,5.25,3.5,5.375],"texture":"#0"},"down":{"uv":[3.5,5.25,3.625,5.375],"texture":"#0"}}},{"from":[2,14.28378,4.33784],"to":[6,16.28378,8.33784],"rotation":{"angle":0,"axis":"y","origin":[-8,-9.71622,-7.66216]},"faces":{"north":{"uv":[4.5,2.625,4.75,2.75],"texture":"#0"},"east":{"uv":[3.375,6.125,3.625,6.25],"texture":"#0"},"south":{"uv":[3.875,2,4.125,2.125],"texture":"#0"},"west":{"uv":[4.25,2.375,4.5,2.5],"texture":"#0"},"up":{"uv":[3.5,5.25,3.75,5.5],"texture":"#0"},"down":{"uv":[3.75,5.5,4,5.75],"texture":"#0"}}},{"from":[0,16.28378,6.33784],"to":[4,18.28378,12.33784],"rotation":{"angle":0,"axis":"y","origin":[-8,-9.71622,-7.66216]},"faces":{"north":{"uv":[3.525,2.25,3.75,2.375],"texture":"#0"},"east":{"uv":[3.875,2.5,4.25,2.625],"texture":"#0"},"south":{"uv":[4.125,2.875,4.375,3],"texture":"#0"},"west":{"uv":[3.375,5.125,3.75,5.25],"texture":"#0"},"up":{"uv":[3.5,5.25,3.75,5.625],"texture":"#0"},"down":{"uv":[3.625,2.5,4,3],"texture":"#0"}}},{"from":[-2,18.28378,8.33784],"to":[0,20.28378,10.33784],"rotation":{"angle":0,"axis":"y","origin":[-8,-9.71622,-7.66216]},"faces":{"north":{"uv":[4.125,2.75,4.25,2.875],"texture":"#0"},"east":{"uv":[3.25,5.25,3.375,5.375],"texture":"#0"},"west":{"uv":[4,2.75,4.125,2.875],"texture":"#0"},"up":{"uv":[3.625,5,3.75,5.125],"texture":"#0"},"down":{"uv":[4,2.25,4.125,2.375],"texture":"#0"}}},{"from":[0,18.28378,12.33784],"to":[2,20.28378,14.33784],"rotation":{"angle":0,"axis":"y","origin":[-8,-9.71622,-7.66216]},"faces":{"north":{"uv":[4.125,2.75,4.25,2.875],"texture":"#0"},"east":{"uv":[3.75,3,3.875,3.125],"texture":"#0"},"south":{"uv":[3.75,2.125,3.875,2.25],"texture":"#0"},"west":{"uv":[4.125,2.625,4.25,2.75],"texture":"#0"},"up":{"uv":[3.375,5.75,3.5,5.875],"texture":"#0"},"down":{"uv":[3.75,2.375,3.875,2.5],"texture":"#0"}}},{"from":[-4,18.28378,10.33784],"to":[0,20.28378,16.33784],"rotation":{"angle":0,"axis":"y","origin":[-8,-9.71622,-7.66216]},"faces":{"north":{"uv":[3.5,5.25,3.625,5.375],"texture":"#0"},"east":{"uv":[3.25,5.375,3.625,5.5],"texture":"#0"},"south":{"uv":[3.25,5.875,3.5,6],"texture":"#0"},"west":{"uv":[3.75,2.25,4.125,2.375],"texture":"#0"},"up":{"uv":[3.375,5.5,3.625,5.875],"texture":"#0"},"down":{"uv":[4,2.375,4.25,2.75],"texture":"#0"}}},{"from":[-4,20.28378,16.33784],"to":[-2,22.28378,18.33784],"rotation":{"angle":0,"axis":"y","origin":[-8,-9.71622,-7.66216]},"faces":{"north":{"uv":[3.75,1.75,3.875,1.875],"texture":"#0"},"east":{"uv":[3.875,2.375,4,2.5],"texture":"#0"},"south":{"uv":[3.75,2.5,3.875,2.625],"texture":"#0"},"west":{"uv":[4,2.625,4.125,2.75],"texture":"#0"},"up":{"uv":[3,6.375,3.125,6.5],"texture":"#0"},"down":{"uv":[3.625,5.375,3.75,5.5],"texture":"#0"}}},{"from":[4,6.28378,0.33784],"to":[12,14.28378,18.33784],"rotation":{"angle":0,"axis":"y","origin":[-8,-9.71622,-7.66216]},"faces":{"east":{"uv":[11.625,3.625,12.75,4],"texture":"#0"},"south":{"uv":[12.5,3.5,13,3.625],"texture":"#0"},"west":{"uv":[12.75,3.625,11.625,4],"texture":"#0"},"up":{"uv":[12,3.5,13.125,4],"rotation":270,"texture":"#0"},"down":{"uv":[10.875,4,12,4.5],"rotation":90,"texture":"#0"}}},{"from":[12,8.28378,-7.66216],"to":[14,12.28378,-5.66216],"rotation":{"angle":0,"axis":"y","origin":[-8,-9.71622,-7.66216]},"faces":{"north":{"uv":[13.625,4.5,13.75,4.75],"texture":"#0"},"east":{"uv":[13.5,4.625,13.625,4.875],"texture":"#0"},"up":{"uv":[13.5,4.75,13.625,4.875],"texture":"#0"},"down":{"uv":[13.625,4.75,13.75,4.875],"texture":"#0"}}},{"from":[12,4.28378,4.33784],"to":[14,6.28378,6.33784],"rotation":{"angle":0,"axis":"y","origin":[-8,-9.71622,-7.66216]},"faces":{"north":{"uv":[11.5,4.875,11.625,5.125],"texture":"#0"},"east":{"uv":[12.125,5,12.25,5.125],"texture":"#0"},"south":{"uv":[11.5,5.125,11.625,5.25],"texture":"#0"},"west":{"uv":[11,5.25,11.125,5.375],"texture":"#0"},"down":{"uv":[12.125,5.5,12.25,5.625],"texture":"#0"}}},{"from":[14,-1.71622,2.33784],"to":[16,4.28378,4.33784],"rotation":{"angle":0,"axis":"y","origin":[-8,-9.71622,-7.66216]},"faces":{"north":{"uv":[12.375,4.875,12.5,5.25],"texture":"#0"},"east":{"uv":[11.75,5.125,11.875,5.5],"texture":"#0"},"south":{"uv":[11.875,5,12,5.375],"texture":"#0"},"west":{"uv":[11.625,5,11.75,5.375],"texture":"#0"},"up":{"uv":[12,5,12.125,5.125],"texture":"#0"},"down":{"uv":[11.375,5.625,11.5,5.75],"texture":"#0"}}},{"from":[12,4.28378,8.33784],"to":[14,6.28378,10.33784],"rotation":{"angle":0,"axis":"y","origin":[-8,-9.71622,-7.66216]},"faces":{"north":{"uv":[11.125,5.75,11.25,5.875],"texture":"#0"},"east":{"uv":[11.5,5.875,11.625,6],"texture":"#0"},"south":{"uv":[11.375,5,11.5,5.125],"texture":"#0"},"west":{"uv":[11,5.375,11.125,5.51111],"texture":"#0"},"down":{"uv":[11.875,5,12,5.125],"texture":"#0"}}},{"from":[14,2.28378,8.33784],"to":[16,4.28378,10.33784],"rotation":{"angle":0,"axis":"y","origin":[-8,-9.71622,-7.66216]},"faces":{"north":{"uv":[11.75,5.25,11.875,5.375],"texture":"#0"},"east":{"uv":[11.275,5.75,11.375,5.86667],"texture":"#0"},"south":{"uv":[11.125,5,11.25,5.125],"texture":"#0"},"west":{"uv":[11.25,5.625,11.375,5.75],"texture":"#0"},"up":{"uv":[11.375,5.25,11.5,5.375],"texture":"#0"},"down":{"uv":[11.5,5.25,11.625,5.375],"texture":"#0"}}},{"from":[16,-1.71622,8.33784],"to":[18,2.28378,10.33784],"rotation":{"angle":0,"axis":"y","origin":[-8,-9.71622,-7.66216]},"faces":{"north":{"uv":[11.5,5.11667,11.625,5.375],"texture":"#0"},"east":{"uv":[12,5,12.125,5.25],"texture":"#0"},"south":{"uv":[12.25,5.125,12.375,5.375],"texture":"#0"},"west":{"uv":[11.875,5.11667,12,5.375],"texture":"#0"},"up":{"uv":[11.875,5.125,12,5.25],"texture":"#0"},"down":{"uv":[11.5,5.25,11.625,5.375],"texture":"#0"}}},{"from":[4,6.28378,-5.66216],"to":[12,14.28378,0.33784],"rotation":{"angle":0,"axis":"y","origin":[-8,-9.71622,-7.66216]},"faces":{"north":{"uv":[13.875,4.375,14.125,4.875],"texture":"#0"},"east":{"uv":[14,4.375,14.125,4.875],"texture":"#0"},"west":{"uv":[13.875,4.375,14,4.875],"texture":"#0"},"up":{"uv":[14,4.375,14.125,4.875],"rotation":90,"texture":"#0"},"down":{"uv":[13.625,4.375,14.125,4.5],"rotation":180,"texture":"#0"}}},{"from":[4,6.28378,-7.66216],"to":[6,14.28378,-5.66216],"rotation":{"angle":0,"axis":"y","origin":[-8,-9.71622,-7.66216]},"faces":{"north":{"uv":[13.625,4.375,13.75,4.875],"texture":"#0"},"east":{"uv":[13.625,4.5,13.75,5],"texture":"#0"},"west":{"uv":[13.625,4.5,13.75,5],"texture":"#0"},"up":{"uv":[13.5,4.75,13.625,4.875],"texture":"#0"},"down":{"uv":[13.625,4.625,13.75,4.75],"texture":"#0"}}},{"from":[10,6.28378,-7.66216],"to":[12,14.28378,-5.66216],"rotation":{"angle":0,"axis":"y","origin":[-8,-9.71622,-7.66216]},"faces":{"north":{"uv":[13.75,4.375,13.875,4.875],"texture":"#0"},"east":{"uv":[13.625,4.375,13.75,4.875],"texture":"#0"},"west":{"uv":[13.625,4.5,13.75,5],"texture":"#0"},"up":{"uv":[13.5,4.75,13.625,4.875],"texture":"#0"},"down":{"uv":[13.5,4.75,13.625,4.85278],"texture":"#0"}}},{"from":[4,6.28378,18.33784],"to":[12,12.28378,20.33784],"rotation":{"angle":0,"axis":"y","origin":[-8,-9.71622,-7.66216]},"faces":{"east":{"uv":[10.875,3.625,11,4],"texture":"#0"},"south":{"uv":[13.25,4,12.75,3.625],"texture":"#0"},"west":{"uv":[13.125,3.75,13.25,4.125],"texture":"#0"},"up":{"uv":[11.375,3.25,11.875,3.375],"texture":"#0"},"down":{"uv":[10.75,4.25,11.25,4.375],"texture":"#0"}}},{"from":[10,14.28378,4.33784],"to":[14,16.28378,8.33784],"rotation":{"angle":0,"axis":"y","origin":[-8,-9.71622,-7.66216]},"faces":{"north":{"uv":[12.5,2.625,12.75,2.75],"texture":"#0"},"east":{"uv":[11.375,6.125,11.625,6.25],"texture":"#0"},"south":{"uv":[11.875,2,12.125,2.125],"texture":"#0"},"west":{"uv":[12.25,2.375,12.5,2.5],"texture":"#0"},"up":{"uv":[11.5,5.25,11.75,5.5],"texture":"#0"},"down":{"uv":[11.75,5.5,12,5.75],"texture":"#0"}}},{"from":[16,14.28378,8.33784],"to":[18,16.28378,10.33784],"rotation":{"angle":0,"axis":"y","origin":[-8,-9.71622,-7.66216]},"faces":{"north":{"uv":[12.125,2.75,12.25,2.875],"texture":"#0"},"east":{"uv":[11.25,5.25,11.375,5.375],"texture":"#0"},"west":{"uv":[12,2.75,12.125,2.875],"texture":"#0"},"up":{"uv":[11.625,5,11.75,5.125],"texture":"#0"},"down":{"uv":[12,2.25,12.125,2.375],"texture":"#0"}}},{"from":[16,14.28378,10.33784],"to":[20,16.28378,16.33784],"rotation":{"angle":0,"axis":"y","origin":[-8,-9.71622,-7.66216]},"faces":{"north":{"uv":[11.5,5.25,11.625,5.375],"texture":"#0"},"east":{"uv":[11.25,5.375,11.625,5.5],"texture":"#0"},"south":{"uv":[11.25,5.875,11.5,6],"texture":"#0"},"west":{"uv":[11.75,2.25,12.125,2.375],"texture":"#0"},"up":{"uv":[11.375,5.5,11.625,5.875],"texture":"#0"},"down":{"uv":[12,2.375,12.25,2.75],"texture":"#0"}}},{"from":[12,14.28378,6.33784],"to":[16,16.28378,12.33784],"rotation":{"angle":0,"axis":"y","origin":[-8,-9.71622,-7.66216]},"faces":{"north":{"uv":[11.525,2.25,11.75,2.375],"texture":"#0"},"east":{"uv":[11.875,2.5,12.25,2.625],"texture":"#0"},"south":{"uv":[12.125,2.875,12.375,3],"texture":"#0"},"west":{"uv":[11.375,5.125,11.75,5.25],"texture":"#0"},"up":{"uv":[11.5,5.25,11.75,5.625],"texture":"#0"},"down":{"uv":[11.625,2.5,12,3],"texture":"#0"}}},{"from":[18,16.28378,16.33784],"to":[20,18.28378,18.33784],"rotation":{"angle":0,"axis":"y","origin":[-8,-9.71622,-7.66216]},"faces":{"north":{"uv":[11.75,1.75,11.875,1.875],"texture":"#0"},"east":{"uv":[11.875,2.375,12,2.5],"texture":"#0"},"south":{"uv":[11.75,2.5,11.875,2.625],"texture":"#0"},"west":{"uv":[12,2.625,12.125,2.75],"texture":"#0"},"up":{"uv":[11,6.375,11.125,6.5],"texture":"#0"},"down":{"uv":[11.625,5.375,11.75,5.5],"texture":"#0"}}},{"from":[14,14.28378,12.33784],"to":[16,16.28378,14.33784],"rotation":{"angle":0,"axis":"y","origin":[-8,-9.71622,-7.66216]},"faces":{"north":{"uv":[12.125,2.75,12.25,2.875],"texture":"#0"},"south":{"uv":[11.75,2.125,11.875,2.25],"texture":"#0"},"west":{"uv":[12.125,2.625,12.25,2.75],"texture":"#0"},"up":{"uv":[11.375,5.75,11.5,5.875],"texture":"#0"},"down":{"uv":[11.75,2.375,11.875,2.5],"texture":"#0"}}},{"from":[4,4.28378,-3.66216],"to":[12,16.28378,0.33784],"rotation":{"angle":0,"axis":"y","origin":[-8,-9.71622,-7.66216]},"faces":{"north":{"uv":[13.875,4.5,14,5],"rotation":90,"texture":"#0"},"east":{"uv":[13.625,5,13.875,5.125],"texture":"#0"},"south":{"uv":[13.875,4.375,14.125,4.875],"rotation":90,"texture":"#0"},"west":{"uv":[13.875,4.75,14.125,4.875],"texture":"#0"},"up":{"uv":[13.875,4.375,14.125,4.875],"rotation":90,"texture":"#0"},"down":{"uv":[13.875,4.375,14.125,4.875],"rotation":270,"texture":"#0"}}},{"from":[2,6.28378,-3.66216],"to":[14,14.28378,0.33784],"rotation":{"angle":0,"axis":"y","origin":[-8,-9.71622,-7.66216]},"faces":{"north":{"uv":[13.875,4.375,14.125,4.875],"texture":"#0"},"east":{"uv":[13.875,4.125,14.125,4.625],"texture":"#0"},"south":{"uv":[13.875,4.5,14.125,4.75],"texture":"#0"},"west":{"uv":[13.875,4.125,14.125,4.625],"texture":"#0"},"up":{"uv":[13.75,4.875,14,5.125],"texture":"#0"},"down":{"uv":[13.875,4.625,14.125,4.875],"texture":"#0"}}},{"from":[2,8.28378,-7.66216],"to":[4,12.28378,-5.66216],"rotation":{"angle":0,"axis":"y","origin":[-8,-9.71622,-7.66216]},"faces":{"north":{"uv":[13.625,4.5,13.75,4.75],"texture":"#0"},"south":{"uv":[13.625,4.625,13.75,4.875],"texture":"#0"},"west":{"uv":[13.75,4.5,13.875,4.75],"texture":"#0"},"up":{"uv":[13.625,4.625,13.75,4.75],"texture":"#0"},"down":{"uv":[13.625,4.625,13.75,4.75],"texture":"#0"}}},{"from":[12,6.28378,0.33784],"to":[14,12.28378,18.33784],"rotation":{"angle":0,"axis":"y","origin":[-8,-9.71622,-7.66216]},"faces":{"east":{"uv":[11.75,3.5,12.875,3.875],"texture":"#0"},"south":{"uv":[11.125,3.75,11.25,4.125],"texture":"#0"},"up":{"uv":[11.75,3.625,12.875,3.75],"rotation":270,"texture":"#0"},"down":{"uv":[11,3,11.125,4.5],"texture":"#0"}}},{"from":[2,6.28378,0.33784],"to":[4,12.28378,18.33784],"rotation":{"angle":0,"axis":"y","origin":[-8,-9.71622,-7.66216]},"faces":{"south":{"uv":[12,3.25,12.125,3.625],"texture":"#0"},"west":{"uv":[11.75,3.375,12.875,3.75],"texture":"#0"},"up":{"uv":[13.125,3.625,12,3.75],"rotation":270,"texture":"#0"},"down":{"uv":[10.75,4.25,11.875,4.375],"rotation":90,"texture":"#0"}}},{"from":[12,4.28378,12.33784],"to":[14,6.28378,14.33784],"rotation":{"angle":0,"axis":"y","origin":[-8,-9.71622,-7.66216]},"faces":{"north":{"uv":[11.5,4.875,11.625,5.125],"texture":"#0"},"east":{"uv":[12.125,5,12.25,5.125],"texture":"#0"},"south":{"uv":[11.5,5.125,11.625,5.25],"texture":"#0"},"west":{"uv":[11,5.25,11.125,5.375],"texture":"#0"},"down":{"uv":[12.125,5.5,12.25,5.625],"texture":"#0"}}},{"from":[14,-1.71622,14.33784],"to":[16,4.28378,16.33784],"rotation":{"angle":0,"axis":"y","origin":[-8,-9.71622,-7.66216]},"faces":{"north":{"uv":[12.375,4.875,12.5,5.25],"texture":"#0"},"east":{"uv":[11.75,5.125,11.875,5.5],"texture":"#0"},"south":{"uv":[11.875,5,12,5.375],"texture":"#0"},"west":{"uv":[11.625,5,11.75,5.375],"texture":"#0"},"up":{"uv":[12,5,12.125,5.125],"texture":"#0"},"down":{"uv":[11.375,5.625,11.5,5.75],"texture":"#0"}}},{"from":[0,-1.71622,14.33784],"to":[2,4.28378,16.33784],"rotation":{"angle":0,"axis":"y","origin":[-8,-9.71622,-7.66216]},"faces":{"north":{"uv":[12.375,4.875,12.5,5.25],"texture":"#0"},"east":{"uv":[11.75,5.125,11.875,5.5],"texture":"#0"},"south":{"uv":[11.875,5,12,5.375],"texture":"#0"},"west":{"uv":[11.625,5,11.75,5.375],"texture":"#0"},"up":{"uv":[12,5,12.125,5.125],"texture":"#0"},"down":{"uv":[11.375,5.625,11.5,5.75],"texture":"#0"}}},{"from":[2,4.28378,12.33784],"to":[4,6.28378,14.33784],"rotation":{"angle":0,"axis":"y","origin":[-8,-9.71622,-7.66216]},"faces":{"north":{"uv":[11.5,4.875,11.625,5.125],"texture":"#0"},"east":{"uv":[12.125,5,12.25,5.125],"texture":"#0"},"south":{"uv":[11.5,5.125,11.625,5.25],"texture":"#0"},"west":{"uv":[11,5.25,11.125,5.375],"texture":"#0"},"down":{"uv":[12.125,5.5,12.25,5.625],"texture":"#0"}}},{"from":[2,4.28378,8.33784],"to":[4,6.28378,10.33784],"rotation":{"angle":0,"axis":"y","origin":[-8,-9.71622,-7.66216]},"faces":{"north":{"uv":[11.125,5.75,11.25,5.875],"texture":"#0"},"east":{"uv":[11.5,5.875,11.625,6],"texture":"#0"},"south":{"uv":[11.375,5,11.5,5.125],"texture":"#0"},"west":{"uv":[11,5.375,11.125,5.51111],"texture":"#0"},"down":{"uv":[11.875,5,12,5.125],"texture":"#0"}}},{"from":[2,4.28378,4.33784],"to":[4,6.28378,6.33784],"rotation":{"angle":0,"axis":"y","origin":[-8,-9.71622,-7.66216]},"faces":{"north":{"uv":[11.5,4.875,11.625,5.125],"texture":"#0"},"east":{"uv":[12.125,5,12.25,5.125],"texture":"#0"},"south":{"uv":[11.5,5.125,11.625,5.25],"texture":"#0"},"west":{"uv":[11,5.25,11.125,5.375],"texture":"#0"},"down":{"uv":[12.125,5.5,12.25,5.625],"texture":"#0"}}},{"from":[0,-1.71622,2.33784],"to":[2,4.28378,4.33784],"rotation":{"angle":0,"axis":"y","origin":[-8,-9.71622,-7.66216]},"faces":{"north":{"uv":[12.375,4.875,12.5,5.25],"texture":"#0"},"east":{"uv":[11.75,5.125,11.875,5.5],"texture":"#0"},"south":{"uv":[11.875,5,12,5.375],"texture":"#0"},"west":{"uv":[11.625,5,11.75,5.375],"texture":"#0"},"up":{"uv":[12,5,12.125,5.125],"texture":"#0"},"down":{"uv":[11.375,5.625,11.5,5.75],"texture":"#0"}}},{"from":[-2,-1.71622,8.33784],"to":[0,2.28378,10.33784],"rotation":{"angle":0,"axis":"y","origin":[-8,-9.71622,-7.66216]},"faces":{"north":{"uv":[11.5,5.11667,11.625,5.375],"texture":"#0"},"east":{"uv":[12,5,12.125,5.25],"texture":"#0"},"south":{"uv":[12.25,5.125,12.375,5.375],"texture":"#0"},"west":{"uv":[11.875,5.11667,12,5.375],"texture":"#0"},"up":{"uv":[11.875,5.125,12,5.25],"texture":"#0"},"down":{"uv":[11.5,5.25,11.625,5.375],"texture":"#0"}}},{"from":[0,2.28378,8.33784],"to":[2,4.28378,10.33784],"rotation":{"angle":0,"axis":"y","origin":[-8,-9.71622,-7.66216]},"faces":{"north":{"uv":[11.75,5.25,11.875,5.375],"texture":"#0"},"east":{"uv":[11.275,5.75,11.375,5.86667],"texture":"#0"},"south":{"uv":[11.125,5,11.25,5.125],"texture":"#0"},"west":{"uv":[11.25,5.625,11.375,5.75],"texture":"#0"},"up":{"uv":[11.375,5.25,11.5,5.375],"texture":"#0"},"down":{"uv":[11.5,5.25,11.625,5.375],"texture":"#0"}}},{"from":[2,14.28378,4.33784],"to":[6,16.28378,8.33784],"rotation":{"angle":0,"axis":"y","origin":[-8,-9.71622,-7.66216]},"faces":{"north":{"uv":[12.5,2.625,12.75,2.75],"texture":"#0"},"east":{"uv":[11.375,6.125,11.625,6.25],"texture":"#0"},"south":{"uv":[11.875,2,12.125,2.125],"texture":"#0"},"west":{"uv":[12.25,2.375,12.5,2.5],"texture":"#0"},"up":{"uv":[11.5,5.25,11.75,5.5],"texture":"#0"},"down":{"uv":[11.75,5.5,12,5.75],"texture":"#0"}}},{"from":[0,14.28378,6.33784],"to":[4,16.28378,12.33784],"rotation":{"angle":0,"axis":"y","origin":[-8,-9.71622,-7.66216]},"faces":{"north":{"uv":[11.525,2.25,11.75,2.375],"texture":"#0"},"east":{"uv":[11.875,2.5,12.25,2.625],"texture":"#0"},"south":{"uv":[12.125,2.875,12.375,3],"texture":"#0"},"west":{"uv":[11.375,5.125,11.75,5.25],"texture":"#0"},"up":{"uv":[11.5,5.25,11.75,5.625],"texture":"#0"},"down":{"uv":[11.625,2.5,12,3],"texture":"#0"}}},{"from":[-2,14.28378,8.33784],"to":[0,16.28378,10.33784],"rotation":{"angle":0,"axis":"y","origin":[-8,-9.71622,-7.66216]},"faces":{"north":{"uv":[12.125,2.75,12.25,2.875],"texture":"#0"},"east":{"uv":[11.25,5.25,11.375,5.375],"texture":"#0"},"west":{"uv":[12,2.75,12.125,2.875],"texture":"#0"},"up":{"uv":[11.625,5,11.75,5.125],"texture":"#0"},"down":{"uv":[12,2.25,12.125,2.375],"texture":"#0"}}},{"from":[0,14.28378,12.33784],"to":[2,16.28378,14.33784],"rotation":{"angle":0,"axis":"y","origin":[-8,-9.71622,-7.66216]},"faces":{"north":{"uv":[12.125,2.75,12.25,2.875],"texture":"#0"},"east":{"uv":[11.75,3,11.875,3.125],"texture":"#0"},"south":{"uv":[11.75,2.125,11.875,2.25],"texture":"#0"},"west":{"uv":[12.125,2.625,12.25,2.75],"texture":"#0"},"up":{"uv":[11.375,5.75,11.5,5.875],"texture":"#0"},"down":{"uv":[11.75,2.375,11.875,2.5],"texture":"#0"}}},{"from":[-4,14.28378,10.33784],"to":[0,16.28378,16.33784],"rotation":{"angle":0,"axis":"y","origin":[-8,-9.71622,-7.66216]},"faces":{"north":{"uv":[11.5,5.25,11.625,5.375],"texture":"#0"},"east":{"uv":[11.25,5.375,11.625,5.5],"texture":"#0"},"south":{"uv":[11.25,5.875,11.5,6],"texture":"#0"},"west":{"uv":[11.75,2.25,12.125,2.375],"texture":"#0"},"up":{"uv":[11.375,5.5,11.625,5.875],"texture":"#0"},"down":{"uv":[12,2.375,12.25,2.75],"texture":"#0"}}},{"from":[-4,16.28378,16.33784],"to":[-2,18.28378,18.33784],"rotation":{"angle":0,"axis":"y","origin":[-8,-9.71622,-7.66216]},"faces":{"north":{"uv":[11.75,1.75,11.875,1.875],"texture":"#0"},"east":{"uv":[11.875,2.375,12,2.5],"texture":"#0"},"south":{"uv":[11.75,2.5,11.875,2.625],"texture":"#0"},"west":{"uv":[12,2.625,12.125,2.75],"texture":"#0"},"up":{"uv":[11,6.375,11.125,6.5],"texture":"#0"},"down":{"uv":[11.625,5.375,11.75,5.5],"texture":"#0"}}},{"from":[4,6.28378,0.33784],"to":[12,14.28378,18.33784],"rotation":{"angle":0,"axis":"y","origin":[-8,-9.71622,-7.66216]},"faces":{"east":{"uv":[3.625,3.625,4.75,4],"texture":"#0"},"south":{"uv":[4.5,3.5,5,3.625],"texture":"#0"},"west":{"uv":[4.75,3.625,3.625,4],"texture":"#0"},"up":{"uv":[4,3.5,5.125,4],"rotation":270,"texture":"#0"},"down":{"uv":[2.875,4,4,4.5],"rotation":90,"texture":"#0"}}}],"groups":[{"name":"bone","origin":[8,9.71622,7.66216],"color":0,"configs":{"default":{},"variants":{}},"children":[{"name":"housefly","origin":[8,9.71621,7.66216],"color":0,"configs":{"default":{},"variants":{}},"children":[0,1,2,3,4,5,6,7,8,9,10,11,12,13,14,15,16,17,18,19,20,21,22,23,24,25,26,27,28,29,30,31,32,33,34,35,36,37,38,39,40,41,42,43,44,45,46,47,48,49,50,51,52,53,54,55,56,57,58,59,60,61,62,63,64,65,66,67,68,69,70,71,72,73]}]}]}
