{"textures":{"0":"omega-flowey:custom/pipe/polished_andesite"},"display":{"head":{"rotation":[0,180,0]}},"elements":[{"from":[4.99467,-0.43021,6.20051],"to":[6.19429,0.76942,9.79939],"rotation":{"angle":0,"axis":"y","origin":[7.39392,0.1696,7.99995]},"faces":{"north":{"uv":[4,0,0,4],"rotation":180,"texture":"#0"},"east":{"uv":[4,0,0,12],"rotation":90,"texture":"#0"},"south":{"uv":[4,0,0,4],"rotation":180,"texture":"#0"},"west":{"uv":[4,0,0,12],"rotation":90,"texture":"#0"},"up":{"uv":[12,0,0,4],"rotation":90,"texture":"#0"},"down":{"uv":[12,0,0,4],"rotation":90,"texture":"#0"}}},{"from":[4.99467,-1.62983,7.40014],"to":[6.19429,1.96904,8.59976],"rotation":{"angle":0,"axis":"y","origin":[7.69382,4.9681,8.29985]},"faces":{"north":{"uv":[4,0,0,12],"texture":"#0"},"east":{"uv":[4,0,0,12],"texture":"#0"},"south":{"uv":[4,0,0,12],"texture":"#0"},"west":{"uv":[4,0,0,12],"texture":"#0"},"up":{"uv":[4,0,0,4],"texture":"#0"},"down":{"uv":[4,0,0,4],"texture":"#0"}}},{"from":[6.19429,-1.62983,7.40014],"to":[7.39392,1.96904,8.59976],"rotation":{"angle":0,"axis":"y","origin":[7.69382,4.9681,8.29985]},"faces":{"north":{"uv":[4,0,0,12],"texture":"#0"},"east":{"uv":[4,0,0,12],"texture":"#0"},"south":{"uv":[4,0,0,12],"texture":"#0"},"west":{"uv":[4,0,0,12],"texture":"#0"},"up":{"uv":[4,0,0,4],"texture":"#0"},"down":{"uv":[4,0,0,4],"texture":"#0"}}},{"from":[6.19429,-0.43021,6.20051],"to":[7.39392,0.76942,9.79939],"rotation":{"angle":0,"axis":"y","origin":[7.39392,0.1696,7.99995]},"faces":{"north":{"uv":[4,0,0,4],"rotation":180,"texture":"#0"},"east":{"uv":[4,0,0,12],"rotation":90,"texture":"#0"},"south":{"uv":[4,0,0,4],"rotation":180,"texture":"#0"},"west":{"uv":[4,0,0,12],"rotation":90,"texture":"#0"},"up":{"uv":[12,0,0,4],"rotation":90,"texture":"#0"},"down":{"uv":[12,0,0,4],"rotation":90,"texture":"#0"}}},{"from":[7.39392,-0.43021,6.20051],"to":[8.59354,0.76942,9.79939],"rotation":{"angle":0,"axis":"y","origin":[7.39392,0.1696,7.99995]},"faces":{"north":{"uv":[4,0,0,4],"rotation":180,"texture":"#0"},"east":{"uv":[4,0,0,12],"rotation":90,"texture":"#0"},"south":{"uv":[4,0,0,4],"rotation":180,"texture":"#0"},"west":{"uv":[4,0,0,12],"rotation":90,"texture":"#0"},"up":{"uv":[12,0,0,4],"rotation":90,"texture":"#0"},"down":{"uv":[12,0,0,4],"rotation":90,"texture":"#0"}}},{"from":[7.39392,-1.62983,7.40014],"to":[8.59354,1.96904,8.59976],"rotation":{"angle":0,"axis":"y","origin":[7.69382,4.9681,8.29985]},"faces":{"north":{"uv":[4,0,0,12],"texture":"#0"},"east":{"uv":[4,0,0,12],"texture":"#0"},"south":{"uv":[4,0,0,12],"texture":"#0"},"west":{"uv":[4,0,0,12],"texture":"#0"},"up":{"uv":[4,0,0,4],"texture":"#0"},"down":{"uv":[4,0,0,4],"texture":"#0"}}},{"from":[8.59354,-1.62983,7.40014],"to":[9.79317,1.96904,8.59976],"rotation":{"angle":0,"axis":"y","origin":[7.69382,4.9681,8.29985]},"faces":{"north":{"uv":[4,0,0,12],"texture":"#0"},"east":{"uv":[4,0,0,12],"texture":"#0"},"south":{"uv":[4,0,0,12],"texture":"#0"},"west":{"uv":[4,0,0,12],"texture":"#0"},"up":{"uv":[4,0,0,4],"texture":"#0"},"down":{"uv":[4,0,0,4],"texture":"#0"}}},{"from":[8.59354,-0.43021,6.20051],"to":[9.79317,0.76942,9.79939],"rotation":{"angle":0,"axis":"y","origin":[7.39392,0.1696,7.99995]},"faces":{"north":{"uv":[4,0,0,4],"rotation":180,"texture":"#0"},"east":{"uv":[4,0,0,12],"rotation":90,"texture":"#0"},"south":{"uv":[4,0,0,4],"rotation":180,"texture":"#0"},"west":{"uv":[4,0,0,12],"rotation":90,"texture":"#0"},"up":{"uv":[12,0,0,4],"rotation":90,"texture":"#0"},"down":{"uv":[12,0,0,4],"rotation":90,"texture":"#0"}}},{"from":[9.79317,-1.62983,7.40014],"to":[10.99279,1.96904,8.59976],"rotation":{"angle":0,"axis":"y","origin":[7.69382,4.9681,8.29985]},"faces":{"north":{"uv":[4,0,0,12],"texture":"#0"},"east":{"uv":[4,0,0,12],"texture":"#0"},"south":{"uv":[4,0,0,12],"texture":"#0"},"west":{"uv":[4,0,0,12],"texture":"#0"},"up":{"uv":[4,0,0,4],"texture":"#0"},"down":{"uv":[4,0,0,4],"texture":"#0"}}},{"from":[9.79317,-0.43021,6.20051],"to":[10.99279,0.76942,9.79939],"rotation":{"angle":0,"axis":"y","origin":[7.39392,0.1696,7.99995]},"faces":{"north":{"uv":[4,0,0,4],"rotation":180,"texture":"#0"},"east":{"uv":[4,0,0,12],"rotation":90,"texture":"#0"},"south":{"uv":[4,0,0,4],"rotation":180,"texture":"#0"},"west":{"uv":[4,0,0,12],"rotation":90,"texture":"#0"},"up":{"uv":[12,0,0,4],"rotation":90,"texture":"#0"},"down":{"uv":[12,0,0,4],"rotation":90,"texture":"#0"}}},{"from":[10.99279,-0.43021,7.40014],"to":[12.19242,3.16867,8.59976],"rotation":{"angle":0,"axis":"y","origin":[7.69382,4.9681,8.29985]},"faces":{"north":{"uv":[4,0,0,12],"texture":"#0"},"east":{"uv":[4,0,0,12],"texture":"#0"},"south":{"uv":[4,0,0,12],"texture":"#0"},"west":{"uv":[4,0,0,12],"texture":"#0"},"up":{"uv":[4,0,0,4],"texture":"#0"},"down":{"uv":[4,0,0,4],"texture":"#0"}}},{"from":[10.99279,0.76942,6.20051],"to":[12.19242,1.96904,9.79939],"rotation":{"angle":0,"axis":"y","origin":[7.39392,0.1696,7.99995]},"faces":{"north":{"uv":[4,0,0,4],"rotation":180,"texture":"#0"},"east":{"uv":[4,0,0,12],"rotation":90,"texture":"#0"},"south":{"uv":[4,0,0,4],"rotation":180,"texture":"#0"},"west":{"uv":[4,0,0,12],"rotation":90,"texture":"#0"},"up":{"uv":[12,0,0,4],"rotation":90,"texture":"#0"},"down":{"uv":[12,0,0,4],"rotation":90,"texture":"#0"}}},{"from":[12.19242,-0.43021,7.40014],"to":[13.39204,3.16867,8.59976],"rotation":{"angle":0,"axis":"y","origin":[7.69382,4.9681,8.29985]},"faces":{"north":{"uv":[4,0,0,12],"texture":"#0"},"east":{"uv":[4,0,0,12],"texture":"#0"},"south":{"uv":[4,0,0,12],"texture":"#0"},"west":{"uv":[4,0,0,12],"texture":"#0"},"up":{"uv":[4,0,0,4],"texture":"#0"},"down":{"uv":[4,0,0,4],"texture":"#0"}}},{"from":[12.19242,0.76942,6.20051],"to":[13.39204,1.96904,9.79939],"rotation":{"angle":0,"axis":"y","origin":[7.39392,0.1696,7.99995]},"faces":{"north":{"uv":[4,0,0,4],"rotation":180,"texture":"#0"},"east":{"uv":[4,0,0,12],"rotation":90,"texture":"#0"},"south":{"uv":[4,0,0,4],"rotation":180,"texture":"#0"},"west":{"uv":[4,0,0,12],"rotation":90,"texture":"#0"},"up":{"uv":[12,0,0,4],"rotation":90,"texture":"#0"},"down":{"uv":[12,0,0,4],"rotation":90,"texture":"#0"}}},{"from":[13.39204,-0.43021,7.40014],"to":[14.59167,3.16867,8.59976],"rotation":{"angle":0,"axis":"y","origin":[7.69382,4.9681,8.29985]},"faces":{"north":{"uv":[4,0,0,12],"texture":"#0"},"east":{"uv":[4,0,0,12],"texture":"#0"},"south":{"uv":[4,0,0,12],"texture":"#0"},"west":{"uv":[4,0,0,12],"texture":"#0"},"up":{"uv":[4,0,0,4],"texture":"#0"},"down":{"uv":[4,0,0,4],"texture":"#0"}}},{"from":[13.39204,0.76942,6.20051],"to":[14.59167,1.96904,9.79939],"rotation":{"angle":0,"axis":"y","origin":[7.39392,0.1696,7.99995]},"faces":{"north":{"uv":[4,0,0,4],"rotation":180,"texture":"#0"},"east":{"uv":[4,0,0,12],"rotation":90,"texture":"#0"},"south":{"uv":[4,0,0,4],"rotation":180,"texture":"#0"},"west":{"uv":[4,0,0,12],"rotation":90,"texture":"#0"},"up":{"uv":[12,0,0,4],"rotation":90,"texture":"#0"},"down":{"uv":[12,0,0,4],"rotation":90,"texture":"#0"}}},{"from":[14.59167,1.96904,6.20051],"to":[15.79129,3.16867,9.79939],"rotation":{"angle":0,"axis":"y","origin":[7.39392,0.1696,7.99995]},"faces":{"north":{"uv":[4,0,0,4],"rotation":180,"texture":"#0"},"east":{"uv":[4,0,0,12],"rotation":90,"texture":"#0"},"south":{"uv":[4,0,0,4],"rotation":180,"texture":"#0"},"west":{"uv":[4,0,0,12],"rotation":90,"texture":"#0"},"up":{"uv":[12,0,0,4],"rotation":90,"texture":"#0"},"down":{"uv":[12,0,0,4],"rotation":90,"texture":"#0"}}},{"from":[14.59167,0.76942,7.40014],"to":[15.79129,4.36829,8.59976],"rotation":{"angle":0,"axis":"y","origin":[7.69382,4.9681,8.29985]},"faces":{"north":{"uv":[4,0,0,12],"texture":"#0"},"east":{"uv":[4,0,0,12],"texture":"#0"},"south":{"uv":[4,0,0,12],"texture":"#0"},"west":{"uv":[4,0,0,12],"texture":"#0"},"up":{"uv":[4,0,0,4],"texture":"#0"},"down":{"uv":[4,0,0,4],"texture":"#0"}}},{"from":[15.79129,3.16867,6.20051],"to":[16.99092,4.36829,9.79939],"rotation":{"angle":0,"axis":"y","origin":[7.39392,0.1696,7.99995]},"faces":{"north":{"uv":[4,0,0,4],"rotation":180,"texture":"#0"},"east":{"uv":[4,0,0,12],"rotation":90,"texture":"#0"},"south":{"uv":[4,0,0,4],"rotation":180,"texture":"#0"},"west":{"uv":[4,0,0,12],"rotation":90,"texture":"#0"},"up":{"uv":[12,0,0,4],"rotation":90,"texture":"#0"},"down":{"uv":[12,0,0,4],"rotation":90,"texture":"#0"}}},{"from":[15.79691,4.36267,7.56321],"to":[16.98529,5.55667,8.44418],"rotation":{"angle":0,"axis":"y","origin":[7.69382,4.9681,8.29985]},"faces":{"north":{"uv":[4,0,0,4],"texture":"#0"},"east":{"uv":[4,0,0,4],"texture":"#0"},"south":{"uv":[4,0,0,4],"texture":"#0"},"west":{"uv":[4,0,0,4],"texture":"#0"},"up":{"uv":[4,0,0,4],"texture":"#0"},"down":{"uv":[4,0,0,4],"texture":"#0"}}},{"from":[15.79129,0.76942,7.40014],"to":[16.99092,4.36829,8.59976],"rotation":{"angle":0,"axis":"y","origin":[7.69382,4.9681,8.29985]},"faces":{"north":{"uv":[4,0,0,12],"texture":"#0"},"east":{"uv":[4,0,0,12],"texture":"#0"},"south":{"uv":[4,0,0,12],"texture":"#0"},"west":{"uv":[4,0,0,12],"texture":"#0"},"up":{"uv":[4,0,0,4],"texture":"#0"},"down":{"uv":[4,0,0,4],"texture":"#0"}}},{"from":[16.99092,4.36829,6.20051],"to":[18.19054,5.56792,9.79939],"rotation":{"angle":0,"axis":"y","origin":[7.39392,0.1696,7.99995]},"faces":{"north":{"uv":[4,0,0,4],"rotation":180,"texture":"#0"},"east":{"uv":[4,0,0,12],"rotation":90,"texture":"#0"},"south":{"uv":[4,0,0,4],"rotation":180,"texture":"#0"},"west":{"uv":[4,0,0,12],"rotation":90,"texture":"#0"},"up":{"uv":[12,0,0,4],"rotation":90,"texture":"#0"},"down":{"uv":[12,0,0,4],"rotation":90,"texture":"#0"}}},{"from":[16.99092,1.96904,7.40014],"to":[18.19054,4.36829,8.59976],"rotation":{"angle":0,"axis":"y","origin":[7.69382,4.9681,8.29985]},"faces":{"north":{"uv":[4,0,0,8],"texture":"#0"},"east":{"uv":[4,0,0,8],"texture":"#0"},"south":{"uv":[4,0,0,8],"texture":"#0"},"west":{"uv":[4,0,0,8],"texture":"#0"},"up":{"uv":[4,0,0,4],"texture":"#0"},"down":{"uv":[4,0,0,4],"texture":"#0"}}},{"from":[15.79129,4.36829,7.40014],"to":[19.39017,5.56792,8.59976],"rotation":{"angle":0,"axis":"y","origin":[16.3911,3.46857,7.99995]},"faces":{"north":{"uv":[12,0,0,4],"texture":"#0"},"east":{"uv":[4,0,0,4],"texture":"#0"},"south":{"uv":[12,0,0,4],"texture":"#0"},"west":{"uv":[4,0,0,4],"texture":"#0"},"up":{"uv":[12,0,0,4],"texture":"#0"},"down":{"uv":[12,0,0,4],"texture":"#0"}}},{"from":[15.79129,5.56792,7.40014],"to":[19.39017,6.76754,8.59976],"rotation":{"angle":0,"axis":"y","origin":[16.3911,3.46857,7.99995]},"faces":{"north":{"uv":[12,0,0,4],"texture":"#0"},"east":{"uv":[4,0,0,4],"texture":"#0"},"south":{"uv":[12,0,0,4],"texture":"#0"},"west":{"uv":[4,0,0,4],"texture":"#0"},"up":{"uv":[12,0,0,4],"texture":"#0"},"down":{"uv":[12,0,0,4],"texture":"#0"}}},{"from":[16.99092,5.56792,6.20051],"to":[18.19054,6.76754,9.79939],"rotation":{"angle":0,"axis":"y","origin":[7.39392,0.1696,7.99995]},"faces":{"north":{"uv":[4,0,0,4],"rotation":180,"texture":"#0"},"east":{"uv":[4,0,0,12],"rotation":90,"texture":"#0"},"south":{"uv":[4,0,0,4],"rotation":180,"texture":"#0"},"west":{"uv":[4,0,0,12],"rotation":90,"texture":"#0"},"up":{"uv":[12,0,0,4],"rotation":90,"texture":"#0"},"down":{"uv":[12,0,0,4],"rotation":90,"texture":"#0"}}},{"from":[16.99092,6.76754,6.20051],"to":[18.19054,7.96717,9.79939],"rotation":{"angle":0,"axis":"y","origin":[7.39392,0.1696,7.99995]},"faces":{"north":{"uv":[4,0,0,4],"rotation":180,"texture":"#0"},"east":{"uv":[4,0,0,12],"rotation":90,"texture":"#0"},"south":{"uv":[4,0,0,4],"rotation":180,"texture":"#0"},"west":{"uv":[4,0,0,12],"rotation":90,"texture":"#0"},"up":{"uv":[12,0,0,4],"rotation":90,"texture":"#0"},"down":{"uv":[12,0,0,4],"rotation":90,"texture":"#0"}}},{"from":[15.79129,6.76754,7.40014],"to":[19.39017,7.96717,8.59976],"rotation":{"angle":0,"axis":"y","origin":[16.3911,3.46857,7.99995]},"faces":{"north":{"uv":[12,0,0,4],"texture":"#0"},"east":{"uv":[4,0,0,4],"texture":"#0"},"south":{"uv":[12,0,0,4],"texture":"#0"},"west":{"uv":[4,0,0,4],"texture":"#0"},"up":{"uv":[12,0,0,4],"texture":"#0"},"down":{"uv":[12,0,0,4],"texture":"#0"}}},{"from":[16.99092,7.96717,6.20051],"to":[18.19054,9.16679,9.79939],"rotation":{"angle":0,"axis":"y","origin":[7.39392,0.1696,7.99995]},"faces":{"north":{"uv":[4,0,0,4],"rotation":180,"texture":"#0"},"east":{"uv":[4,0,0,12],"rotation":90,"texture":"#0"},"south":{"uv":[4,0,0,4],"rotation":180,"texture":"#0"},"west":{"uv":[4,0,0,12],"rotation":90,"texture":"#0"},"up":{"uv":[12,0,0,4],"rotation":90,"texture":"#0"},"down":{"uv":[12,0,0,4],"rotation":90,"texture":"#0"}}},{"from":[15.79129,7.96717,7.40014],"to":[19.39017,9.16679,8.59976],"rotation":{"angle":0,"axis":"y","origin":[16.3911,3.46857,7.99995]},"faces":{"north":{"uv":[12,0,0,4],"texture":"#0"},"east":{"uv":[4,0,0,4],"texture":"#0"},"south":{"uv":[12,0,0,4],"texture":"#0"},"west":{"uv":[4,0,0,4],"texture":"#0"},"up":{"uv":[12,0,0,4],"texture":"#0"},"down":{"uv":[12,0,0,4],"texture":"#0"}}},{"from":[16.99092,9.16679,6.20051],"to":[18.19054,10.36642,9.79939],"rotation":{"angle":0,"axis":"y","origin":[7.39392,0.1696,7.99995]},"faces":{"north":{"uv":[4,0,0,4],"rotation":180,"texture":"#0"},"east":{"uv":[4,0,0,12],"rotation":90,"texture":"#0"},"south":{"uv":[4,0,0,4],"rotation":180,"texture":"#0"},"west":{"uv":[4,0,0,12],"rotation":90,"texture":"#0"},"up":{"uv":[12,0,0,4],"rotation":90,"texture":"#0"},"down":{"uv":[12,0,0,4],"rotation":90,"texture":"#0"}}},{"from":[15.80254,10.36642,7.55759],"to":[18.18117,11.56042,8.44418],"rotation":{"angle":0,"axis":"y","origin":[16.3911,3.46857,7.99995]},"faces":{"north":{"uv":[8,0,0,4],"texture":"#0"},"east":{"uv":[4,0,0,4],"texture":"#0"},"south":{"uv":[8,0,0,4],"texture":"#0"},"west":{"uv":[4,0,0,4],"texture":"#0"},"up":{"uv":[8,0,0,4],"texture":"#0"},"down":{"uv":[8,0,0,4],"texture":"#0"}}},{"from":[15.79129,9.16679,7.40014],"to":[19.39017,10.36642,8.59976],"rotation":{"angle":0,"axis":"y","origin":[16.3911,3.46857,7.99995]},"faces":{"north":{"uv":[12,0,0,4],"texture":"#0"},"east":{"uv":[4,0,0,4],"texture":"#0"},"south":{"uv":[12,0,0,4],"texture":"#0"},"west":{"uv":[4,0,0,4],"texture":"#0"},"up":{"uv":[12,0,0,4],"texture":"#0"},"down":{"uv":[12,0,0,4],"texture":"#0"}}},{"from":[15.79129,10.36642,7.40014],"to":[16.99092,13.96529,8.59976],"rotation":{"angle":0,"axis":"y","origin":[7.69382,4.9681,8.29985]},"faces":{"north":{"uv":[4,0,0,12],"texture":"#0"},"east":{"uv":[4,0,0,12],"texture":"#0"},"south":{"uv":[4,0,0,12],"texture":"#0"},"west":{"uv":[4,0,0,12],"texture":"#0"},"up":{"uv":[4,0,0,4],"texture":"#0"},"down":{"uv":[4,0,0,4],"texture":"#0"}}},{"from":[15.79129,11.56604,6.20051],"to":[16.99092,12.76567,9.79939],"rotation":{"angle":0,"axis":"y","origin":[7.39392,0.1696,7.99995]},"faces":{"north":{"uv":[4,0,0,4],"rotation":180,"texture":"#0"},"east":{"uv":[4,0,0,12],"rotation":90,"texture":"#0"},"south":{"uv":[4,0,0,4],"rotation":180,"texture":"#0"},"west":{"uv":[4,0,0,12],"rotation":90,"texture":"#0"},"up":{"uv":[12,0,0,4],"rotation":90,"texture":"#0"},"down":{"uv":[12,0,0,4],"rotation":90,"texture":"#0"}}},{"from":[15.79129,10.36642,6.20051],"to":[16.99092,11.56604,9.79939],"rotation":{"angle":0,"axis":"y","origin":[7.39392,0.1696,7.99995]},"faces":{"north":{"uv":[4,0,0,4],"rotation":180,"texture":"#0"},"east":{"uv":[4,0,0,12],"rotation":90,"texture":"#0"},"south":{"uv":[4,0,0,4],"rotation":180,"texture":"#0"},"west":{"uv":[4,0,0,12],"rotation":90,"texture":"#0"},"up":{"uv":[12,0,0,4],"rotation":90,"texture":"#0"},"down":{"uv":[12,0,0,4],"rotation":90,"texture":"#0"}}},{"from":[16.99092,10.36642,7.40014],"to":[18.19054,12.76567,8.59976],"rotation":{"angle":0,"axis":"y","origin":[7.69382,4.9681,8.29985]},"faces":{"north":{"uv":[4,0,0,8],"texture":"#0"},"east":{"uv":[4,0,0,8],"texture":"#0"},"south":{"uv":[4,0,0,8],"texture":"#0"},"west":{"uv":[4,0,0,8],"texture":"#0"},"up":{"uv":[4,0,0,4],"texture":"#0"},"down":{"uv":[4,0,0,4],"texture":"#0"}}},{"from":[14.59167,12.76567,6.20051],"to":[15.79129,13.96529,9.79939],"rotation":{"angle":0,"axis":"y","origin":[7.39392,0.1696,7.99995]},"faces":{"north":{"uv":[4,0,0,4],"rotation":180,"texture":"#0"},"east":{"uv":[4,0,0,12],"rotation":90,"texture":"#0"},"south":{"uv":[4,0,0,4],"rotation":180,"texture":"#0"},"west":{"uv":[4,0,0,12],"rotation":90,"texture":"#0"},"up":{"uv":[12,0,0,4],"rotation":90,"texture":"#0"},"down":{"uv":[12,0,0,4],"rotation":90,"texture":"#0"}}},{"from":[14.59167,11.56604,6.20051],"to":[15.79129,12.76567,9.79939],"rotation":{"angle":0,"axis":"y","origin":[7.39392,0.1696,7.99995]},"faces":{"north":{"uv":[4,0,0,4],"rotation":180,"texture":"#0"},"east":{"uv":[4,0,0,12],"rotation":90,"texture":"#0"},"south":{"uv":[4,0,0,4],"rotation":180,"texture":"#0"},"west":{"uv":[4,0,0,12],"rotation":90,"texture":"#0"},"up":{"uv":[12,0,0,4],"rotation":90,"texture":"#0"},"down":{"uv":[12,0,0,4],"rotation":90,"texture":"#0"}}},{"from":[14.59167,10.36642,7.40014],"to":[15.79129,15.16492,8.59976],"rotation":{"angle":0,"axis":"y","origin":[7.69382,4.9681,8.29985]},"faces":{"north":{"uv":[4,0,0,16],"texture":"#0"},"east":{"uv":[4,0,0,16],"texture":"#0"},"south":{"uv":[4,0,0,16],"texture":"#0"},"west":{"uv":[4,0,0,16],"texture":"#0"},"up":{"uv":[4,0,0,4],"texture":"#0"},"down":{"uv":[4,0,0,4],"texture":"#0"}}},{"from":[13.39204,13.96529,6.20051],"to":[14.59167,15.16492,9.79939],"rotation":{"angle":0,"axis":"y","origin":[7.39392,0.1696,7.99995]},"faces":{"north":{"uv":[4,0,0,4],"rotation":180,"texture":"#0"},"east":{"uv":[4,0,0,12],"rotation":90,"texture":"#0"},"south":{"uv":[4,0,0,4],"rotation":180,"texture":"#0"},"west":{"uv":[4,0,0,12],"rotation":90,"texture":"#0"},"up":{"uv":[12,0,0,4],"rotation":90,"texture":"#0"},"down":{"uv":[12,0,0,4],"rotation":90,"texture":"#0"}}},{"from":[13.39204,12.76567,6.20051],"to":[14.59167,13.96529,9.79939],"rotation":{"angle":0,"axis":"y","origin":[7.39392,0.1696,7.99995]},"faces":{"north":{"uv":[4,0,0,4],"rotation":180,"texture":"#0"},"east":{"uv":[4,0,0,12],"rotation":90,"texture":"#0"},"south":{"uv":[4,0,0,4],"rotation":180,"texture":"#0"},"west":{"uv":[4,0,0,12],"rotation":90,"texture":"#0"},"up":{"uv":[12,0,0,4],"rotation":90,"texture":"#0"},"down":{"uv":[12,0,0,4],"rotation":90,"texture":"#0"}}},{"from":[13.39204,11.56604,7.40014],"to":[14.59167,16.36454,8.59976],"rotation":{"angle":0,"axis":"y","origin":[7.69382,4.9681,8.29985]},"faces":{"north":{"uv":[4,0,0,16],"texture":"#0"},"east":{"uv":[4,0,0,16],"texture":"#0"},"south":{"uv":[4,0,0,16],"texture":"#0"},"west":{"uv":[4,0,0,16],"texture":"#0"},"up":{"uv":[4,0,0,4],"texture":"#0"},"down":{"uv":[4,0,0,4],"texture":"#0"}}},{"from":[12.19242,13.96529,6.20051],"to":[13.39204,15.16492,9.79939],"rotation":{"angle":0,"axis":"y","origin":[7.39392,0.1696,7.99995]},"faces":{"north":{"uv":[4,0,0,4],"rotation":180,"texture":"#0"},"east":{"uv":[4,0,0,12],"rotation":90,"texture":"#0"},"south":{"uv":[4,0,0,4],"rotation":180,"texture":"#0"},"west":{"uv":[4,0,0,12],"rotation":90,"texture":"#0"},"up":{"uv":[12,0,0,4],"rotation":90,"texture":"#0"},"down":{"uv":[12,0,0,4],"rotation":90,"texture":"#0"}}},{"from":[12.19242,12.76567,7.40014],"to":[13.39204,16.36454,8.59976],"rotation":{"angle":0,"axis":"y","origin":[7.69382,4.9681,8.29985]},"faces":{"north":{"uv":[4,0,0,12],"texture":"#0"},"east":{"uv":[4,0,0,12],"texture":"#0"},"south":{"uv":[4,0,0,12],"texture":"#0"},"west":{"uv":[4,0,0,12],"texture":"#0"},"up":{"uv":[4,0,0,4],"texture":"#0"},"down":{"uv":[4,0,0,4],"texture":"#0"}}},{"from":[10.99279,13.96529,6.20051],"to":[12.19242,15.16492,9.79939],"rotation":{"angle":0,"axis":"y","origin":[7.39392,0.1696,7.99995]},"faces":{"north":{"uv":[4,0,0,4],"rotation":180,"texture":"#0"},"east":{"uv":[4,0,0,12],"rotation":90,"texture":"#0"},"south":{"uv":[4,0,0,4],"rotation":180,"texture":"#0"},"west":{"uv":[4,0,0,12],"rotation":90,"texture":"#0"},"up":{"uv":[12,0,0,4],"rotation":90,"texture":"#0"},"down":{"uv":[12,0,0,4],"rotation":90,"texture":"#0"}}},{"from":[10.99279,12.76567,7.40014],"to":[12.19242,16.36454,8.59976],"rotation":{"angle":0,"axis":"y","origin":[7.69382,4.9681,8.29985]},"faces":{"north":{"uv":[4,0,0,12],"texture":"#0"},"east":{"uv":[4,0,0,12],"texture":"#0"},"south":{"uv":[4,0,0,12],"texture":"#0"},"west":{"uv":[4,0,0,12],"texture":"#0"},"up":{"uv":[4,0,0,4],"texture":"#0"},"down":{"uv":[4,0,0,4],"texture":"#0"}}},{"from":[9.79317,15.16492,6.20051],"to":[10.99279,16.36454,9.79939],"rotation":{"angle":0,"axis":"y","origin":[7.39392,0.1696,7.99995]},"faces":{"north":{"uv":[4,0,0,4],"rotation":180,"texture":"#0"},"east":{"uv":[4,0,0,12],"rotation":90,"texture":"#0"},"south":{"uv":[4,0,0,4],"rotation":180,"texture":"#0"},"west":{"uv":[4,0,0,12],"rotation":90,"texture":"#0"},"up":{"uv":[12,0,0,4],"rotation":90,"texture":"#0"},"down":{"uv":[12,0,0,4],"rotation":90,"texture":"#0"}}},{"from":[9.79317,13.96529,7.40014],"to":[10.99279,17.56417,8.59976],"rotation":{"angle":0,"axis":"y","origin":[7.69382,4.9681,8.29985]},"faces":{"north":{"uv":[4,0,0,12],"texture":"#0"},"east":{"uv":[4,0,0,12],"texture":"#0"},"south":{"uv":[4,0,0,12],"texture":"#0"},"west":{"uv":[4,0,0,12],"texture":"#0"},"up":{"uv":[4,0,0,4],"texture":"#0"},"down":{"uv":[4,0,0,4],"texture":"#0"}}},{"from":[8.59354,15.16492,6.20051],"to":[9.79317,16.36454,9.79939],"rotation":{"angle":0,"axis":"y","origin":[7.39392,0.1696,7.99995]},"faces":{"north":{"uv":[4,0,0,4],"rotation":180,"texture":"#0"},"east":{"uv":[4,0,0,12],"rotation":90,"texture":"#0"},"south":{"uv":[4,0,0,4],"rotation":180,"texture":"#0"},"west":{"uv":[4,0,0,12],"rotation":90,"texture":"#0"},"up":{"uv":[12,0,0,4],"rotation":90,"texture":"#0"},"down":{"uv":[12,0,0,4],"rotation":90,"texture":"#0"}}},{"from":[8.59354,13.96529,7.40014],"to":[9.79317,17.56417,8.59976],"rotation":{"angle":0,"axis":"y","origin":[7.69382,4.9681,8.29985]},"faces":{"north":{"uv":[4,0,0,12],"texture":"#0"},"east":{"uv":[4,0,0,12],"texture":"#0"},"south":{"uv":[4,0,0,12],"texture":"#0"},"west":{"uv":[4,0,0,12],"texture":"#0"},"up":{"uv":[4,0,0,4],"texture":"#0"},"down":{"uv":[4,0,0,4],"texture":"#0"}}},{"from":[7.39392,15.16492,6.20051],"to":[8.59354,16.36454,9.79939],"rotation":{"angle":0,"axis":"y","origin":[7.39392,0.1696,7.99995]},"faces":{"north":{"uv":[4,0,0,4],"rotation":180,"texture":"#0"},"east":{"uv":[4,0,0,12],"rotation":90,"texture":"#0"},"south":{"uv":[4,0,0,4],"rotation":180,"texture":"#0"},"west":{"uv":[4,0,0,12],"rotation":90,"texture":"#0"},"up":{"uv":[12,0,0,4],"rotation":90,"texture":"#0"},"down":{"uv":[12,0,0,4],"rotation":90,"texture":"#0"}}},{"from":[7.39392,13.96529,7.40014],"to":[8.59354,17.56417,8.59976],"rotation":{"angle":0,"axis":"y","origin":[7.69382,4.9681,8.29985]},"faces":{"north":{"uv":[4,0,0,12],"texture":"#0"},"east":{"uv":[4,0,0,12],"texture":"#0"},"south":{"uv":[4,0,0,12],"texture":"#0"},"west":{"uv":[4,0,0,12],"texture":"#0"},"up":{"uv":[4,0,0,4],"texture":"#0"},"down":{"uv":[4,0,0,4],"texture":"#0"}}},{"from":[6.19429,15.16492,6.20051],"to":[7.39392,16.36454,9.79939],"rotation":{"angle":0,"axis":"y","origin":[7.39392,0.1696,7.99995]},"faces":{"north":{"uv":[4,0,0,4],"rotation":180,"texture":"#0"},"east":{"uv":[4,0,0,12],"rotation":90,"texture":"#0"},"south":{"uv":[4,0,0,4],"rotation":180,"texture":"#0"},"west":{"uv":[4,0,0,12],"rotation":90,"texture":"#0"},"up":{"uv":[12,0,0,4],"rotation":90,"texture":"#0"},"down":{"uv":[12,0,0,4],"rotation":90,"texture":"#0"}}},{"from":[6.19429,13.96529,7.40014],"to":[7.39392,17.56417,8.59976],"rotation":{"angle":0,"axis":"y","origin":[7.69382,4.9681,8.29985]},"faces":{"north":{"uv":[4,0,0,12],"texture":"#0"},"east":{"uv":[4,0,0,12],"texture":"#0"},"south":{"uv":[4,0,0,12],"texture":"#0"},"west":{"uv":[4,0,0,12],"texture":"#0"},"up":{"uv":[4,0,0,4],"texture":"#0"},"down":{"uv":[4,0,0,4],"texture":"#0"}}},{"from":[4.99467,15.16492,6.20051],"to":[6.19429,16.36454,9.79939],"rotation":{"angle":0,"axis":"y","origin":[7.39392,0.1696,7.99995]},"faces":{"north":{"uv":[4,0,0,4],"rotation":180,"texture":"#0"},"east":{"uv":[4,0,0,12],"rotation":90,"texture":"#0"},"south":{"uv":[4,0,0,4],"rotation":180,"texture":"#0"},"west":{"uv":[4,0,0,12],"rotation":90,"texture":"#0"},"up":{"uv":[12,0,0,4],"rotation":90,"texture":"#0"},"down":{"uv":[12,0,0,4],"rotation":90,"texture":"#0"}}},{"from":[4.99467,13.96529,7.40014],"to":[6.19429,17.56417,8.59976],"rotation":{"angle":0,"axis":"y","origin":[7.69382,4.9681,8.29985]},"faces":{"north":{"uv":[4,0,0,12],"texture":"#0"},"east":{"uv":[4,0,0,12],"texture":"#0"},"south":{"uv":[4,0,0,12],"texture":"#0"},"west":{"uv":[4,0,0,12],"texture":"#0"},"up":{"uv":[4,0,0,4],"texture":"#0"},"down":{"uv":[4,0,0,4],"texture":"#0"}}},{"from":[3.79504,13.96529,6.20051],"to":[4.99467,15.16492,9.79939],"rotation":{"angle":0,"axis":"y","origin":[7.39392,0.1696,7.99995]},"faces":{"north":{"uv":[4,0,0,4],"rotation":180,"texture":"#0"},"east":{"uv":[4,0,0,12],"rotation":90,"texture":"#0"},"south":{"uv":[4,0,0,4],"rotation":180,"texture":"#0"},"west":{"uv":[4,0,0,12],"rotation":90,"texture":"#0"},"up":{"uv":[12,0,0,4],"rotation":90,"texture":"#0"},"down":{"uv":[12,0,0,4],"rotation":90,"texture":"#0"}}},{"from":[3.79504,12.76567,7.40014],"to":[4.99467,16.36454,8.59976],"rotation":{"angle":0,"axis":"y","origin":[7.69382,4.9681,8.29985]},"faces":{"north":{"uv":[4,0,0,12],"texture":"#0"},"east":{"uv":[4,0,0,12],"texture":"#0"},"south":{"uv":[4,0,0,12],"texture":"#0"},"west":{"uv":[4,0,0,12],"texture":"#0"},"up":{"uv":[4,0,0,4],"texture":"#0"},"down":{"uv":[4,0,0,4],"texture":"#0"}}},{"from":[2.59542,13.96529,6.20051],"to":[3.79504,15.16492,9.79939],"rotation":{"angle":0,"axis":"y","origin":[7.39392,0.1696,7.99995]},"faces":{"north":{"uv":[4,0,0,4],"rotation":180,"texture":"#0"},"east":{"uv":[4,0,0,12],"rotation":90,"texture":"#0"},"south":{"uv":[4,0,0,4],"rotation":180,"texture":"#0"},"west":{"uv":[4,0,0,12],"rotation":90,"texture":"#0"},"up":{"uv":[12,0,0,4],"rotation":90,"texture":"#0"},"down":{"uv":[12,0,0,4],"rotation":90,"texture":"#0"}}},{"from":[2.59542,12.76567,7.40014],"to":[3.79504,16.36454,8.59976],"rotation":{"angle":0,"axis":"y","origin":[7.69382,4.9681,8.29985]},"faces":{"north":{"uv":[4,0,0,12],"texture":"#0"},"east":{"uv":[4,0,0,12],"texture":"#0"},"south":{"uv":[4,0,0,12],"texture":"#0"},"west":{"uv":[4,0,0,12],"texture":"#0"},"up":{"uv":[4,0,0,4],"texture":"#0"},"down":{"uv":[4,0,0,4],"texture":"#0"}}},{"from":[1.39579,13.96529,6.20051],"to":[2.59542,15.16492,9.79939],"rotation":{"angle":0,"axis":"y","origin":[7.39392,0.1696,7.99995]},"faces":{"north":{"uv":[4,0,0,4],"rotation":180,"texture":"#0"},"east":{"uv":[4,0,0,12],"rotation":90,"texture":"#0"},"south":{"uv":[4,0,0,4],"rotation":180,"texture":"#0"},"west":{"uv":[4,0,0,12],"rotation":90,"texture":"#0"},"up":{"uv":[12,0,0,4],"rotation":90,"texture":"#0"},"down":{"uv":[12,0,0,4],"rotation":90,"texture":"#0"}}},{"from":[1.39579,12.76567,7.40014],"to":[2.59542,16.36454,8.59976],"rotation":{"angle":0,"axis":"y","origin":[7.69382,4.9681,8.29985]},"faces":{"north":{"uv":[4,0,0,12],"texture":"#0"},"east":{"uv":[4,0,0,12],"texture":"#0"},"south":{"uv":[4,0,0,12],"texture":"#0"},"west":{"uv":[4,0,0,12],"texture":"#0"},"up":{"uv":[4,0,0,4],"texture":"#0"},"down":{"uv":[4,0,0,4],"texture":"#0"}}},{"from":[0.19616,12.76567,6.20051],"to":[1.39579,13.96529,9.79939],"rotation":{"angle":0,"axis":"y","origin":[7.39392,0.1696,7.99995]},"faces":{"north":{"uv":[4,0,0,4],"rotation":180,"texture":"#0"},"east":{"uv":[4,0,0,12],"rotation":90,"texture":"#0"},"south":{"uv":[4,0,0,4],"rotation":180,"texture":"#0"},"west":{"uv":[4,0,0,12],"rotation":90,"texture":"#0"},"up":{"uv":[12,0,0,4],"rotation":90,"texture":"#0"},"down":{"uv":[12,0,0,4],"rotation":90,"texture":"#0"}}},{"from":[0.19616,11.56604,7.40014],"to":[1.39579,15.16492,8.59976],"rotation":{"angle":0,"axis":"y","origin":[7.69382,4.9681,8.29985]},"faces":{"north":{"uv":[4,0,0,12],"texture":"#0"},"east":{"uv":[4,0,0,12],"texture":"#0"},"south":{"uv":[4,0,0,12],"texture":"#0"},"west":{"uv":[4,0,0,12],"texture":"#0"},"up":{"uv":[4,0,0,4],"texture":"#0"},"down":{"uv":[4,0,0,4],"texture":"#0"}}},{"from":[-1.00346,11.56604,6.20051],"to":[0.19616,12.76567,9.79939],"rotation":{"angle":0,"axis":"y","origin":[7.39392,0.1696,7.99995]},"faces":{"north":{"uv":[4,0,0,4],"rotation":180,"texture":"#0"},"east":{"uv":[4,0,0,12],"rotation":90,"texture":"#0"},"south":{"uv":[4,0,0,4],"rotation":180,"texture":"#0"},"west":{"uv":[4,0,0,12],"rotation":90,"texture":"#0"},"up":{"uv":[12,0,0,4],"rotation":90,"texture":"#0"},"down":{"uv":[12,0,0,4],"rotation":90,"texture":"#0"}}},{"from":[-1.00346,10.36642,7.40014],"to":[0.19616,13.96529,8.59976],"rotation":{"angle":0,"axis":"y","origin":[7.69382,4.9681,8.29985]},"faces":{"north":{"uv":[4,0,0,12],"texture":"#0"},"east":{"uv":[4,0,0,12],"texture":"#0"},"south":{"uv":[4,0,0,12],"texture":"#0"},"west":{"uv":[4,0,0,12],"texture":"#0"},"up":{"uv":[4,0,0,4],"texture":"#0"},"down":{"uv":[4,0,0,4],"texture":"#0"}}},{"from":[-2.20309,11.56604,6.20051],"to":[-1.00346,12.76567,9.79939],"rotation":{"angle":0,"axis":"y","origin":[7.39392,0.1696,7.99995]},"faces":{"north":{"uv":[4,0,0,4],"rotation":180,"texture":"#0"},"east":{"uv":[4,0,0,12],"rotation":90,"texture":"#0"},"south":{"uv":[4,0,0,4],"rotation":180,"texture":"#0"},"west":{"uv":[4,0,0,12],"rotation":90,"texture":"#0"},"up":{"uv":[12,0,0,4],"rotation":90,"texture":"#0"},"down":{"uv":[12,0,0,4],"rotation":90,"texture":"#0"}}},{"from":[-2.20309,10.36642,7.40014],"to":[-1.00346,13.96529,8.59976],"rotation":{"angle":0,"axis":"y","origin":[7.69382,4.9681,8.29985]},"faces":{"north":{"uv":[4,0,0,12],"texture":"#0"},"east":{"uv":[4,0,0,12],"texture":"#0"},"south":{"uv":[4,0,0,12],"texture":"#0"},"west":{"uv":[4,0,0,12],"texture":"#0"},"up":{"uv":[4,0,0,4],"texture":"#0"},"down":{"uv":[4,0,0,4],"texture":"#0"}}},{"from":[-3.40271,10.36642,6.20051],"to":[-2.20309,11.56604,9.79939],"rotation":{"angle":0,"axis":"y","origin":[7.39392,0.1696,7.99995]},"faces":{"north":{"uv":[4,0,0,4],"rotation":180,"texture":"#0"},"east":{"uv":[4,0,0,12],"rotation":90,"texture":"#0"},"south":{"uv":[4,0,0,4],"rotation":180,"texture":"#0"},"west":{"uv":[4,0,0,12],"rotation":90,"texture":"#0"},"up":{"uv":[12,0,0,4],"rotation":90,"texture":"#0"},"down":{"uv":[12,0,0,4],"rotation":90,"texture":"#0"}}},{"from":[-3.40271,9.16679,7.40014],"to":[-2.20309,12.76567,8.59976],"rotation":{"angle":0,"axis":"y","origin":[7.69382,4.9681,8.29985]},"faces":{"north":{"uv":[4,0,0,12],"texture":"#0"},"east":{"uv":[4,0,0,12],"texture":"#0"},"south":{"uv":[4,0,0,12],"texture":"#0"},"west":{"uv":[4,0,0,12],"texture":"#0"},"up":{"uv":[4,0,0,4],"texture":"#0"},"down":{"uv":[4,0,0,4],"texture":"#0"}}},{"from":[-4.60983,9.16679,6.20051],"to":[-3.41021,10.36642,9.79939],"rotation":{"angle":0,"axis":"y","origin":[7.39392,0.1696,7.99995]},"faces":{"north":{"uv":[4,0,0,4],"rotation":180,"texture":"#0"},"east":{"uv":[4,0,0,12],"rotation":90,"texture":"#0"},"south":{"uv":[4,0,0,4],"rotation":180,"texture":"#0"},"west":{"uv":[4,0,0,12],"rotation":90,"texture":"#0"},"up":{"uv":[12,0,0,4],"rotation":90,"texture":"#0"},"down":{"uv":[12,0,0,4],"rotation":90,"texture":"#0"}}},{"from":[-4.60234,7.96717,7.40014],"to":[-3.40271,11.56604,8.59976],"rotation":{"angle":0,"axis":"y","origin":[7.69382,4.9681,8.29985]},"faces":{"north":{"uv":[4,0,0,12],"texture":"#0"},"east":{"uv":[4,0,0,12],"texture":"#0"},"south":{"uv":[4,0,0,12],"texture":"#0"},"west":{"uv":[4,0,0,12],"texture":"#0"},"up":{"uv":[4,0,0,4],"texture":"#0"},"down":{"uv":[4,0,0,4],"texture":"#0"}}},{"from":[-4.60983,7.96717,6.20051],"to":[-3.41021,9.16679,9.79939],"rotation":{"angle":0,"axis":"y","origin":[7.39392,0.1696,7.99995]},"faces":{"north":{"uv":[4,0,0,4],"rotation":180,"texture":"#0"},"east":{"uv":[4,0,0,12],"rotation":90,"texture":"#0"},"south":{"uv":[4,0,0,4],"rotation":180,"texture":"#0"},"west":{"uv":[4,0,0,12],"rotation":90,"texture":"#0"},"up":{"uv":[12,0,0,4],"rotation":90,"texture":"#0"},"down":{"uv":[12,0,0,4],"rotation":90,"texture":"#0"}}},{"from":[-4.60983,6.76754,6.20051],"to":[-3.41021,7.96717,9.79939],"rotation":{"angle":0,"axis":"y","origin":[7.39392,0.1696,7.99995]},"faces":{"north":{"uv":[4,0,0,4],"rotation":180,"texture":"#0"},"east":{"uv":[4,0,0,12],"rotation":90,"texture":"#0"},"south":{"uv":[4,0,0,4],"rotation":180,"texture":"#0"},"west":{"uv":[4,0,0,12],"rotation":90,"texture":"#0"},"up":{"uv":[12,0,0,4],"rotation":90,"texture":"#0"},"down":{"uv":[12,0,0,4],"rotation":90,"texture":"#0"}}},{"from":[-4.60234,4.36829,7.40014],"to":[-3.40271,7.96717,8.59976],"rotation":{"angle":0,"axis":"y","origin":[7.69382,4.9681,8.29985]},"faces":{"north":{"uv":[4,0,0,12],"texture":"#0"},"east":{"uv":[4,0,0,12],"texture":"#0"},"south":{"uv":[4,0,0,12],"texture":"#0"},"west":{"uv":[4,0,0,12],"texture":"#0"},"up":{"uv":[4,0,0,4],"texture":"#0"},"down":{"uv":[4,0,0,4],"texture":"#0"}}},{"from":[-4.60983,5.56792,6.20051],"to":[-3.41021,6.76754,9.79939],"rotation":{"angle":0,"axis":"y","origin":[7.39392,0.1696,7.99995]},"faces":{"north":{"uv":[4,0,0,4],"rotation":180,"texture":"#0"},"east":{"uv":[4,0,0,12],"rotation":90,"texture":"#0"},"south":{"uv":[4,0,0,4],"rotation":180,"texture":"#0"},"west":{"uv":[4,0,0,12],"rotation":90,"texture":"#0"},"up":{"uv":[12,0,0,4],"rotation":90,"texture":"#0"},"down":{"uv":[12,0,0,4],"rotation":90,"texture":"#0"}}},{"from":[-3.40271,4.36829,6.20051],"to":[-2.20309,5.56792,9.79939],"rotation":{"angle":0,"axis":"y","origin":[7.39392,0.1696,7.99995]},"faces":{"north":{"uv":[4,0,0,4],"rotation":180,"texture":"#0"},"east":{"uv":[4,0,0,12],"rotation":90,"texture":"#0"},"south":{"uv":[4,0,0,4],"rotation":180,"texture":"#0"},"west":{"uv":[4,0,0,12],"rotation":90,"texture":"#0"},"up":{"uv":[12,0,0,4],"rotation":90,"texture":"#0"},"down":{"uv":[12,0,0,4],"rotation":90,"texture":"#0"}}},{"from":[-3.40271,3.16867,7.40014],"to":[-2.20309,6.76754,8.59976],"rotation":{"angle":0,"axis":"y","origin":[7.69382,4.9681,8.29985]},"faces":{"north":{"uv":[4,0,0,12],"texture":"#0"},"east":{"uv":[4,0,0,12],"texture":"#0"},"south":{"uv":[4,0,0,12],"texture":"#0"},"west":{"uv":[4,0,0,12],"texture":"#0"},"up":{"uv":[4,0,0,4],"texture":"#0"},"down":{"uv":[4,0,0,4],"texture":"#0"}}},{"from":[-2.20309,3.16867,6.20051],"to":[-1.00346,4.36829,9.79939],"rotation":{"angle":0,"axis":"y","origin":[7.39392,0.1696,7.99995]},"faces":{"north":{"uv":[4,0,0,4],"rotation":180,"texture":"#0"},"east":{"uv":[4,0,0,12],"rotation":90,"texture":"#0"},"south":{"uv":[4,0,0,4],"rotation":180,"texture":"#0"},"west":{"uv":[4,0,0,12],"rotation":90,"texture":"#0"},"up":{"uv":[12,0,0,4],"rotation":90,"texture":"#0"},"down":{"uv":[12,0,0,4],"rotation":90,"texture":"#0"}}},{"from":[-2.20309,1.96904,7.40014],"to":[-1.00346,5.56792,8.59976],"rotation":{"angle":0,"axis":"y","origin":[7.69382,4.9681,8.29985]},"faces":{"north":{"uv":[4,0,0,12],"texture":"#0"},"east":{"uv":[4,0,0,12],"texture":"#0"},"south":{"uv":[4,0,0,12],"texture":"#0"},"west":{"uv":[4,0,0,12],"texture":"#0"},"up":{"uv":[4,0,0,4],"texture":"#0"},"down":{"uv":[4,0,0,4],"texture":"#0"}}},{"from":[-1.00346,3.16867,6.20051],"to":[0.19616,4.36829,9.79939],"rotation":{"angle":0,"axis":"y","origin":[7.39392,0.1696,7.99995]},"faces":{"north":{"uv":[4,0,0,4],"rotation":180,"texture":"#0"},"east":{"uv":[4,0,0,12],"rotation":90,"texture":"#0"},"south":{"uv":[4,0,0,4],"rotation":180,"texture":"#0"},"west":{"uv":[4,0,0,12],"rotation":90,"texture":"#0"},"up":{"uv":[12,0,0,4],"rotation":90,"texture":"#0"},"down":{"uv":[12,0,0,4],"rotation":90,"texture":"#0"}}},{"from":[-1.00346,1.96904,7.40014],"to":[0.19616,5.56792,8.59976],"rotation":{"angle":0,"axis":"y","origin":[7.69382,4.9681,8.29985]},"faces":{"north":{"uv":[4,0,0,12],"texture":"#0"},"east":{"uv":[4,0,0,12],"texture":"#0"},"south":{"uv":[4,0,0,12],"texture":"#0"},"west":{"uv":[4,0,0,12],"texture":"#0"},"up":{"uv":[4,0,0,4],"texture":"#0"},"down":{"uv":[4,0,0,4],"texture":"#0"}}},{"from":[0.19616,1.96904,6.20051],"to":[1.39579,3.16867,9.79939],"rotation":{"angle":0,"axis":"y","origin":[7.39392,0.1696,7.99995]},"faces":{"north":{"uv":[4,0,0,4],"rotation":180,"texture":"#0"},"east":{"uv":[4,0,0,12],"rotation":90,"texture":"#0"},"south":{"uv":[4,0,0,4],"rotation":180,"texture":"#0"},"west":{"uv":[4,0,0,12],"rotation":90,"texture":"#0"},"up":{"uv":[12,0,0,4],"rotation":90,"texture":"#0"},"down":{"uv":[12,0,0,4],"rotation":90,"texture":"#0"}}},{"from":[0.19616,0.76942,7.40014],"to":[1.39579,4.36829,8.59976],"rotation":{"angle":0,"axis":"y","origin":[7.69382,4.9681,8.29985]},"faces":{"north":{"uv":[4,0,0,12],"texture":"#0"},"east":{"uv":[4,0,0,12],"texture":"#0"},"south":{"uv":[4,0,0,12],"texture":"#0"},"west":{"uv":[4,0,0,12],"texture":"#0"},"up":{"uv":[4,0,0,4],"texture":"#0"},"down":{"uv":[4,0,0,4],"texture":"#0"}}},{"from":[1.39579,0.76942,6.20051],"to":[2.59542,1.96904,9.79939],"rotation":{"angle":0,"axis":"y","origin":[7.39392,0.1696,7.99995]},"faces":{"north":{"uv":[4,0,0,4],"rotation":180,"texture":"#0"},"east":{"uv":[4,0,0,12],"rotation":90,"texture":"#0"},"south":{"uv":[4,0,0,4],"rotation":180,"texture":"#0"},"west":{"uv":[4,0,0,12],"rotation":90,"texture":"#0"},"up":{"uv":[12,0,0,4],"rotation":90,"texture":"#0"},"down":{"uv":[12,0,0,4],"rotation":90,"texture":"#0"}}},{"from":[1.39579,-0.43021,7.40014],"to":[2.59542,3.16867,8.59976],"rotation":{"angle":0,"axis":"y","origin":[7.69382,4.9681,8.29985]},"faces":{"north":{"uv":[4,0,0,12],"texture":"#0"},"east":{"uv":[4,0,0,12],"texture":"#0"},"south":{"uv":[4,0,0,12],"texture":"#0"},"west":{"uv":[4,0,0,12],"texture":"#0"},"up":{"uv":[4,0,0,4],"texture":"#0"},"down":{"uv":[4,0,0,4],"texture":"#0"}}},{"from":[2.59542,0.76942,6.20051],"to":[3.79504,1.96904,9.79939],"rotation":{"angle":0,"axis":"y","origin":[7.39392,0.1696,7.99995]},"faces":{"north":{"uv":[4,0,0,4],"rotation":180,"texture":"#0"},"east":{"uv":[4,0,0,12],"rotation":90,"texture":"#0"},"south":{"uv":[4,0,0,4],"rotation":180,"texture":"#0"},"west":{"uv":[4,0,0,12],"rotation":90,"texture":"#0"},"up":{"uv":[12,0,0,4],"rotation":90,"texture":"#0"},"down":{"uv":[12,0,0,4],"rotation":90,"texture":"#0"}}},{"from":[2.59542,-0.43021,7.40014],"to":[3.79504,3.16867,8.59976],"rotation":{"angle":0,"axis":"y","origin":[7.69382,4.9681,8.29985]},"faces":{"north":{"uv":[4,0,0,12],"texture":"#0"},"east":{"uv":[4,0,0,12],"texture":"#0"},"south":{"uv":[4,0,0,12],"texture":"#0"},"west":{"uv":[4,0,0,12],"texture":"#0"},"up":{"uv":[4,0,0,4],"texture":"#0"},"down":{"uv":[4,0,0,4],"texture":"#0"}}},{"from":[3.79504,0.76942,6.20051],"to":[4.99467,1.96904,9.79939],"rotation":{"angle":0,"axis":"y","origin":[7.39392,0.1696,7.99995]},"faces":{"north":{"uv":[4,0,0,4],"rotation":180,"texture":"#0"},"east":{"uv":[4,0,0,12],"rotation":90,"texture":"#0"},"south":{"uv":[4,0,0,4],"rotation":180,"texture":"#0"},"west":{"uv":[4,0,0,12],"rotation":90,"texture":"#0"},"up":{"uv":[12,0,0,4],"rotation":90,"texture":"#0"},"down":{"uv":[12,0,0,4],"rotation":90,"texture":"#0"}}},{"from":[3.79504,-0.43021,7.40014],"to":[4.99467,3.16867,8.59976],"rotation":{"angle":0,"axis":"y","origin":[7.69382,4.9681,8.29985]},"faces":{"north":{"uv":[4,0,0,12],"texture":"#0"},"east":{"uv":[4,0,0,12],"texture":"#0"},"south":{"uv":[4,0,0,12],"texture":"#0"},"west":{"uv":[4,0,0,12],"texture":"#0"},"up":{"uv":[4,0,0,4],"texture":"#0"},"down":{"uv":[4,0,0,4],"texture":"#0"}}}]}
