{"textures":{"1":"minecraft:block/black_concrete","4":"omega-flowey:custom/attacks/blank","22":"omega-flowey:custom/attacks/blank_1","25":"omega-flowey:custom/attacks/blank_2"},"display":{"head":{"rotation":[0,180,0]}},"elements":[{"from":[-2.176,12.032,1.824],"to":[17.216,25.856,9.152],"rotation":{"angle":0,"axis":"y","origin":[8,8,8]},"faces":{"north":{"uv":[2,0.7,14,9.61429],"texture":"#1"}}},{"from":[-2.656,11.552,1.824],"to":[17.696,27.136,9.152],"rotation":{"angle":0,"axis":"y","origin":[8,8,8]},"faces":{"north":{"uv":[2,0.7,14,9.61429],"texture":"#25"}}},{"from":[-2.176,7.056,1.024],"to":[17.216,25.856,9.712],"rotation":{"angle":0,"axis":"y","origin":[8,8,8.56]},"faces":{"north":{"uv":[2,0.7,14,12.8143],"texture":"#22"}}},{"from":[19.52,28.16,1.088],"to":[-4.48,9.728,-4.896],"rotation":{"angle":0,"axis":"y","origin":[29.336,42.152,3.984]},"faces":{"east":{"uv":[0,0,16,16],"texture":"#4"},"west":{"uv":[16,0,0,16],"texture":"#4"},"up":{"uv":[16,16,0,0],"rotation":90,"texture":"#4"},"down":{"uv":[0,0,16,16],"rotation":90,"texture":"#4"}}}]}
