{"textures":{"1":"omega-flowey:custom/attacks/blank"},"display":{"head":{"rotation":[0,180,0]}},"elements":[{"from":[2.25,9,7.75],"to":[7.25,10,8.75],"rotation":{"angle":0,"axis":"y","origin":[7,9,8]},"faces":{"north":{"uv":[0,0,10,1],"texture":"#1"},"east":{"uv":[0,0,1,1],"texture":"#1"},"south":{"uv":[0,0,10,1],"texture":"#1"},"west":{"uv":[0,0,1,1],"texture":"#1"},"up":{"uv":[0,0,10,1],"texture":"#1"},"down":{"uv":[0,0,10,1],"texture":"#1"}}},{"from":[-11.75,9,7.75],"to":[-6.75,10,8.75],"rotation":{"angle":0,"axis":"y","origin":[-7,9,8]},"faces":{"north":{"uv":[0,0,10,1],"texture":"#1"},"east":{"uv":[0,0,1,1],"texture":"#1"},"south":{"uv":[0,0,10,1],"texture":"#1"},"west":{"uv":[0,0,1,1],"texture":"#1"},"up":{"uv":[0,0,10,1],"texture":"#1"},"down":{"uv":[0,0,10,1],"texture":"#1"}}},{"from":[1.25,8,7.75],"to":[3.25,9,8.75],"rotation":{"angle":0,"axis":"y","origin":[3,8,8]},"faces":{"north":{"uv":[0,0,10,1],"texture":"#1"},"east":{"uv":[0,0,1,1],"texture":"#1"},"south":{"uv":[0,0,10,1],"texture":"#1"},"west":{"uv":[0,0,1,1],"texture":"#1"},"up":{"uv":[0,0,10,1],"texture":"#1"},"down":{"uv":[0,0,10,1],"texture":"#1"}}},{"from":[-7.75,8,7.75],"to":[-5.75,9,8.75],"rotation":{"angle":0,"axis":"y","origin":[-6,8,8]},"faces":{"north":{"uv":[0,0,10,1],"texture":"#1"},"east":{"uv":[0,0,1,1],"texture":"#1"},"south":{"uv":[0,0,10,1],"texture":"#1"},"west":{"uv":[0,0,1,1],"texture":"#1"},"up":{"uv":[0,0,10,1],"texture":"#1"},"down":{"uv":[0,0,10,1],"texture":"#1"}}},{"from":[-0.75,7,7.75],"to":[1.25,8,8.75],"rotation":{"angle":0,"axis":"y","origin":[1,7,8]},"faces":{"north":{"uv":[0,0,10,1],"texture":"#1"},"east":{"uv":[0,0,1,1],"texture":"#1"},"south":{"uv":[0,0,10,1],"texture":"#1"},"west":{"uv":[0,0,1,1],"texture":"#1"},"up":{"uv":[0,0,10,1],"texture":"#1"},"down":{"uv":[0,0,10,1],"texture":"#1"}}},{"from":[-6.75,7,7.75],"to":[-4.75,8,8.75],"rotation":{"angle":0,"axis":"y","origin":[-5,7,8]},"faces":{"north":{"uv":[0,0,10,1],"texture":"#1"},"east":{"uv":[0,0,1,1],"texture":"#1"},"south":{"uv":[0,0,10,1],"texture":"#1"},"west":{"uv":[0,0,1,1],"texture":"#1"},"up":{"uv":[0,0,10,1],"texture":"#1"},"down":{"uv":[0,0,10,1],"texture":"#1"}}},{"from":[-1.75,6,7.75],"to":[0.25,7,8.75],"rotation":{"angle":0,"axis":"y","origin":[0,6,8]},"faces":{"north":{"uv":[0,0,10,1],"texture":"#1"},"east":{"uv":[0,0,1,1],"texture":"#1"},"south":{"uv":[0,0,10,1],"texture":"#1"},"west":{"uv":[0,0,1,1],"texture":"#1"},"up":{"uv":[0,0,10,1],"texture":"#1"},"down":{"uv":[0,0,10,1],"texture":"#1"}}},{"from":[-5.75,6,7.75],"to":[-3.75,7,8.75],"rotation":{"angle":0,"axis":"y","origin":[-4,6,8]},"faces":{"north":{"uv":[0,0,10,1],"texture":"#1"},"east":{"uv":[0,0,1,1],"texture":"#1"},"south":{"uv":[0,0,10,1],"texture":"#1"},"west":{"uv":[0,0,1,1],"texture":"#1"},"up":{"uv":[0,0,10,1],"texture":"#1"},"down":{"uv":[0,0,10,1],"texture":"#1"}}},{"from":[-3.75,5,7.75],"to":[-1.75,6,8.75],"rotation":{"angle":0,"axis":"y","origin":[-2,5,8]},"faces":{"north":{"uv":[0,0,10,1],"texture":"#1"},"east":{"uv":[0,0,1,1],"texture":"#1"},"south":{"uv":[0,0,10,1],"texture":"#1"},"west":{"uv":[0,0,1,1],"texture":"#1"},"up":{"uv":[0,0,10,1],"texture":"#1"},"down":{"uv":[0,0,10,1],"texture":"#1"}}},{"from":[-2.75,3,7.75],"to":[-1.75,5,8.75],"rotation":{"angle":0,"axis":"y","origin":[-2,4,8]},"faces":{"north":{"uv":[0,0,10,1],"texture":"#1"},"east":{"uv":[0,0,1,1],"texture":"#1"},"south":{"uv":[0,0,10,1],"texture":"#1"},"west":{"uv":[0,0,1,1],"texture":"#1"},"up":{"uv":[0,0,10,1],"texture":"#1"},"down":{"uv":[0,0,10,1],"texture":"#1"}}},{"from":[-3.75,4,7.75],"to":[-2.75,5,8.75],"rotation":{"angle":0,"axis":"y","origin":[-3,4,8]},"faces":{"north":{"uv":[0,0,10,1],"texture":"#1"},"east":{"uv":[0,0,1,1],"texture":"#1"},"south":{"uv":[0,0,10,1],"texture":"#1"},"west":{"uv":[0,0,1,1],"texture":"#1"},"up":{"uv":[0,0,10,1],"texture":"#1"},"down":{"uv":[0,0,10,1],"texture":"#1"}}},{"from":[6.25,8,7.75],"to":[9.25,9,8.75],"rotation":{"angle":0,"axis":"y","origin":[9,8.5,8]},"faces":{"north":{"uv":[0,0,3,1],"texture":"#1"},"east":{"uv":[0,0,1,1],"texture":"#1"},"south":{"uv":[0,0,3,1],"texture":"#1"},"west":{"uv":[0,0,1,1],"texture":"#1"},"up":{"uv":[0,0,3,1],"texture":"#1"},"down":{"uv":[0,0,3,1],"texture":"#1"}}},{"from":[-13.75,8,7.75],"to":[-10.75,9,8.75],"rotation":{"angle":0,"axis":"y","origin":[-11,8.5,8]},"faces":{"north":{"uv":[0,0,3,1],"texture":"#1"},"east":{"uv":[0,0,1,1],"texture":"#1"},"south":{"uv":[0,0,3,1],"texture":"#1"},"west":{"uv":[0,0,1,1],"texture":"#1"},"up":{"uv":[0,0,3,1],"texture":"#1"},"down":{"uv":[0,0,3,1],"texture":"#1"}}},{"from":[8.25,3,7.75],"to":[9.25,8,8.75],"rotation":{"angle":0,"axis":"y","origin":[9,7.5,8]},"faces":{"north":{"uv":[0,0,1,11],"texture":"#1"},"east":{"uv":[0,0,1,11],"texture":"#1"},"south":{"uv":[0,0,1,11],"texture":"#1"},"west":{"uv":[0,0,1,11],"texture":"#1"},"up":{"uv":[0,0,1,1],"texture":"#1"},"down":{"uv":[0,0,1,1],"texture":"#1"}}},{"from":[-13.75,3,7.75],"to":[-12.75,8,8.75],"rotation":{"angle":0,"axis":"y","origin":[-13,7.5,8]},"faces":{"north":{"uv":[0,0,1,11],"texture":"#1"},"east":{"uv":[0,0,1,11],"texture":"#1"},"south":{"uv":[0,0,1,11],"texture":"#1"},"west":{"uv":[0,0,1,11],"texture":"#1"},"up":{"uv":[0,0,1,1],"texture":"#1"},"down":{"uv":[0,0,1,1],"texture":"#1"}}},{"from":[7.25,0,7.75],"to":[8.25,4,8.75],"rotation":{"angle":0,"axis":"y","origin":[8,8,8]},"faces":{"north":{"uv":[0,0,1,4],"texture":"#1"},"east":{"uv":[0,0,1,4],"texture":"#1"},"south":{"uv":[0,0,1,4],"texture":"#1"},"west":{"uv":[0,0,1,4],"texture":"#1"},"up":{"uv":[0,0,1,1],"texture":"#1"},"down":{"uv":[0,0,1,1],"texture":"#1"}}},{"from":[-12.75,0,7.75],"to":[-11.75,4,8.75],"rotation":{"angle":0,"axis":"y","origin":[-12,8,8]},"faces":{"north":{"uv":[0,0,1,4],"texture":"#1"},"east":{"uv":[0,0,1,4],"texture":"#1"},"south":{"uv":[0,0,1,4],"texture":"#1"},"west":{"uv":[0,0,1,4],"texture":"#1"},"up":{"uv":[0,0,1,1],"texture":"#1"},"down":{"uv":[0,0,1,1],"texture":"#1"}}},{"from":[6.25,-3,7.75],"to":[7.25,1,8.75],"rotation":{"angle":0,"axis":"y","origin":[7,5,8]},"faces":{"north":{"uv":[0,0,1,4],"texture":"#1"},"east":{"uv":[0,0,1,4],"texture":"#1"},"south":{"uv":[0,0,1,4],"texture":"#1"},"west":{"uv":[0,0,1,4],"texture":"#1"},"up":{"uv":[0,0,1,1],"texture":"#1"},"down":{"uv":[0,0,1,1],"texture":"#1"}}},{"from":[-11.75,-3,7.75],"to":[-10.75,1,8.75],"rotation":{"angle":0,"axis":"y","origin":[-11,5,8]},"faces":{"north":{"uv":[0,0,1,4],"texture":"#1"},"east":{"uv":[0,0,1,4],"texture":"#1"},"south":{"uv":[0,0,1,4],"texture":"#1"},"west":{"uv":[0,0,1,4],"texture":"#1"},"up":{"uv":[0,0,1,1],"texture":"#1"},"down":{"uv":[0,0,1,1],"texture":"#1"}}},{"from":[5.25,-5,7.75],"to":[6.25,-2,8.75],"rotation":{"angle":0,"axis":"y","origin":[6,2,8]},"faces":{"north":{"uv":[0,0,1,4],"texture":"#1"},"east":{"uv":[0,0,1,4],"texture":"#1"},"south":{"uv":[0,0,1,4],"texture":"#1"},"west":{"uv":[0,0,1,4],"texture":"#1"},"up":{"uv":[0,0,1,1],"texture":"#1"},"down":{"uv":[0,0,1,1],"texture":"#1"}}},{"from":[-10.75,-5,7.75],"to":[-9.75,-2,8.75],"rotation":{"angle":0,"axis":"y","origin":[-10,2,8]},"faces":{"north":{"uv":[0,0,1,4],"texture":"#1"},"east":{"uv":[0,0,1,4],"texture":"#1"},"south":{"uv":[0,0,1,4],"texture":"#1"},"west":{"uv":[0,0,1,4],"texture":"#1"},"up":{"uv":[0,0,1,1],"texture":"#1"},"down":{"uv":[0,0,1,1],"texture":"#1"}}},{"from":[4.25,-6,7.75],"to":[5.25,-4,8.75],"rotation":{"angle":0,"axis":"y","origin":[5,0,8]},"faces":{"north":{"uv":[0,0,1,4],"texture":"#1"},"east":{"uv":[0,0,1,4],"texture":"#1"},"south":{"uv":[0,0,1,4],"texture":"#1"},"west":{"uv":[0,0,1,4],"texture":"#1"},"up":{"uv":[0,0,1,1],"texture":"#1"},"down":{"uv":[0,0,1,1],"texture":"#1"}}},{"from":[-9.75,-6,7.75],"to":[-8.75,-4,8.75],"rotation":{"angle":0,"axis":"y","origin":[-9,0,8]},"faces":{"north":{"uv":[0,0,1,4],"texture":"#1"},"east":{"uv":[0,0,1,4],"texture":"#1"},"south":{"uv":[0,0,1,4],"texture":"#1"},"west":{"uv":[0,0,1,4],"texture":"#1"},"up":{"uv":[0,0,1,1],"texture":"#1"},"down":{"uv":[0,0,1,1],"texture":"#1"}}},{"from":[3.25,-7,7.75],"to":[4.25,-5,8.75],"rotation":{"angle":0,"axis":"y","origin":[4,-1,8]},"faces":{"north":{"uv":[0,0,1,4],"texture":"#1"},"east":{"uv":[0,0,1,4],"texture":"#1"},"south":{"uv":[0,0,1,4],"texture":"#1"},"west":{"uv":[0,0,1,4],"texture":"#1"},"up":{"uv":[0,0,1,1],"texture":"#1"},"down":{"uv":[0,0,1,1],"texture":"#1"}}},{"from":[-8.75,-7,7.75],"to":[-7.75,-5,8.75],"rotation":{"angle":0,"axis":"y","origin":[-8,-1,8]},"faces":{"north":{"uv":[0,0,1,4],"texture":"#1"},"east":{"uv":[0,0,1,4],"texture":"#1"},"south":{"uv":[0,0,1,4],"texture":"#1"},"west":{"uv":[0,0,1,4],"texture":"#1"},"up":{"uv":[0,0,1,1],"texture":"#1"},"down":{"uv":[0,0,1,1],"texture":"#1"}}},{"from":[2.25,-8,7.75],"to":[3.25,-7,8.75],"rotation":{"angle":0,"axis":"y","origin":[3,-3,8]},"faces":{"north":{"uv":[0,0,1,4],"texture":"#1"},"east":{"uv":[0,0,1,4],"texture":"#1"},"south":{"uv":[0,0,1,4],"texture":"#1"},"west":{"uv":[0,0,1,4],"texture":"#1"},"up":{"uv":[0,0,1,1],"texture":"#1"},"down":{"uv":[0,0,1,1],"texture":"#1"}}},{"from":[-7.75,-8,7.75],"to":[-6.75,-7,8.75],"rotation":{"angle":0,"axis":"y","origin":[-7,-3,8]},"faces":{"north":{"uv":[0,0,1,4],"texture":"#1"},"east":{"uv":[0,0,1,4],"texture":"#1"},"south":{"uv":[0,0,1,4],"texture":"#1"},"west":{"uv":[0,0,1,4],"texture":"#1"},"up":{"uv":[0,0,1,1],"texture":"#1"},"down":{"uv":[0,0,1,1],"texture":"#1"}}},{"from":[0.25,-9,7.75],"to":[2.25,-8,8.75],"rotation":{"angle":0,"axis":"y","origin":[2,-4,8]},"faces":{"north":{"uv":[0,0,1,4],"texture":"#1"},"east":{"uv":[0,0,1,4],"texture":"#1"},"south":{"uv":[0,0,1,4],"texture":"#1"},"west":{"uv":[0,0,1,4],"texture":"#1"},"up":{"uv":[0,0,1,1],"texture":"#1"},"down":{"uv":[0,0,1,1],"texture":"#1"}}},{"from":[-6.75,-9,7.75],"to":[-4.75,-8,8.75],"rotation":{"angle":0,"axis":"y","origin":[-5,-4,8]},"faces":{"north":{"uv":[0,0,1,4],"texture":"#1"},"east":{"uv":[0,0,1,4],"texture":"#1"},"south":{"uv":[0,0,1,4],"texture":"#1"},"west":{"uv":[0,0,1,4],"texture":"#1"},"up":{"uv":[0,0,1,1],"texture":"#1"},"down":{"uv":[0,0,1,1],"texture":"#1"}}},{"from":[-0.75,-10,7.75],"to":[1.25,-9,8.75],"rotation":{"angle":0,"axis":"y","origin":[1,-5,8]},"faces":{"north":{"uv":[0,0,1,4],"texture":"#1"},"east":{"uv":[0,0,1,4],"texture":"#1"},"south":{"uv":[0,0,1,4],"texture":"#1"},"west":{"uv":[0,0,1,4],"texture":"#1"},"up":{"uv":[0,0,1,1],"texture":"#1"},"down":{"uv":[0,0,1,1],"texture":"#1"}}},{"from":[-4.75,-11,7.75],"to":[0.25,-10,8.75],"rotation":{"angle":0,"axis":"y","origin":[-1,-6,8]},"faces":{"north":{"uv":[0,0,1,4],"texture":"#1"},"east":{"uv":[0,0,1,4],"texture":"#1"},"south":{"uv":[0,0,1,4],"texture":"#1"},"west":{"uv":[0,0,1,4],"texture":"#1"},"up":{"uv":[0,0,1,1],"texture":"#1"},"down":{"uv":[0,0,1,1],"texture":"#1"}}},{"from":[-5.75,-10,7.75],"to":[-3.75,-9,8.75],"rotation":{"angle":0,"axis":"y","origin":[-4,-5,8]},"faces":{"north":{"uv":[0,0,1,4],"texture":"#1"},"east":{"uv":[0,0,1,4],"texture":"#1"},"south":{"uv":[0,0,1,4],"texture":"#1"},"west":{"uv":[0,0,1,4],"texture":"#1"},"up":{"uv":[0,0,1,1],"texture":"#1"},"down":{"uv":[0,0,1,1],"texture":"#1"}}},{"from":[-3.75,-12,7.75],"to":[-1.75,-11,8.75],"rotation":{"angle":0,"axis":"y","origin":[-2,-7,8]},"faces":{"north":{"uv":[0,0,1,4],"texture":"#1"},"east":{"uv":[0,0,1,4],"texture":"#1"},"south":{"uv":[0,0,1,4],"texture":"#1"},"west":{"uv":[0,0,1,4],"texture":"#1"},"up":{"uv":[0,0,1,1],"texture":"#1"},"down":{"uv":[0,0,1,1],"texture":"#1"}}}]}
