{"textures":{"0":"minecraft:block/redstone_block"},"display":{"head":{"rotation":[0,180,0]}},"elements":[{"from":[6.85986,27.38242,-15.94299],"to":[9.14014,27.95249,-15.37292],"rotation":{"angle":0,"axis":"y","origin":[12.27553,27.38242,-15.94299]},"faces":{"north":{"uv":[0,0,4,1],"texture":"#0"},"east":{"uv":[0,0,1,1],"texture":"#0"},"south":{"uv":[0,0,4,1],"texture":"#0"},"west":{"uv":[0,0,1,1],"texture":"#0"},"up":{"uv":[0,0,4,1],"texture":"#0"},"down":{"uv":[0,0,4,1],"texture":"#0"}}},{"from":[7.71496,25.10214,-16],"to":[8.28504,29.66271,-15.34442],"rotation":{"angle":0,"axis":"y","origin":[12.27553,26.81235,-15.94299]},"faces":{"north":{"uv":[0,0,1,8],"texture":"#0"},"east":{"uv":[0,0,1.15,8],"texture":"#0"},"south":{"uv":[0,0,1,8],"texture":"#0"},"west":{"uv":[0,0,1.15,8],"texture":"#0"},"up":{"uv":[0,0,1,1.15],"texture":"#0"},"down":{"uv":[0,0,1,1.15],"texture":"#0"}}},{"from":[7.71496,15.981,-16],"to":[8.28504,20.54157,-15.34442],"rotation":{"angle":0,"axis":"y","origin":[12.27553,17.69121,-15.94299]},"faces":{"north":{"uv":[0,0,1,8],"texture":"#0"},"east":{"uv":[0,0,1.15,8],"texture":"#0"},"south":{"uv":[0,0,1,8],"texture":"#0"},"west":{"uv":[0,0,1.15,8],"texture":"#0"},"up":{"uv":[0,0,1,1.15],"texture":"#0"},"down":{"uv":[0,0,1,1.15],"texture":"#0"}}},{"from":[1.15914,22.53682,-16],"to":[5.71971,23.10689,-15.34442],"rotation":{"angle":0,"axis":"y","origin":[8,22.82185,-15.67221]},"faces":{"north":{"uv":[0,0,1,8],"rotation":90,"texture":"#0"},"east":{"uv":[0,0,1,1.15],"rotation":270,"texture":"#0"},"south":{"uv":[0,0,1,8],"rotation":270,"texture":"#0"},"west":{"uv":[0,0,1,1.15],"rotation":270,"texture":"#0"},"up":{"uv":[0,0,1.15,8],"rotation":270,"texture":"#0"},"down":{"uv":[0,0,1.15,8],"rotation":270,"texture":"#0"}}},{"from":[10.28029,22.53682,-16],"to":[14.84086,23.10689,-15.34442],"rotation":{"angle":0,"axis":"y","origin":[8,22.82185,-15.67221]},"faces":{"north":{"uv":[0,0,1,8],"rotation":90,"texture":"#0"},"east":{"uv":[0,0,1,1.15],"rotation":270,"texture":"#0"},"south":{"uv":[0,0,1,8],"rotation":270,"texture":"#0"},"west":{"uv":[0,0,1,1.15],"rotation":270,"texture":"#0"},"up":{"uv":[0,0,1.15,8],"rotation":270,"texture":"#0"},"down":{"uv":[0,0,1.15,8],"rotation":270,"texture":"#0"}}},{"from":[9.14014,26.81235,-15.94299],"to":[10.28029,27.38242,-15.37292],"rotation":{"angle":0,"axis":"y","origin":[14.55582,26.81235,-15.94299]},"faces":{"north":{"uv":[0,0,2,1],"texture":"#0"},"east":{"uv":[0,0,1,1],"texture":"#0"},"south":{"uv":[0,0,2,1],"texture":"#0"},"west":{"uv":[0,0,1,1],"texture":"#0"},"up":{"uv":[0,0,2,1],"texture":"#0"},"down":{"uv":[0,0,2,1],"texture":"#0"}}},{"from":[5.71971,26.81235,-15.94299],"to":[6.85986,27.38242,-15.37292],"rotation":{"angle":0,"axis":"y","origin":[11.13539,26.81235,-15.94299]},"faces":{"north":{"uv":[0,0,2,1],"texture":"#0"},"east":{"uv":[0,0,1,1],"texture":"#0"},"south":{"uv":[0,0,2,1],"texture":"#0"},"west":{"uv":[0,0,1,1],"texture":"#0"},"up":{"uv":[0,0,2,1],"texture":"#0"},"down":{"uv":[0,0,2,1],"texture":"#0"}}},{"from":[5.71971,18.26128,-15.94299],"to":[6.85986,18.83135,-15.37292],"rotation":{"angle":0,"axis":"y","origin":[11.13539,18.26128,-15.94299]},"faces":{"north":{"uv":[0,0,2,1],"texture":"#0"},"east":{"uv":[0,0,1,1],"texture":"#0"},"south":{"uv":[0,0,2,1],"texture":"#0"},"west":{"uv":[0,0,1,1],"texture":"#0"},"up":{"uv":[0,0,2,1],"texture":"#0"},"down":{"uv":[0,0,2,1],"texture":"#0"}}},{"from":[4.57957,18.83135,-15.94299],"to":[5.71971,19.40143,-15.37292],"rotation":{"angle":0,"axis":"y","origin":[9.99525,18.83135,-15.94299]},"faces":{"north":{"uv":[0,0,2,1],"texture":"#0"},"east":{"uv":[0,0,1,1],"texture":"#0"},"south":{"uv":[0,0,2,1],"texture":"#0"},"west":{"uv":[0,0,1,1],"texture":"#0"},"up":{"uv":[0,0,2,1],"texture":"#0"},"down":{"uv":[0,0,2,1],"texture":"#0"}}},{"from":[10.28029,18.83135,-15.94299],"to":[11.42043,19.40143,-15.37292],"rotation":{"angle":0,"axis":"y","origin":[15.69596,18.83135,-15.94299]},"faces":{"north":{"uv":[0,0,2,1],"texture":"#0"},"east":{"uv":[0,0,1,1],"texture":"#0"},"south":{"uv":[0,0,2,1],"texture":"#0"},"west":{"uv":[0,0,1,1],"texture":"#0"},"up":{"uv":[0,0,2,1],"texture":"#0"},"down":{"uv":[0,0,2,1],"texture":"#0"}}},{"from":[10.28029,26.24228,-15.94299],"to":[11.42043,26.81235,-15.37292],"rotation":{"angle":0,"axis":"y","origin":[15.69596,26.24228,-15.94299]},"faces":{"north":{"uv":[0,0,2,1],"texture":"#0"},"east":{"uv":[0,0,1,1],"texture":"#0"},"south":{"uv":[0,0,2,1],"texture":"#0"},"west":{"uv":[0,0,1,1],"texture":"#0"},"up":{"uv":[0,0,2,1],"texture":"#0"},"down":{"uv":[0,0,2,1],"texture":"#0"}}},{"from":[4.57957,26.24228,-15.94299],"to":[5.71971,26.81235,-15.37292],"rotation":{"angle":0,"axis":"y","origin":[9.99525,26.24228,-15.94299]},"faces":{"north":{"uv":[0,0,2,1],"texture":"#0"},"east":{"uv":[0,0,1,1],"texture":"#0"},"south":{"uv":[0,0,2,1],"texture":"#0"},"west":{"uv":[0,0,1,1],"texture":"#0"},"up":{"uv":[0,0,2,1],"texture":"#0"},"down":{"uv":[0,0,2,1],"texture":"#0"}}},{"from":[9.14014,18.26128,-15.94299],"to":[10.28029,18.83135,-15.37292],"rotation":{"angle":0,"axis":"y","origin":[14.55582,18.26128,-15.94299]},"faces":{"north":{"uv":[0,0,2,1],"texture":"#0"},"east":{"uv":[0,0,1,1],"texture":"#0"},"south":{"uv":[0,0,2,1],"texture":"#0"},"west":{"uv":[0,0,1,1],"texture":"#0"},"up":{"uv":[0,0,2,1],"texture":"#0"},"down":{"uv":[0,0,2,1],"texture":"#0"}}},{"from":[6.85986,17.69121,-15.94299],"to":[9.14014,18.26128,-15.37292],"rotation":{"angle":0,"axis":"y","origin":[12.27553,17.69121,-15.94299]},"faces":{"north":{"uv":[0,0,4,1],"texture":"#0"},"east":{"uv":[0,0,1,1],"texture":"#0"},"south":{"uv":[0,0,4,1],"texture":"#0"},"west":{"uv":[0,0,1,1],"texture":"#0"},"up":{"uv":[0,0,4,1],"texture":"#0"},"down":{"uv":[0,0,4,1],"texture":"#0"}}},{"from":[2.86936,21.68171,-15.94299],"to":[3.43943,23.962,-15.37292],"rotation":{"angle":0,"axis":"y","origin":[6.57482,23.39192,-15.94299]},"faces":{"north":{"uv":[0,0,1,4],"texture":"#0"},"east":{"uv":[0,0,1,4],"texture":"#0"},"south":{"uv":[0,0,1,4],"texture":"#0"},"west":{"uv":[0,0,1,4],"texture":"#0"},"up":{"uv":[0,0,1,1],"texture":"#0"},"down":{"uv":[0,0,1,1],"texture":"#0"}}},{"from":[12.56057,21.68171,-15.94299],"to":[13.13064,23.962,-15.37292],"rotation":{"angle":0,"axis":"y","origin":[16.26603,23.39192,-15.94299]},"faces":{"north":{"uv":[0,0,1,4],"texture":"#0"},"east":{"uv":[0,0,1,4],"texture":"#0"},"south":{"uv":[0,0,1,4],"texture":"#0"},"west":{"uv":[0,0,1,4],"texture":"#0"},"up":{"uv":[0,0,1,1],"texture":"#0"},"down":{"uv":[0,0,1,1],"texture":"#0"}}},{"from":[11.9905,23.962,-15.94299],"to":[12.56057,25.10214,-15.37292],"rotation":{"angle":0,"axis":"y","origin":[15.69596,25.67221,-15.94299]},"faces":{"north":{"uv":[0,0,1,2],"texture":"#0"},"east":{"uv":[0,0,1,2],"texture":"#0"},"south":{"uv":[0,0,1,2],"texture":"#0"},"west":{"uv":[0,0,1,2],"texture":"#0"},"up":{"uv":[0,0,1,1],"texture":"#0"},"down":{"uv":[0,0,1,1],"texture":"#0"}}},{"from":[3.43943,23.962,-15.94299],"to":[4.0095,25.10214,-15.37292],"rotation":{"angle":0,"axis":"y","origin":[7.14489,25.67221,-15.94299]},"faces":{"north":{"uv":[0,0,1,2],"texture":"#0"},"east":{"uv":[0,0,1,2],"texture":"#0"},"south":{"uv":[0,0,1,2],"texture":"#0"},"west":{"uv":[0,0,1,2],"texture":"#0"},"up":{"uv":[0,0,1,1],"texture":"#0"},"down":{"uv":[0,0,1,1],"texture":"#0"}}},{"from":[4.0095,25.10214,-15.94299],"to":[4.57957,26.24228,-15.37292],"rotation":{"angle":0,"axis":"y","origin":[7.71496,26.81235,-15.94299]},"faces":{"north":{"uv":[0,0,1,2],"texture":"#0"},"east":{"uv":[0,0,1,2],"texture":"#0"},"south":{"uv":[0,0,1,2],"texture":"#0"},"west":{"uv":[0,0,1,2],"texture":"#0"},"up":{"uv":[0,0,1,1],"texture":"#0"},"down":{"uv":[0,0,1,1],"texture":"#0"}}},{"from":[11.42043,25.10214,-15.94299],"to":[11.9905,26.24228,-15.37292],"rotation":{"angle":0,"axis":"y","origin":[15.12589,26.81235,-15.94299]},"faces":{"north":{"uv":[0,0,1,2],"texture":"#0"},"east":{"uv":[0,0,1,2],"texture":"#0"},"south":{"uv":[0,0,1,2],"texture":"#0"},"west":{"uv":[0,0,1,2],"texture":"#0"},"up":{"uv":[0,0,1,1],"texture":"#0"},"down":{"uv":[0,0,1,1],"texture":"#0"}}},{"from":[11.42043,19.40143,-15.94299],"to":[11.9905,20.54157,-15.37292],"rotation":{"angle":0,"axis":"y","origin":[15.12589,21.11164,-15.94299]},"faces":{"north":{"uv":[0,0,1,2],"texture":"#0"},"east":{"uv":[0,0,1,2],"texture":"#0"},"south":{"uv":[0,0,1,2],"texture":"#0"},"west":{"uv":[0,0,1,2],"texture":"#0"},"up":{"uv":[0,0,1,1],"texture":"#0"},"down":{"uv":[0,0,1,1],"texture":"#0"}}},{"from":[4.0095,19.40143,-15.94299],"to":[4.57957,20.54157,-15.37292],"rotation":{"angle":0,"axis":"y","origin":[7.71496,21.11164,-15.94299]},"faces":{"north":{"uv":[0,0,1,2],"texture":"#0"},"east":{"uv":[0,0,1,2],"texture":"#0"},"south":{"uv":[0,0,1,2],"texture":"#0"},"west":{"uv":[0,0,1,2],"texture":"#0"},"up":{"uv":[0,0,1,1],"texture":"#0"},"down":{"uv":[0,0,1,1],"texture":"#0"}}},{"from":[3.43943,20.54157,-15.94299],"to":[4.0095,21.68171,-15.37292],"rotation":{"angle":0,"axis":"y","origin":[7.14489,22.25178,-15.94299]},"faces":{"north":{"uv":[0,0,1,2],"texture":"#0"},"east":{"uv":[0,0,1,2],"texture":"#0"},"south":{"uv":[0,0,1,2],"texture":"#0"},"west":{"uv":[0,0,1,2],"texture":"#0"},"up":{"uv":[0,0,1,1],"texture":"#0"},"down":{"uv":[0,0,1,1],"texture":"#0"}}},{"from":[11.9905,20.54157,-15.94299],"to":[12.56057,21.68171,-15.37292],"rotation":{"angle":0,"axis":"y","origin":[15.69596,22.25178,-15.94299]},"faces":{"north":{"uv":[0,0,1,2],"texture":"#0"},"east":{"uv":[0,0,1,2],"texture":"#0"},"south":{"uv":[0,0,1,2],"texture":"#0"},"west":{"uv":[0,0,1,2],"texture":"#0"},"up":{"uv":[0,0,1,1],"texture":"#0"},"down":{"uv":[0,0,1,1],"texture":"#0"}}}]}
