{
	"textures": {
		"0": "omega-flowey:custom/pipe/polished_andesite"
	},
	"display": {
		"head": {
			"rotation": [0, 180, 0]
		}
	},
	"elements": [
		{
			"from": [3.99687, -4, 4],
			"to": [11.99688, 20, 12],
			"rotation": {
				"angle": 0,
				"axis": "y",
				"origin": [7.99687, 38, 10]
			},
			"faces": {
				"north": {
					"uv": [4, 0, 0, 12],
					"texture": "#0"
				},
				"east": {
					"uv": [4, 0, 0, 12],
					"texture": "#0"
				},
				"south": {
					"uv": [4, 0, 0, 12],
					"texture": "#0"
				},
				"west": {
					"uv": [4, 0, 0, 12],
					"texture": "#0"
				},
				"up": {
					"uv": [4, 0, 0, 4],
					"texture": "#0"
				},
				"down": {
					"uv": [4, 0, 0, 4],
					"texture": "#0"
				}
			}
		},
		{
			"from": [3.99687, 4, -4],
			"to": [12.00937, 12, 20],
			"rotation": {
				"angle": 0,
				"axis": "y",
				"origin": [5.99687, 6, 8]
			},
			"faces": {
				"north": {
					"uv": [4, 0, 0, 4],
					"rotation": 180,
					"texture": "#0"
				},
				"east": {
					"uv": [4, 0, 0, 12],
					"rotation": 90,
					"texture": "#0"
				},
				"south": {
					"uv": [4, 0, 0, 4],
					"rotation": 180,
					"texture": "#0"
				},
				"west": {
					"uv": [4, 0, 0, 12],
					"rotation": 90,
					"texture": "#0"
				},
				"up": {
					"uv": [12, 0, 0, 4],
					"rotation": 90,
					"texture": "#0"
				},
				"down": {
					"uv": [12, 0, 0, 4],
					"rotation": 90,
					"texture": "#0"
				}
			}
		},
		{
			"from": [11.83125, -2.70937, 4.5],
			"to": [15.83125, 11.79063, 11.5],
			"rotation": {
				"angle": 0,
				"axis": "y",
				"origin": [7.20625, 33.29063, 10]
			},
			"faces": {
				"north": {
					"uv": [2, 0, 0, 8],
					"texture": "#0"
				},
				"east": {
					"uv": [2, 0, 0, 8],
					"texture": "#0"
				},
				"south": {
					"uv": [4, 0, 2, 8],
					"texture": "#0"
				},
				"west": {
					"uv": [2, 0, 0, 8],
					"texture": "#0"
				},
				"up": {
					"uv": [4, 0, 2, 4],
					"texture": "#0"
				},
				"down": {
					"uv": [4, 0, 2, 4],
					"texture": "#0"
				}
			}
		}
	]
}
