{
	"textures": {
		"0": "omega-flowey:custom/pipe/polished_andesite"
	},
	"display": {
		"head": {
			"rotation": [0, 180, 0]
		}
	},
	"elements": [
		{
			"from": [4.00312, -4, 4],
			"to": [12.00312, 20, 12],
			"rotation": {
				"angle": 0,
				"axis": "y",
				"origin": [8.00312, 54, 10]
			},
			"faces": {
				"north": {
					"uv": [4, 0, 0, 12],
					"texture": "#0"
				},
				"east": {
					"uv": [4, 0, 0, 12],
					"texture": "#0"
				},
				"south": {
					"uv": [4, 0, 0, 12],
					"texture": "#0"
				},
				"west": {
					"uv": [4, 0, 0, 12],
					"texture": "#0"
				},
				"up": {
					"uv": [4, 0, 0, 4],
					"texture": "#0"
				},
				"down": {
					"uv": [4, 0, 0, 4],
					"texture": "#0"
				}
			}
		},
		{
			"from": [4.00312, 4, -4],
			"to": [11.99062, 12, 20],
			"rotation": {
				"angle": 0,
				"axis": "y",
				"origin": [6.00312, 22, 8]
			},
			"faces": {
				"north": {
					"uv": [4, 0, 0, 4],
					"rotation": 180,
					"texture": "#0"
				},
				"east": {
					"uv": [4, 0, 0, 12],
					"rotation": 90,
					"texture": "#0"
				},
				"south": {
					"uv": [4, 0, 0, 4],
					"rotation": 180,
					"texture": "#0"
				},
				"west": {
					"uv": [4, 0, 0, 12],
					"rotation": 90,
					"texture": "#0"
				},
				"up": {
					"uv": [12, 0, 0, 4],
					"rotation": 90,
					"texture": "#0"
				},
				"down": {
					"uv": [12, 0, 0, 4],
					"rotation": 90,
					"texture": "#0"
				}
			}
		},
		{
			"from": [12, -2.99687, 4.5],
			"to": [16, 11.50313, 11.5],
			"rotation": {
				"angle": 0,
				"axis": "y",
				"origin": [112, 6.00313, 10]
			},
			"faces": {
				"north": {
					"uv": [2, 0, 0, 8],
					"texture": "#0"
				},
				"east": {
					"uv": [2, 0, 0, 8],
					"texture": "#0"
				},
				"south": {
					"uv": [4, 0, 2, 8],
					"texture": "#0"
				},
				"west": {
					"uv": [2, 0, 0, 8],
					"texture": "#0"
				},
				"up": {
					"uv": [4, 0, 2, 4],
					"texture": "#0"
				},
				"down": {
					"uv": [4, 0, 2, 4],
					"texture": "#0"
				}
			}
		}
	]
}
