{
	"textures": {
		"0": "omega-flowey:custom/pipe/polished_andesite"
	},
	"display": {
		"head": {
			"rotation": [0, 180, 0]
		}
	},
	"elements": [
		{
			"from": [3.825, 4.16666, -4],
			"to": [11.825, 12.16666, 20],
			"rotation": {
				"angle": 0,
				"axis": "y",
				"origin": [11.825, 4.16666, 8]
			},
			"faces": {
				"north": {
					"uv": [4, 0, 0, 4],
					"rotation": 180,
					"texture": "#0"
				},
				"east": {
					"uv": [12, 0, 0, 4],
					"rotation": 180,
					"texture": "#0"
				},
				"south": {
					"uv": [4, 0, 0, 4],
					"rotation": 180,
					"texture": "#0"
				},
				"west": {
					"uv": [12, 0, 0, 4],
					"rotation": 180,
					"texture": "#0"
				},
				"up": {
					"uv": [12, 0, 0, 4],
					"rotation": 90,
					"texture": "#0"
				},
				"down": {
					"uv": [12, 0, 0, 4],
					"rotation": 90,
					"texture": "#0"
				}
			}
		},
		{
			"from": [4.325, 12.16666, 4.5],
			"to": [18.825, 16.16666, 11.5],
			"rotation": {
				"angle": 0,
				"axis": "y",
				"origin": [21.825, 40.16666, 10]
			},
			"faces": {
				"north": {
					"uv": [8, 2, 0, 4],
					"texture": "#0"
				},
				"east": {
					"uv": [4, 2, 0, 4],
					"texture": "#0"
				},
				"south": {
					"uv": [8, 2, 0, 4],
					"texture": "#0"
				},
				"west": {
					"uv": [4, 2, 0, 4],
					"texture": "#0"
				},
				"up": {
					"uv": [8, 2, 0, 4],
					"texture": "#0"
				},
				"down": {
					"uv": [8, 2, 0, 4],
					"texture": "#0"
				}
			}
		},
		{
			"from": [11.825, 4.16666, 4],
			"to": [19.825, 12.16666, 12],
			"rotation": {
				"angle": 0,
				"axis": "y",
				"origin": [11.825, 4.16666, 8]
			},
			"faces": {
				"north": {
					"uv": [4, 0, 0, 4],
					"texture": "#0"
				},
				"east": {
					"uv": [4, 0, 0, 4],
					"texture": "#0"
				},
				"south": {
					"uv": [4, 0, 0, 4],
					"texture": "#0"
				},
				"west": {
					"uv": [4, 0, 0, 4],
					"texture": "#0"
				},
				"up": {
					"uv": [4, 0, 0, 4],
					"texture": "#0"
				},
				"down": {
					"uv": [4, 0, 0, 4],
					"texture": "#0"
				}
			}
		},
		{
			"from": [3.875, -3.83334, 4],
			"to": [11.825, 4.16666, 12],
			"rotation": {
				"angle": 0,
				"axis": "y",
				"origin": [11.825, 4.16666, 8]
			},
			"faces": {
				"north": {
					"uv": [4, 0, 0, 4],
					"texture": "#0"
				},
				"east": {
					"uv": [4, 0, 0, 4],
					"texture": "#0"
				},
				"south": {
					"uv": [4, 0, 0, 4],
					"texture": "#0"
				},
				"west": {
					"uv": [4, 0, 0, 4],
					"texture": "#0"
				},
				"up": {
					"uv": [4, 0, 0, 4],
					"texture": "#0"
				},
				"down": {
					"uv": [4, 0, 0, 4],
					"texture": "#0"
				}
			}
		}
	]
}
