{
	"textures": {
		"0": "omega-flowey:custom/pipe/polished_andesite"
	},
	"display": {
		"head": {
			"rotation": [0, 180, 0]
		}
	},
	"elements": [
		{
			"from": [4.01713, -3.95796, 4.01401],
			"to": [11.9891, 19.95796, 11.98599],
			"rotation": {
				"angle": 0,
				"axis": "y",
				"origin": [8.00311, 37.8949, 9.99299]
			},
			"faces": {
				"north": {
					"uv": [4, 0, 0, 12],
					"texture": "#0"
				},
				"east": {
					"uv": [4, 0, 0, 12],
					"texture": "#0"
				},
				"south": {
					"uv": [4, 0, 0, 12],
					"texture": "#0"
				},
				"west": {
					"uv": [4, 0, 0, 12],
					"texture": "#0"
				},
				"up": {
					"uv": [4, 0, 0, 4],
					"texture": "#0"
				},
				"down": {
					"uv": [4, 0, 0, 4],
					"texture": "#0"
				}
			}
		},
		{
			"from": [4.01713, 4.01401, -3.95796],
			"to": [11.97664, 11.98599, 19.95796],
			"rotation": {
				"angle": 0,
				"axis": "y",
				"origin": [6.01012, 6.00701, 8]
			},
			"faces": {
				"north": {
					"uv": [4, 0, 0, 4],
					"rotation": 180,
					"texture": "#0"
				},
				"east": {
					"uv": [4, 0, 0, 12],
					"rotation": 90,
					"texture": "#0"
				},
				"south": {
					"uv": [4, 0, 0, 4],
					"rotation": 180,
					"texture": "#0"
				},
				"west": {
					"uv": [4, 0, 0, 12],
					"rotation": 90,
					"texture": "#0"
				},
				"up": {
					"uv": [12, 0, 0, 4],
					"rotation": 90,
					"texture": "#0"
				},
				"down": {
					"uv": [12, 0, 0, 4],
					"rotation": 90,
					"texture": "#0"
				}
			}
		},
		{
			"from": [8.58336, 5.59284, 4.51226],
			"to": [12.56935, 20.04204, 11.48774],
			"rotation": {
				"angle": 0,
				"axis": "y",
				"origin": [-3.3746, 6.58933, 9.99299]
			},
			"faces": {
				"north": {
					"uv": [2, 0, 0, 8],
					"texture": "#0"
				},
				"east": {
					"uv": [2, 0, 0, 8],
					"texture": "#0"
				},
				"south": {
					"uv": [4, 0, 2, 8],
					"texture": "#0"
				},
				"west": {
					"uv": [2, 0, 0, 8],
					"texture": "#0"
				},
				"up": {
					"uv": [4, 0, 2, 4],
					"texture": "#0"
				},
				"down": {
					"uv": [4, 0, 2, 4],
					"texture": "#0"
				}
			}
		}
	]
}
