{
	"textures": {
		"0": "omega-flowey:custom/pipe/polished_andesite"
	},
	"display": {
		"head": {
			"rotation": [0, 180, 0]
		}
	},
	"elements": [
		{
			"from": [1.325, 5.41667, -4],
			"to": [9.325, 13.41667, 20],
			"rotation": {
				"angle": 0,
				"axis": "y",
				"origin": [17.325, 9.41667, 8]
			},
			"faces": {
				"north": {
					"uv": [4, 0, 0, 4],
					"rotation": 180,
					"texture": "#0"
				},
				"east": {
					"uv": [12, 0, 0, 4],
					"rotation": 180,
					"texture": "#0"
				},
				"south": {
					"uv": [4, 0, 0, 4],
					"rotation": 180,
					"texture": "#0"
				},
				"west": {
					"uv": [12, 0, 0, 4],
					"rotation": 180,
					"texture": "#0"
				},
				"up": {
					"uv": [12, 0, 0, 4],
					"rotation": 90,
					"texture": "#0"
				},
				"down": {
					"uv": [12, 0, 0, 4],
					"rotation": 90,
					"texture": "#0"
				}
			}
		},
		{
			"from": [9.325, 5.41667, 4],
			"to": [17.325, 13.41667, 12],
			"rotation": {
				"angle": 0,
				"axis": "y",
				"origin": [19.325, 41.41667, 10]
			},
			"faces": {
				"north": {
					"uv": [4, 0, 0, 4],
					"texture": "#0"
				},
				"east": {
					"uv": [4, 0, 0, 4],
					"texture": "#0"
				},
				"south": {
					"uv": [4, 0, 0, 4],
					"texture": "#0"
				},
				"west": {
					"uv": [4, 0, 0, 8],
					"texture": "#0"
				},
				"up": {
					"uv": [4, 0, 0, 4],
					"texture": "#0"
				},
				"down": {
					"uv": [4, 0, 0, 4],
					"texture": "#0"
				}
			}
		},
		{
			"from": [-2.625, -2.16666, 4.5],
			"to": [1.375, 12.33334, 11.5],
			"rotation": {
				"angle": 0,
				"axis": "y",
				"origin": [28.575, -42.66666, 10]
			},
			"faces": {
				"north": {
					"uv": [8, 2, 0, 4],
					"rotation": 270,
					"texture": "#0"
				},
				"east": {
					"uv": [8, 2, 0, 4],
					"rotation": 90,
					"texture": "#0"
				},
				"south": {
					"uv": [8, 2, 0, 4],
					"rotation": 90,
					"texture": "#0"
				},
				"west": {
					"uv": [8, 2, 0, 4],
					"rotation": 90,
					"texture": "#0"
				},
				"up": {
					"uv": [4, 2, 0, 4],
					"rotation": 90,
					"texture": "#0"
				},
				"down": {
					"uv": [4, 2, 0, 4],
					"rotation": 90,
					"texture": "#0"
				}
			}
		},
		{
			"from": [1.375, -2.58333, 4],
			"to": [9.325, 12.91667, 12],
			"rotation": {
				"angle": 0,
				"axis": "y",
				"origin": [19.325, 41.41667, 10]
			},
			"faces": {
				"north": {
					"uv": [4, 0, 0, 8],
					"texture": "#0"
				},
				"east": {
					"uv": [4, 0, 0, 8],
					"texture": "#0"
				},
				"south": {
					"uv": [4, 0, 0, 8],
					"texture": "#0"
				},
				"west": {
					"uv": [4, 0, 0, 8],
					"texture": "#0"
				},
				"up": {
					"uv": [4, 0, 0, 4],
					"texture": "#0"
				},
				"down": {
					"uv": [4, 0, 0, 4],
					"texture": "#0"
				}
			}
		}
	]
}
