{"textures":{"0":"omega-flowey:custom/pipe/polished_andesite"},"display":{"head":{"rotation":[0,180,0]}},"elements":[{"from":[2.49199,-2.22996,7.33101],"to":[3.82997,1.78397,8.66899],"rotation":{"angle":0,"axis":"y","origin":[43.96934,-16.86411,7.66551]},"faces":{"north":{"uv":[4,0,0,12],"texture":"#0"},"east":{"uv":[4,0,0,12],"texture":"#0"},"south":{"uv":[4,0,0,12],"texture":"#0"},"west":{"uv":[4,0,0,12],"texture":"#0"},"up":{"uv":[4,0,0,4],"texture":"#0"},"down":{"uv":[4,0,0,4],"texture":"#0"}}},{"from":[2.49199,-0.89199,5.99303],"to":[3.82997,0.44599,10.00697],"rotation":{"angle":0,"axis":"y","origin":[43.63484,-22.21603,7.33101]},"faces":{"north":{"uv":[4,0,0,4],"rotation":180,"texture":"#0"},"east":{"uv":[4,0,0,12],"rotation":90,"texture":"#0"},"south":{"uv":[4,0,0,4],"rotation":180,"texture":"#0"},"west":{"uv":[4,0,0,12],"rotation":90,"texture":"#0"},"up":{"uv":[12,0,0,4],"rotation":90,"texture":"#0"},"down":{"uv":[12,0,0,4],"rotation":90,"texture":"#0"}}},{"from":[1.15401,-2.22996,7.33101],"to":[2.49199,1.78397,8.66899],"rotation":{"angle":0,"axis":"y","origin":[42.63136,-16.86411,7.66551]},"faces":{"north":{"uv":[4,0,0,12],"texture":"#0"},"east":{"uv":[4,0,0,12],"texture":"#0"},"south":{"uv":[4,0,0,12],"texture":"#0"},"west":{"uv":[4,0,0,12],"texture":"#0"},"up":{"uv":[4,0,0,4],"texture":"#0"},"down":{"uv":[4,0,0,4],"texture":"#0"}}},{"from":[1.15401,-0.89199,5.99303],"to":[2.49199,0.44599,10.00697],"rotation":{"angle":0,"axis":"y","origin":[42.29686,-22.21603,7.33101]},"faces":{"north":{"uv":[4,0,0,4],"rotation":180,"texture":"#0"},"east":{"uv":[4,0,0,12],"rotation":90,"texture":"#0"},"south":{"uv":[4,0,0,4],"rotation":180,"texture":"#0"},"west":{"uv":[4,0,0,12],"rotation":90,"texture":"#0"},"up":{"uv":[12,0,0,4],"rotation":90,"texture":"#0"},"down":{"uv":[12,0,0,4],"rotation":90,"texture":"#0"}}},{"from":[3.82997,-0.89199,5.99303],"to":[5.16794,0.44599,10.00697],"rotation":{"angle":0,"axis":"y","origin":[44.97282,-22.21603,7.33101]},"faces":{"north":{"uv":[4,0,0,4],"rotation":180,"texture":"#0"},"east":{"uv":[4,0,0,12],"rotation":90,"texture":"#0"},"south":{"uv":[4,0,0,4],"rotation":180,"texture":"#0"},"west":{"uv":[4,0,0,12],"rotation":90,"texture":"#0"},"up":{"uv":[12,0,0,4],"rotation":90,"texture":"#0"},"down":{"uv":[12,0,0,4],"rotation":90,"texture":"#0"}}},{"from":[3.82997,-2.22996,7.33101],"to":[5.16794,1.78397,8.66899],"rotation":{"angle":0,"axis":"y","origin":[45.30732,-16.86411,7.66551]},"faces":{"north":{"uv":[4,0,0,12],"texture":"#0"},"east":{"uv":[4,0,0,12],"texture":"#0"},"south":{"uv":[4,0,0,12],"texture":"#0"},"west":{"uv":[4,0,0,12],"texture":"#0"},"up":{"uv":[4,0,0,4],"texture":"#0"},"down":{"uv":[4,0,0,4],"texture":"#0"}}},{"from":[5.16794,-0.89199,5.99303],"to":[6.50592,0.44599,10.00697],"rotation":{"angle":0,"axis":"y","origin":[46.3108,-22.21603,7.33101]},"faces":{"north":{"uv":[4,0,0,4],"rotation":180,"texture":"#0"},"east":{"uv":[4,0,0,12],"rotation":90,"texture":"#0"},"south":{"uv":[4,0,0,4],"rotation":180,"texture":"#0"},"west":{"uv":[4,0,0,12],"rotation":90,"texture":"#0"},"up":{"uv":[12,0,0,4],"rotation":90,"texture":"#0"},"down":{"uv":[12,0,0,4],"rotation":90,"texture":"#0"}}},{"from":[5.16794,-2.22996,7.33101],"to":[6.50592,1.78397,8.66899],"rotation":{"angle":0,"axis":"y","origin":[46.6453,-16.86411,7.66551]},"faces":{"north":{"uv":[4,0,0,12],"texture":"#0"},"east":{"uv":[4,0,0,12],"texture":"#0"},"south":{"uv":[4,0,0,12],"texture":"#0"},"west":{"uv":[4,0,0,12],"texture":"#0"},"up":{"uv":[4,0,0,4],"texture":"#0"},"down":{"uv":[4,0,0,4],"texture":"#0"}}},{"from":[9.18188,1.78397,7.33101],"to":[10.51986,7.13589,8.66899],"rotation":{"angle":0,"axis":"y","origin":[50.65923,-12.85017,7.66551]},"faces":{"north":{"uv":[4,0,0,16],"texture":"#0"},"east":{"uv":[4,0,0,16],"texture":"#0"},"south":{"uv":[4,0,0,16],"texture":"#0"},"west":{"uv":[4,0,0,16],"texture":"#0"},"up":{"uv":[4,0,0,4],"texture":"#0"},"down":{"uv":[4,0,0,4],"texture":"#0"}}},{"from":[7.8439,11.0662,7.33101],"to":[10.51986,15.08014,8.66899],"rotation":{"angle":0,"axis":"y","origin":[50.65923,-3.56794,7.66551]},"faces":{"north":{"uv":[8,0,0,12],"texture":"#0"},"east":{"uv":[4,0,0,12],"texture":"#0"},"south":{"uv":[8,0,0,12],"texture":"#0"},"west":{"uv":[4,0,0,12],"texture":"#0"},"up":{"uv":[8,0,0,4],"texture":"#0"},"down":{"uv":[8,0,0,4],"texture":"#0"}}},{"from":[6.50592,12.40418,7.33101],"to":[7.8439,17.7561,8.66899],"rotation":{"angle":0,"axis":"y","origin":[47.98328,-2.22996,7.66551]},"faces":{"north":{"uv":[4,0,0,16],"texture":"#0"},"east":{"uv":[4,0,0,16],"texture":"#0"},"south":{"uv":[4,0,0,16],"texture":"#0"},"west":{"uv":[4,0,0,16],"texture":"#0"},"up":{"uv":[4,0,0,4],"texture":"#0"},"down":{"uv":[4,0,0,4],"texture":"#0"}}},{"from":[5.16794,13.74216,7.33101],"to":[6.50592,15.08014,8.66899],"rotation":{"angle":0,"axis":"y","origin":[46.6453,-0.89199,7.66551]},"faces":{"north":{"uv":[4,0,0,4],"texture":"#0"},"east":{"uv":[4,0,0,4],"texture":"#0"},"south":{"uv":[4,0,0,4],"texture":"#0"},"west":{"uv":[4,0,0,4],"texture":"#0"},"up":{"uv":[4,0,0,4],"texture":"#0"},"down":{"uv":[4,0,0,4],"texture":"#0"}}},{"from":[3.82997,15.08014,7.33101],"to":[5.16794,17.7561,8.66899],"rotation":{"angle":0,"axis":"y","origin":[45.30732,0.44599,7.66551]},"faces":{"north":{"uv":[4,0,0,8],"texture":"#0"},"east":{"uv":[4,0,0,8],"texture":"#0"},"south":{"uv":[4,0,0,8],"texture":"#0"},"west":{"uv":[4,0,0,8],"texture":"#0"},"up":{"uv":[4,0,0,4],"texture":"#0"},"down":{"uv":[4,0,0,4],"texture":"#0"}}},{"from":[2.49199,17.7561,7.33101],"to":[6.50592,21.76167,8.66899],"rotation":{"angle":0,"axis":"y","origin":[45.30732,3.12195,7.66551]},"faces":{"north":{"uv":[12,0,0,12],"rotation":180,"texture":"#0"},"east":{"uv":[4,0,0,12],"texture":"#0"},"south":{"uv":[12,0,0,12],"rotation":180,"texture":"#0"},"west":{"uv":[4,0,0,12],"texture":"#0"},"up":{"uv":[12,0,0,4],"texture":"#0"},"down":{"uv":[12,0,0,4],"texture":"#0"}}},{"from":[10.51986,12.40418,7.33101],"to":[11.85784,13.74216,8.66899],"rotation":{"angle":0,"axis":"y","origin":[51.99721,-3.56794,7.66551]},"faces":{"north":{"uv":[4,0,0,4],"texture":"#0"},"east":{"uv":[4,0,0,4],"texture":"#0"},"south":{"uv":[4,0,0,4],"texture":"#0"},"west":{"uv":[4,0,0,4],"texture":"#0"},"up":{"uv":[4,0,0,4],"texture":"#0"},"down":{"uv":[4,0,0,4],"texture":"#0"}}},{"from":[6.50592,-0.89199,7.33101],"to":[7.8439,3.12195,8.66899],"rotation":{"angle":0,"axis":"y","origin":[47.98328,-15.52613,7.66551]},"faces":{"north":{"uv":[4,0,0,12],"texture":"#0"},"east":{"uv":[4,0,0,12],"texture":"#0"},"south":{"uv":[4,0,0,12],"texture":"#0"},"west":{"uv":[4,0,0,12],"texture":"#0"},"up":{"uv":[4,0,0,4],"texture":"#0"},"down":{"uv":[4,0,0,4],"texture":"#0"}}},{"from":[6.50592,0.44599,5.99303],"to":[7.8439,1.78397,10.00697],"rotation":{"angle":0,"axis":"y","origin":[47.64878,-20.87805,7.33101]},"faces":{"north":{"uv":[4,0,0,4],"rotation":180,"texture":"#0"},"east":{"uv":[4,0,0,12],"rotation":90,"texture":"#0"},"south":{"uv":[4,0,0,4],"rotation":180,"texture":"#0"},"west":{"uv":[4,0,0,12],"rotation":90,"texture":"#0"},"up":{"uv":[12,0,0,4],"rotation":90,"texture":"#0"},"down":{"uv":[12,0,0,4],"rotation":90,"texture":"#0"}}},{"from":[7.8439,1.78397,5.99303],"to":[9.18188,3.12195,10.00697],"rotation":{"angle":0,"axis":"y","origin":[48.98676,-19.54007,7.33101]},"faces":{"north":{"uv":[4,0,0,4],"rotation":180,"texture":"#0"},"east":{"uv":[4,0,0,12],"rotation":90,"texture":"#0"},"south":{"uv":[4,0,0,4],"rotation":180,"texture":"#0"},"west":{"uv":[4,0,0,12],"rotation":90,"texture":"#0"},"up":{"uv":[12,0,0,4],"rotation":90,"texture":"#0"},"down":{"uv":[12,0,0,4],"rotation":90,"texture":"#0"}}},{"from":[7.8439,0.44599,7.33101],"to":[9.18188,4.45993,8.66899],"rotation":{"angle":0,"axis":"y","origin":[49.32125,-14.18815,7.66551]},"faces":{"north":{"uv":[4,0,0,12],"texture":"#0"},"east":{"uv":[4,0,0,12],"texture":"#0"},"south":{"uv":[4,0,0,12],"texture":"#0"},"west":{"uv":[4,0,0,12],"texture":"#0"},"up":{"uv":[4,0,0,4],"texture":"#0"},"down":{"uv":[4,0,0,4],"texture":"#0"}}},{"from":[9.18188,3.12195,5.99303],"to":[10.51986,4.45993,10.00697],"rotation":{"angle":0,"axis":"y","origin":[50.32474,-18.20209,7.33101]},"faces":{"north":{"uv":[4,0,0,4],"rotation":180,"texture":"#0"},"east":{"uv":[4,0,0,12],"rotation":90,"texture":"#0"},"south":{"uv":[4,0,0,4],"rotation":180,"texture":"#0"},"west":{"uv":[4,0,0,12],"rotation":90,"texture":"#0"},"up":{"uv":[12,0,0,4],"rotation":90,"texture":"#0"},"down":{"uv":[12,0,0,4],"rotation":90,"texture":"#0"}}},{"from":[10.51986,11.0662,5.99303],"to":[11.85784,12.40418,10.00697],"rotation":{"angle":0,"axis":"y","origin":[51.66272,-10.17422,7.33101]},"faces":{"north":{"uv":[4,0,0,4],"rotation":180,"texture":"#0"},"east":{"uv":[4,0,0,12],"rotation":90,"texture":"#0"},"south":{"uv":[4,0,0,4],"rotation":180,"texture":"#0"},"west":{"uv":[4,0,0,12],"rotation":90,"texture":"#0"},"up":{"uv":[12,0,0,4],"rotation":90,"texture":"#0"},"down":{"uv":[12,0,0,4],"rotation":90,"texture":"#0"}}},{"from":[9.18188,12.40418,5.99303],"to":[10.51986,13.74216,10.00697],"rotation":{"angle":0,"axis":"y","origin":[50.32474,-8.83624,7.33101]},"faces":{"north":{"uv":[4,0,0,4],"rotation":180,"texture":"#0"},"east":{"uv":[4,0,0,12],"rotation":90,"texture":"#0"},"south":{"uv":[4,0,0,4],"rotation":180,"texture":"#0"},"west":{"uv":[4,0,0,12],"rotation":90,"texture":"#0"},"up":{"uv":[12,0,0,4],"rotation":90,"texture":"#0"},"down":{"uv":[12,0,0,4],"rotation":90,"texture":"#0"}}},{"from":[7.8439,12.40418,5.99303],"to":[9.18188,13.74216,10.00697],"rotation":{"angle":0,"axis":"y","origin":[48.98676,-8.83624,7.33101]},"faces":{"north":{"uv":[4,0,0,4],"rotation":180,"texture":"#0"},"east":{"uv":[4,0,0,12],"rotation":90,"texture":"#0"},"south":{"uv":[4,0,0,4],"rotation":180,"texture":"#0"},"west":{"uv":[4,0,0,12],"rotation":90,"texture":"#0"},"up":{"uv":[12,0,0,4],"rotation":90,"texture":"#0"},"down":{"uv":[12,0,0,4],"rotation":90,"texture":"#0"}}},{"from":[6.50592,13.74216,5.99303],"to":[7.8439,15.08014,10.00697],"rotation":{"angle":0,"axis":"y","origin":[47.64878,-7.49826,7.33101]},"faces":{"north":{"uv":[4,0,0,4],"rotation":180,"texture":"#0"},"east":{"uv":[4,0,0,12],"rotation":90,"texture":"#0"},"south":{"uv":[4,0,0,4],"rotation":180,"texture":"#0"},"west":{"uv":[4,0,0,12],"rotation":90,"texture":"#0"},"up":{"uv":[12,0,0,4],"rotation":90,"texture":"#0"},"down":{"uv":[12,0,0,4],"rotation":90,"texture":"#0"}}},{"from":[10.51986,7.05227,7.33101],"to":[14.5338,11.0662,8.66899],"rotation":{"angle":0,"axis":"y","origin":[54.33868,-14.27178,8.66899]},"faces":{"north":{"uv":[12,0,0,12],"rotation":180,"texture":"#0"},"east":{"uv":[12,0,0,4],"rotation":90,"texture":"#0"},"south":{"uv":[12,0,0,12],"rotation":180,"texture":"#0"},"west":{"uv":[12,0,0,4],"rotation":90,"texture":"#0"},"up":{"uv":[4,0,0,12],"rotation":90,"texture":"#0"},"down":{"uv":[4,0,0,12],"rotation":90,"texture":"#0"}}},{"from":[11.85784,7.05227,5.99303],"to":[13.19582,11.0662,10.00697],"rotation":{"angle":0,"axis":"y","origin":[53.33519,-7.58188,7.66551]},"faces":{"north":{"uv":[4,0,0,12],"texture":"#0"},"east":{"uv":[12,0,0,12],"texture":"#0"},"south":{"uv":[4,0,0,12],"texture":"#0"},"west":{"uv":[4,0,0,12],"texture":"#0"},"up":{"uv":[4,0,0,12],"texture":"#0"},"down":{"uv":[4,0,0,12],"texture":"#0"}}},{"from":[10.51986,4.37631,5.99303],"to":[11.85784,7.05227,10.00697],"rotation":{"angle":0,"axis":"y","origin":[51.66272,-16.94773,7.33101]},"faces":{"north":{"uv":[4,0,0,4],"rotation":180,"texture":"#0"},"east":{"uv":[8,0,0,12],"rotation":90,"texture":"#0"},"south":{"uv":[4,0,0,8],"rotation":180,"texture":"#0"},"west":{"uv":[8,0,0,12],"rotation":90,"texture":"#0"},"up":{"uv":[12,0,0,4],"rotation":90,"texture":"#0"},"down":{"uv":[12,0,0,4],"rotation":90,"texture":"#0"}}},{"from":[5.16794,15.08014,5.99303],"to":[6.50592,17.7561,10.00697],"rotation":{"angle":0,"axis":"y","origin":[46.3108,-6.16028,7.33101]},"faces":{"north":{"uv":[4,0,0,4],"rotation":180,"texture":"#0"},"east":{"uv":[8,0,0,12],"rotation":90,"texture":"#0"},"south":{"uv":[4,0,0,8],"rotation":180,"texture":"#0"},"west":{"uv":[8,0,0,12],"rotation":90,"texture":"#0"},"up":{"uv":[12,0,0,4],"rotation":90,"texture":"#0"},"down":{"uv":[12,0,0,4],"rotation":90,"texture":"#0"}}},{"from":[3.82997,17.7561,5.99303],"to":[5.16794,21.77004,10.00697],"rotation":{"angle":0,"axis":"y","origin":[44.97282,-3.48432,7.33101]},"faces":{"north":{"uv":[4,0,0,12],"rotation":180,"texture":"#0"},"east":{"uv":[12,0,0,12],"rotation":180,"texture":"#0"},"south":{"uv":[4,0,0,12],"rotation":180,"texture":"#0"},"west":{"uv":[12,0,0,12],"rotation":180,"texture":"#0"},"up":{"uv":[12,0,0,4],"rotation":90,"texture":"#0"},"down":{"uv":[12,0,0,4],"rotation":90,"texture":"#0"}}},{"from":[10.51986,3.03833,7.33101],"to":[11.85784,7.05227,8.66899],"rotation":{"angle":0,"axis":"y","origin":[51.99721,-11.59582,7.66551]},"faces":{"north":{"uv":[4,0,0,12],"texture":"#0"},"east":{"uv":[4,0,0,12],"texture":"#0"},"south":{"uv":[4,0,0,12],"texture":"#0"},"west":{"uv":[4,0,0,12],"texture":"#0"},"up":{"uv":[4,0,0,4],"texture":"#0"},"down":{"uv":[4,0,0,4],"texture":"#0"}}},{"from":[11.85784,4.37631,7.33101],"to":[13.19582,7.05227,8.66899],"rotation":{"angle":0,"axis":"y","origin":[53.33519,-10.25784,7.66551]},"faces":{"north":{"uv":[4,0,0,8],"texture":"#0"},"east":{"uv":[4,0,0,8],"texture":"#0"},"south":{"uv":[4,0,0,8],"texture":"#0"},"west":{"uv":[4,0,0,8],"texture":"#0"},"up":{"uv":[4,0,0,4],"texture":"#0"},"down":{"uv":[4,0,0,4],"texture":"#0"}}},{"from":[11.85784,11.0662,7.33101],"to":[13.19582,12.40418,8.66899],"rotation":{"angle":0,"axis":"y","origin":[53.33519,-3.56794,7.66551]},"faces":{"north":{"uv":[4,0,0,4],"texture":"#0"},"east":{"uv":[4,0,0,4],"texture":"#0"},"south":{"uv":[4,0,0,4],"texture":"#0"},"west":{"uv":[4,0,0,4],"texture":"#0"},"up":{"uv":[4,0,0,4],"texture":"#0"},"down":{"uv":[4,0,0,4],"texture":"#0"}}}]}
