{"stat.useItem.minecraft.splash_potion":5,"stat.walkOneCm":173843,"stat.playerKills":2,"stat.leaveGame":4,"stat.jump":884,"stat.swimOneCm":3523,"stat.pickup.minecraft.prismarine":12,"stat.fallOneCm":30091,"stat.climbOneCm":3043,"stat.drop.minecraft.stained_hardened_clay":1,"stat.crouchOneCm":4805,"stat.useItem.minecraft.stained_hardened_clay":1574,"stat.useItem.minecraft.redstone_torch":28,"stat.sprintOneCm":262697,"achievement.exploreAllBiomes":{"value":0,"progress":["Plains"]},"achievement.openInventory":24,"stat.pickup.minecraft.potion":11,"stat.useItem.minecraft.barrier":12,"stat.damageTaken":4641,"stat.aviateOneCm":4201,"stat.pickup.minecraft.dye":37,"stat.flyOneCm":1160471,"stat.deaths":11,"stat.drop":1,"stat.playOneMinute":127710,"stat.sneakTime":4882,"stat.pickup.minecraft.stained_glass":10,"stat.damageDealt":311,"stat.timeSinceDeath":13767,"stat.pickup.minecraft.stained_hardened_clay":1,"stat.diveOneCm":4045}