{"stat.chestOpened":1,"stat.walkOneCm":332841,"achievement.openInventory":2,"stat.pickup.minecraft.potion":19,"stat.leaveGame":4,"stat.damageTaken":7298,"stat.pickup.minecraft.dye":65,"stat.flyOneCm":350434,"stat.deaths":13,"stat.drop":2,"stat.jump":768,"stat.swimOneCm":2496,"stat.drop.minecraft.skull":2,"stat.playOneMinute":65818,"stat.pickup.minecraft.prismarine":21,"stat.fallOneCm":13515,"stat.climbOneCm":2730,"stat.sneakTime":2559,"stat.pickup.minecraft.stained_glass":23,"stat.damageDealt":16,"stat.crouchOneCm":7200,"stat.timeSinceDeath":3402,"stat.sprintOneCm":299484,"achievement.exploreAllBiomes":{"value":0,"progress":["Plains"]},"stat.diveOneCm":69,"stat.pickup.minecraft.skull":1}