{"stat.flyOneCm":51352,"stat.deaths":12,"stat.walkOneCm":247747,"stat.jump":219,"stat.playOneMinute":60052,"stat.pickup.minecraft.prismarine":5,"stat.fallOneCm":10585,"stat.climbOneCm":3003,"stat.pickup.minecraft.potion":4,"stat.leaveGame":1,"stat.sneakTime":243,"stat.pickup.minecraft.stained_glass":6,"stat.damageTaken":4158,"stat.damageDealt":25,"stat.crouchOneCm":488,"stat.entityKilledBy.Witch":1,"stat.timeSinceDeath":547,"stat.sprintOneCm":110397,"achievement.exploreAllBiomes":{"value":0,"progress":["Plains"]},"stat.pickup.minecraft.dye":29}