{"stat.flyOneCm":74324,"stat.pickup.minecraft.sandstone":1,"stat.deaths":1,"stat.walkOneCm":10011,"stat.drop":1,"stat.jump":173,"stat.swimOneCm":928,"stat.playOneMinute":6069,"stat.fallOneCm":5733,"stat.leaveGame":1,"stat.sneakTime":156,"stat.drop.minecraft.coal_block":1,"stat.damageTaken":239,"stat.useItem.minecraft.coal_block":1,"stat.crouchOneCm":187,"stat.timeSinceDeath":2284,"stat.sprintOneCm":22268,"achievement.exploreAllBiomes":{"value":0,"progress":["Plains"]},"stat.useItem.minecraft.sandstone":1}