{"stat.useItem.minecraft.string":14,"stat.useItem.minecraft.bow":97,"stat.useItem.minecraft.chain_command_block":140,"stat.useItem.minecraft.quartz_block":15,"stat.pickup.minecraft.redstone_torch":3,"stat.useItem.minecraft.repeater":24,"stat.leaveGame":30,"stat.useItem.minecraft.bookshelf":12,"stat.useItem.minecraft.skull":16,"stat.useItem.minecraft.diamond_sword":83,"stat.useItem.minecraft.glowstone":86,"stat.swimOneCm":13298,"stat.useItem.minecraft.snow":129,"stat.climbOneCm":13764,"stat.useItem.minecraft.planks":127,"stat.useItem.minecraft.end_rod":146,"stat.useItem.minecraft.coal_block":166,"stat.useItem.minecraft.obsidian":11,"stat.useItem.minecraft.redstone_torch":19,"achievement.exploreAllBiomes":{"value":0,"progress":["Plains"]},"stat.useItem.minecraft.water_bucket":26,"stat.useItem.minecraft.vine":33,"stat.useItem.minecraft.purpur_stairs":11,"stat.drop.minecraft.splash_potion":1,"stat.aviateOneCm":12566,"stat.flyOneCm":10969098,"stat.pickup.minecraft.chain_command_block":1,"stat.useItem.minecraft.cooked_beef":1,"stat.killEntity.Villager":4,"stat.timeSinceDeath":0,"stat.hopperInspected":1,"stat.useItem.minecraft.sign":124,"stat.pickup.minecraft.stained_hardened_clay":3,"stat.useItem.minecraft.spawn_egg":4,"stat.useItem.minecraft.wooden_slab":47,"stat.useItem.minecraft.iron_door":1,"stat.pickup.minecraft.stonebrick":1,"stat.drop.minecraft.spawn_egg":1,"stat.drop.minecraft.stone_slab":1,"stat.pickup.minecraft.prismarine":11,"stat.useItem.minecraft.redstone":91,"stat.drop.minecraft.stained_hardened_clay":3,"stat.useItem.minecraft.sea_lantern":61,"stat.drop.minecraft.obsidian":1,"stat.useItem.minecraft.stained_glass":137,"stat.sprintOneCm":976692,"stat.pickup.minecraft.end_rod":2,"stat.useItem.minecraft.fence":1,"stat.drop.minecraft.potion":6,"stat.useItem.minecraft.stone_slab":26,"stat.drop.minecraft.spectral_arrow":15,"achievement.openInventory":372,"stat.pickup.minecraft.potion":13,"stat.useItem.minecraft.wooden_button":2,"stat.useItem.minecraft.stone_pressure_plate":10,"stat.useItem.minecraft.lingering_potion":234,"stat.useItem.minecraft.bucket":14,"stat.deaths":69,"stat.drop":39,"stat.playOneMinute":2372241,"stat.entityKilledBy.Slime":4,"stat.pickup.minecraft.iron_block":1,"stat.useItem.minecraft.birch_stairs":6,"stat.pickup.minecraft.fire_charge":1,"stat.diveOneCm":845,"stat.chestOpened":1,"stat.useItem.minecraft.splash_potion":21,"stat.pickup.minecraft.sign":1,"stat.useItem.minecraft.stone":9,"stat.useItem.minecraft.quartz_stairs":55,"stat.useItem.minecraft.sponge":5,"stat.drop.minecraft.cooked_beef":2,"stat.pickup.minecraft.obsidian":1,"stat.useItem.minecraft.carpet":58,"stat.useItem.minecraft.potion":1,"stat.useItem.minecraft.stained_glass_pane":60,"stat.useItem.minecraft.packed_ice":82,"stat.jump":3432,"stat.fallOneCm":211947,"stat.drop.minecraft.stone":1,"stat.drop.minecraft.diamond_sword":2,"stat.crouchOneCm":58136,"stat.useItem.minecraft.stone_button":7,"stat.dropperInspected":1,"stat.useItem.minecraft.glass":3,"stat.boatOneCm":344,"stat.useItem.minecraft.redstone_lamp":8,"stat.damageTaken":33770,"stat.pickup.minecraft.feather":1,"stat.useItem.minecraft.stone_brick_stairs":15,"stat.pickup.minecraft.dye":48,"stat.entityKilledBy.Zombie":2,"stat.pickup.minecraft.stained_glass":11,"stat.damageDealt":4811,"stat.useItem.minecraft.wool":68,"stat.useItem.minecraft.command_block":177,"stat.walkOneCm":1018089,"stat.playerKills":20,"stat.useItem.minecraft.pumpkin":14,"stat.drop.minecraft.fire_charge":1,"stat.useItem.minecraft.tnt":6,"stat.useItem.minecraft.emerald_block":6,"stat.useItem.minecraft.gold_ore":5,"stat.drop.minecraft.iron_block":1,"stat.drop.minecraft.sign":3,"stat.useItem.minecraft.redstone_block":60,"stat.useItem.minecraft.item_frame":19,"stat.mineBlock.minecraft.end_rod":1,"stat.pickup.minecraft.stone":1,"stat.pickup.minecraft.chicken":1,"stat.pickup.minecraft.tipped_arrow":7,"stat.useItem.minecraft.stained_hardened_clay":1015,"stat.useItem.minecraft.leaves":22,"stat.pickup.minecraft.cooked_beef":8,"stat.useItem.minecraft.netherrack":1,"stat.useItem.minecraft.barrier":40,"stat.useItem.minecraft.iron_block":2,"stat.drop.minecraft.end_rod":1,"stat.mobKills":7,"stat.useItem.minecraft.stonebrick":2,"stat.useItem.minecraft.golden_apple":3,"stat.useItem.minecraft.boat":1,"stat.sneakTime":29329,"stat.useItem.minecraft.purpur_slab":120,"stat.pickup.minecraft.stone_slab":1,"stat.useItem.minecraft.sandstone":551}