{"stat.useItem.minecraft.quartz_block":139,"stat.leaveGame":9,"stat.drop.minecraft.prismarine_crystals":2,"stat.useItem.minecraft.skull":1,"stat.useItem.minecraft.diamond_sword":123,"stat.drop.minecraft.skull":1,"stat.swimOneCm":12426,"stat.useItem.minecraft.snow":135,"stat.climbOneCm":748,"stat.useItem.minecraft.planks":53,"stat.drop.minecraft.cobblestone":2,"stat.useItem.minecraft.fire_charge":1,"stat.drop.minecraft.coal_block":29,"stat.useItem.minecraft.coal_block":1219,"stat.useItem.minecraft.redstone_torch":38,"stat.useItem.minecraft.obsidian":1,"stat.useItem.minecraft.dirt":17,"achievement.exploreAllBiomes":{"value":0,"progress":["Plains"]},"stat.useItem.minecraft.water_bucket":9,"stat.drop.minecraft.redstone_torch":1,"stat.useItem.minecraft.red_flower":1,"stat.useItem.minecraft.sandstone_stairs":8,"stat.useItem.minecraft.vine":63,"stat.useItem.minecraft.purpur_stairs":41,"stat.drop.minecraft.quartz_stairs":1,"stat.pickup.minecraft.cobblestone":1,"stat.drop.minecraft.elytra":1,"stat.drop.minecraft.fence":1,"stat.aviateOneCm":1338887,"stat.drop.minecraft.rabbit_hide":1,"stat.flyOneCm":5246301,"stat.useItem.minecraft.cooked_beef":2,"stat.timeSinceDeath":22754,"stat.hopperInspected":1,"stat.useItem.minecraft.sign":4,"stat.useItem.minecraft.iron_door":1,"stat.drop.minecraft.iron_bars":1,"stat.drop.minecraft.stained_glass":1,"stat.pickup.minecraft.carpet":6,"stat.drop.minecraft.wool":2,"stat.drop.minecraft.stone_slab":2,"stat.pickup.minecraft.prismarine":8,"stat.useItem.minecraft.purpur_pillar":16,"stat.drop.minecraft.stained_hardened_clay":4,"stat.useItem.minecraft.sea_lantern":18,"stat.drop.minecraft.obsidian":1,"stat.sprintOneCm":981852,"stat.useItem.minecraft.stained_glass":18,"stat.useItem.minecraft.fence":2,"stat.pickup.minecraft.skull":1,"stat.useItem.minecraft.stone_slab":61,"stat.drop.minecraft.spectral_arrow":5,"achievement.openInventory":182,"stat.pickup.minecraft.potion":8,"stat.useItem.minecraft.lingering_potion":139,"stat.drop.minecraft.tipped_arrow":11,"stat.deaths":41,"stat.drop":106,"stat.playOneMinute":399735,"stat.entityKilledBy.Slime":2,"stat.useItem.minecraft.diamond_ore":4,"stat.useItem.minecraft.purpur_block":10,"stat.drop.minecraft.redstone_block":2,"stat.drop.minecraft.torch":7,"stat.diveOneCm":1826,"stat.chestOpened":1,"stat.useItem.minecraft.splash_potion":202,"stat.drop.minecraft.quartz_ore":1,"stat.pickup.minecraft.sign":2,"stat.useItem.minecraft.stone":20,"stat.useItem.minecraft.quartz_stairs":3,"stat.useItem.minecraft.sponge":3,"stat.pickup.minecraft.obsidian":1,"stat.useItem.minecraft.heavy_weighted_pressure_plate":1,"stat.useItem.minecraft.carpet":132,"stat.useItem.minecraft.stained_glass_pane":6,"stat.drop.minecraft.sponge":2,"stat.drop.minecraft.sandstone":2,"stat.jump":5284,"stat.fallOneCm":52226,"stat.drop.minecraft.dye":1,"stat.drop.minecraft.diamond_sword":1,"stat.crouchOneCm":30138,"stat.useItem.minecraft.nether_brick_fence":10,"stat.drop.minecraft.glowstone":1,"stat.useItem.minecraft.emerald_ore":17,"stat.dropperInspected":2,"stat.drop.minecraft.barrier":1,"stat.damageTaken":18081,"stat.useItem.minecraft.dark_oak_fence":1,"stat.useItem.minecraft.end_crystal":1,"stat.mineBlock.minecraft.torch":1,"stat.drop.minecraft.rabbit":1,"stat.drop.minecraft.water_bucket":3,"stat.pickup.minecraft.dye":58,"stat.pickup.minecraft.prismarine_crystals":2,"stat.drop.minecraft.nether_brick_fence":1,"stat.drop.minecraft.snow":7,"stat.pickup.minecraft.rabbit_hide":1,"stat.entityKilledBy.Zombie":1,"stat.pickup.minecraft.stained_glass":9,"stat.damageDealt":7733,"stat.drop.minecraft.carpet":5,"stat.useItem.minecraft.wool":36,"stat.drop.minecraft.emerald_block":1,"stat.useItem.minecraft.iron_bars":17,"stat.useItem.minecraft.command_block":2,"stat.walkOneCm":619297,"stat.useItem.minecraft.torch":17,"stat.playerKills":22,"stat.useItem.minecraft.pumpkin":13,"stat.pickup.minecraft.spectral_arrow":1,"stat.useItem.minecraft.cobblestone":188,"stat.useItem.minecraft.emerald_block":3,"stat.drop.minecraft.sign":2,"stat.useItem.minecraft.redstone_block":4,"stat.useItem.minecraft.stained_hardened_clay":562,"stat.useItem.minecraft.leaves":20,"stat.useItem.minecraft.glass_pane":7,"stat.drop.minecraft.lit_pumpkin":1,"stat.useItem.minecraft.prismarine":1,"stat.pickup.minecraft.coal_block":20,"stat.useItem.minecraft.barrier":34,"stat.useItem.minecraft.iron_block":4,"stat.mobKills":16,"stat.useItem.minecraft.stonebrick":5,"stat.mineBlock.minecraft.leaves":1,"stat.pickup.minecraft.torch":8,"stat.sneakTime":15953,"stat.pickup.minecraft.elytra":1,"stat.drop.minecraft.quartz_block":1,"stat.pickup.minecraft.rabbit":1,"stat.useItem.minecraft.purpur_slab":64,"stat.useItem.minecraft.sandstone":61}