{"stat.useItem.minecraft.bow":140,"stat.useItem.minecraft.chain_command_block":83,"stat.useItem.minecraft.repeater":28,"stat.leaveGame":42,"stat.useItem.minecraft.log2":23,"stat.useItem.minecraft.skull":29,"stat.useItem.minecraft.repeating_command_block":180,"stat.useItem.minecraft.diamond_sword":195,"stat.useItem.minecraft.glowstone":9,"stat.drop.minecraft.shield":4,"stat.drop.minecraft.skull":2,"stat.swimOneCm":13332,"stat.useItem.minecraft.snow":5,"stat.useItem.minecraft.planks":272,"stat.climbOneCm":1196,"stat.pickup.minecraft.glowstone":1,"stat.useItem.minecraft.end_rod":17,"stat.drop.minecraft.cobblestone":1,"stat.useItem.minecraft.coal_block":416,"stat.useItem.minecraft.obsidian":14,"stat.useItem.minecraft.redstone_torch":39,"achievement.exploreAllBiomes":{"value":0,"progress":["Plains"]},"stat.useItem.minecraft.water_bucket":2,"stat.drop.minecraft.end_crystal":1,"stat.useItem.minecraft.rail":22,"stat.pickup.minecraft.quartz_stairs":2,"stat.aviateOneCm":2764827,"stat.flyOneCm":9029233,"stat.pickup.minecraft.fish":1,"stat.drop.minecraft.tnt":1,"stat.timeSinceDeath":2765,"stat.useItem.minecraft.sign":54,"stat.pickup.minecraft.stained_hardened_clay":1,"stat.useItem.minecraft.spawn_egg":2,"stat.useItem.minecraft.wooden_slab":3,"stat.pickup.minecraft.armor_stand":1,"stat.useItem.minecraft.lever":2,"stat.drop.minecraft.diamond_chestplate":1,"stat.pickup.minecraft.shield":2,"stat.useItem.minecraft.armor_stand":6,"stat.useItem.minecraft.minecart":4,"stat.pickup.minecraft.beef":5,"stat.useItem.minecraft.redstone":52,"stat.drop.minecraft.stained_hardened_clay":1,"stat.useItem.minecraft.milk_bucket":4,"stat.useItem.minecraft.trapdoor":11,"stat.sprintOneCm":1070994,"stat.useItem.minecraft.stained_glass":3,"stat.pickup.minecraft.skull":3,"stat.drop.minecraft.lead":2,"stat.useItem.minecraft.bed":17,"achievement.openInventory":388,"stat.useItem.minecraft.lingering_potion":7,"stat.useItem.minecraft.beef":4,"stat.deaths":75,"stat.drop":79,"stat.playOneMinute":1450913,"stat.pickup.minecraft.slime_ball":11,"stat.drop.minecraft.redstone_block":1,"stat.killEntity.Guardian":1,"stat.diveOneCm":2393,"stat.chestOpened":1,"stat.useItem.minecraft.splash_potion":164,"stat.pickup.minecraft.sign":1,"stat.killEntity.Slime":13,"stat.useItem.minecraft.carpet":4,"stat.pickup.minecraft.diamond_sword":2,"stat.useItem.minecraft.flower_pot":8,"stat.useItem.minecraft.bedrock":1,"stat.jump":7881,"stat.fallOneCm":249133,"stat.drop.minecraft.dye":57,"stat.drop.minecraft.diamond_sword":2,"stat.useItem.minecraft.rabbit":1,"stat.crouchOneCm":60536,"stat.drop.minecraft.glowstone":1,"stat.useItem.minecraft.emerald_ore":4,"stat.boatOneCm":1664,"stat.pickup.minecraft.command_block":5,"stat.useItem.minecraft.golden_rail":135,"stat.damageTaken":41536,"stat.pickup.minecraft.leather":2,"stat.useItem.minecraft.end_crystal":1,"stat.pickup.minecraft.dye":72,"stat.pickup.minecraft.lead":4,"stat.useItem.minecraft.stone_sword":51,"stat.damageDealt":8264,"stat.killEntity.Rabbit":2,"stat.useItem.minecraft.wool":313,"stat.useItem.minecraft.command_block":456,"stat.walkOneCm":777151,"stat.playerKills":20,"stat.useItem.minecraft.log":13,"stat.pickup.minecraft.spectral_arrow":1,"stat.useItem.minecraft.tnt":26,"stat.useItem.minecraft.cobblestone":111,"stat.useItem.minecraft.emerald_block":1,"stat.useItem.minecraft.spruce_boat":2,"stat.killEntity.LavaSlime":3,"stat.minecartOneCm":58427,"stat.drop.minecraft.sign":1,"stat.useItem.minecraft.redstone_block":21,"stat.pickup.minecraft.tipped_arrow":7,"stat.drop.minecraft.diamond_leggings":1,"stat.useItem.minecraft.stained_hardened_clay":426,"stat.useItem.minecraft.leaves":8,"stat.drop.minecraft.fish":1,"stat.useItem.minecraft.barrier":13,"stat.useItem.minecraft.iron_block":1,"stat.useItem.minecraft.jungle_door":3,"stat.pickup.minecraft.stone_sword":1,"stat.drop.minecraft.diamond_boots":1,"stat.mobKills":20,"stat.useItem.minecraft.golden_apple":4,"stat.pickup.minecraft.torch":13,"stat.sneakTime":38650,"stat.pickup.minecraft.elytra":2,"stat.pickup.minecraft.rabbit":1,"stat.drop.minecraft.bucket":1,"stat.useItem.minecraft.sandstone":6}