{"stats":{"minecraft:picked_up":{"minecraft:redstone_block":28,"minecraft:splash_potion":93,"minecraft:chicken":13,"minecraft:prismarine_shard":1,"minecraft:diamond_sword":1,"minecraft:potion":178,"minecraft:golden_shovel":5,"minecraft:nether_brick":1,"minecraft:golden_sword":1,"minecraft:dragon_breath":1,"minecraft:music_disc_cat":22,"minecraft:elytra":3,"minecraft:wooden_sword":4,"minecraft:smooth_stone_slab":1,"minecraft:beetroot_soup":1,"minecraft:white_stained_glass":187,"minecraft:oak_sign":1,"minecraft:beetroot":64,"minecraft:diamond_leggings":1,"minecraft:gold_nugget":1,"minecraft:comparator":1,"minecraft:beef":9,"minecraft:redstone_torch":1,"minecraft:coal_block":3,"minecraft:egg":9,"minecraft:diamond_ore":1,"minecraft:stick":10,"minecraft:stone":71,"minecraft:music_disc_blocks":1,"minecraft:acacia_log":1,"minecraft:porkchop":19,"minecraft:carrot":2,"minecraft:redstone":4,"minecraft:quartz_block":1,"minecraft:diamond_chestplate":1,"minecraft:arrow":12,"minecraft:stone_sword":1,"minecraft:cactus":1,"minecraft:command_block":6,"minecraft:rotten_flesh":161,"minecraft:nether_bricks":1,"minecraft:diamond_boots":1,"minecraft:iron_block":2,"minecraft:end_rod":1,"minecraft:white_terracotta":6,"minecraft:snowball":8,"minecraft:obsidian":10,"minecraft:cod":1,"minecraft:skeleton_skull":1,"minecraft:white_wool":1,"minecraft:cobblestone":2,"minecraft:lapis_ore":1,"minecraft:sponge":9,"minecraft:barrier":21,"minecraft:leather_chestplate":1,"minecraft:feather":11,"minecraft:magma_cream":1,"minecraft:repeater":3,"minecraft:golden_carrot":1,"minecraft:leather":9,"minecraft:music_disc_stal":2,"minecraft:filled_map":316,"minecraft:gunpowder":14,"minecraft:glass":1,"minecraft:bone":7,"minecraft:stone_bricks":5,"minecraft:diamond_helmet":1,"minecraft:prismarine":173,"minecraft:iron_sword":7,"minecraft:chain_command_block":5,"minecraft:emerald_block":1,"minecraft:lava_bucket":1,"minecraft:melon":1,"minecraft:ink_sac":663,"minecraft:gold_ore":3,"minecraft:slime_ball":3,"minecraft:lever":3,"minecraft:jack_o_lantern":1,"minecraft:nether_star":4},"minecraft:crafted":{"minecraft:leather_leggings":1,"minecraft:oak_trapdoor":2,"minecraft:wooden_pickaxe":1,"minecraft:black_banner":50,"minecraft:stick":4,"minecraft:leather_chestplate":1},"minecraft:dropped":{"minecraft:iron_sword":8,"minecraft:diamond_leggings":1,"minecraft:command_block":8,"minecraft:dragon_breath":2,"minecraft:coal_block":2,"minecraft:item_frame":1,"minecraft:stick":3,"minecraft:ink_sac":5,"minecraft:sponge":12,"minecraft:repeater":2,"minecraft:snowball":7,"minecraft:diamond_helmet":1,"minecraft:potion":3,"minecraft:string":3,"minecraft:white_wool":1,"minecraft:music_disc_stal":1,"minecraft:music_disc_cat":8,"minecraft:redstone_block":2,"minecraft:redstone":4,"minecraft:snow_block":1,"minecraft:emerald_block":1,"minecraft:lever":3,"minecraft:jukebox":1,"minecraft:obsidian":58,"minecraft:chicken":1,"minecraft:rotten_flesh":3,"minecraft:oak_planks":2,"minecraft:prismarine":1,"minecraft:golden_shovel":5,"minecraft:diamond_ore":1,"minecraft:oak_sign":1,"minecraft:filled_map":14,"minecraft:tipped_arrow":1,"minecraft:stone":14,"minecraft:diamond_chestplate":1,"minecraft:golden_sword":1,"minecraft:redstone_torch":1,"minecraft:diamond_boots":1,"minecraft:arrow":2,"minecraft:bow":1,"minecraft:beef":2,"minecraft:chain_command_block":7,"minecraft:white_stained_glass":1,"minecraft:splash_potion":9,"minecraft:egg":1},"minecraft:killed_by":{"minecraft:skeleton":1,"minecraft:zombie":6},"minecraft:killed":{"minecraft:slime":1,"minecraft:chicken":3,"minecraft:bat":1,"minecraft:zombie":6,"minecraft:cow":1},"minecraft:custom":{"minecraft:inspect_dropper":60,"minecraft:mob_kills":25,"minecraft:inspect_hopper":281,"minecraft:interact_with_crafting_table":28,"minecraft:fill_cauldron":1,"minecraft:leave_game":255,"minecraft:time_since_death":2942599,"minecraft:climb_one_cm":21837,"minecraft:damage_resisted":13,"minecraft:sprint_one_cm":7505994,"minecraft:walk_one_cm":9164092,"minecraft:drop":201,"minecraft:play_time":54847252,"minecraft:deaths":196,"minecraft:sneak_time":566308,"minecraft:walk_under_water_one_cm":11380,"minecraft:jump":96974,"minecraft:walk_on_water_one_cm":171982,"minecraft:total_world_time":96467761,"minecraft:play_record":5,"minecraft:time_since_rest":2942746,"minecraft:damage_taken":88421,"minecraft:damage_absorbed":200,"minecraft:minecart_one_cm":2776,"minecraft:damage_dealt":6396,"minecraft:swim_one_cm":547,"minecraft:fly_one_cm":87156405,"minecraft:player_kills":18,"minecraft:open_chest":392,"minecraft:pig_one_cm":232,"minecraft:crouch_one_cm":249279,"minecraft:aviate_one_cm":396194,"minecraft:fall_one_cm":347161,"minecraft:inspect_dispenser":16,"minecraft:horse_one_cm":6091},"minecraft:mined":{"minecraft:glass":1,"minecraft:oak_leaves":2},"minecraft:used":{"minecraft:purpur_block":53,"minecraft:jack_o_lantern":3,"minecraft:nether_brick_fence":5,"minecraft:iron_bars":15,"minecraft:enchanting_table":2,"minecraft:stone_sword":72,"minecraft:acacia_log":187,"minecraft:melon":30,"minecraft:dead_bush":9,"minecraft:flint_and_steel":10,"minecraft:carved_pumpkin":235,"minecraft:redstone_ore":1,"minecraft:armor_stand":3,"minecraft:dispenser":12,"minecraft:redstone":1742,"minecraft:ladder":19,"minecraft:oak_sign":817,"minecraft:mycelium":1,"minecraft:chest":103,"minecraft:white_terracotta":6259,"minecraft:ender_chest":1,"minecraft:stone":4711,"minecraft:quartz_stairs":465,"minecraft:player_head":4,"minecraft:green_terracotta":11,"minecraft:sculk_sensor":1,"minecraft:netherrack":220,"minecraft:torch":2,"minecraft:dirt":159,"minecraft:anvil":5,"minecraft:white_carpet":145,"minecraft:chorus_flower":1,"minecraft:hopper":97,"minecraft:nether_quartz_ore":50,"minecraft:jungle_planks":6,"minecraft:nether_bricks":40,"minecraft:pink_terracotta":1,"minecraft:tuff":1,"minecraft:spruce_fence":1,"minecraft:obsidian":3763,"minecraft:oak_fence_gate":2,"minecraft:glass":478,"minecraft:packed_ice":1337,"minecraft:sea_lantern":5,"minecraft:cyan_terracotta":40,"minecraft:coal_ore":60,"minecraft:bookshelf":95,"minecraft:red_wool":8,"minecraft:iron_block":493,"minecraft:quartz_block":1973,"minecraft:pink_wool":1,"minecraft:repeater":2491,"minecraft:stone_brick_stairs":56,"minecraft:stone_bricks":135,"minecraft:music_disc_stal":1,"minecraft:item_frame":1171,"minecraft:tripwire_hook":203,"minecraft:glowstone":1118,"minecraft:bedrock":175,"minecraft:redstone_lamp":50,"minecraft:golden_carrot":1,"minecraft:bow":63,"minecraft:emerald_block":952,"minecraft:hay_block":1,"minecraft:iron_trapdoor":14,"minecraft:white_stained_glass_pane":20,"minecraft:minecart":5,"minecraft:gold_block":411,"minecraft:egg":1,"minecraft:skeleton_skull":26,"minecraft:stone_pressure_plate":1,"minecraft:acacia_planks":2,"minecraft:command_block_minecart":3,"minecraft:emerald_ore":22,"minecraft:yellow_banner":5,"minecraft:water_bucket":41,"minecraft:end_rod":184,"minecraft:iron_ore":247,"minecraft:cobblestone_stairs":1,"minecraft:dropper":44,"minecraft:snow_block":250,"minecraft:powered_rail":534,"minecraft:polished_andesite":3,"minecraft:prismarine":6,"minecraft:oak_planks":874,"minecraft:sandstone":313,"minecraft:cherry_planks":1,"minecraft:cut_sandstone":4,"minecraft:redstone_block":1452,"minecraft:cauldron":1,"minecraft:beacon":3,"minecraft:clay":30,"minecraft:terracotta":1,"minecraft:gold_ore":102,"minecraft:purpur_pillar":11,"minecraft:purpur_stairs":1,"minecraft:waxed_copper_block":1,"minecraft:lime_terracotta":1,"minecraft:oak_leaves":266,"minecraft:golden_apple":35,"minecraft:music_disc_cat":3,"minecraft:white_wool":7495,"minecraft:diamond_block":1317,"minecraft:rail":1134,"minecraft:sand":2,"minecraft:comparator":177,"minecraft:vine":1,"minecraft:tnt":49,"minecraft:oak_slab":55,"minecraft:crafting_table":4,"minecraft:black_banner":32,"minecraft:light_gray_terracotta":29,"minecraft:sponge":225,"minecraft:stripped_cherry_wood":2,"minecraft:lingering_potion":2,"minecraft:painting":7,"minecraft:end_stone":1,"minecraft:lightning_rod":1,"minecraft:redstone_torch":466,"minecraft:oak_log":30,"minecraft:sticky_piston":152,"minecraft:netherite_block":1,"minecraft:piston":25,"minecraft:lever":334,"minecraft:ender_eye":12,"minecraft:red_sandstone":79,"minecraft:activator_rail":112,"minecraft:command_block":4494,"minecraft:sunflower":1,"minecraft:stone_button":87,"minecraft:string":592,"minecraft:barrier":1579,"minecraft:oak_button":4,"minecraft:map":1,"minecraft:lapis_ore":6,"minecraft:polished_granite":88,"minecraft:purpur_slab":2,"minecraft:oak_pressure_plate":5,"minecraft:diamond_ore":65,"minecraft:iron_door":2,"minecraft:music_disc_blocks":1,"minecraft:gravel":25,"minecraft:diamond_sword":34,"minecraft:coal_block":4293,"minecraft:fire_charge":3,"minecraft:cobblestone":123,"minecraft:potion":7,"minecraft:end_crystal":73,"minecraft:orange_banner":1,"minecraft:porkchop":2,"minecraft:bucket":43,"minecraft:white_stained_glass":329,"minecraft:lapis_block":23,"minecraft:chain_command_block":4551,"minecraft:repeating_command_block":413,"minecraft:glass_pane":1,"minecraft:smooth_stone_slab":215,"minecraft:ice":301,"minecraft:end_portal_frame":12,"minecraft:dandelion":5,"minecraft:splash_potion":1093,"minecraft:chorus_plant":1,"minecraft:jukebox":7,"minecraft:experience_bottle":8}},"DataVersion":3696}