{"stats":{"minecraft:used":{"minecraft:prismarine":6,"minecraft:painting":7,"minecraft:netherite_block":1,"minecraft:repeater":2491,"minecraft:skeleton_skull":26,"minecraft:lime_concrete_powder":1,"minecraft:player_head":4,"minecraft:end_stone":1,"minecraft:clay":30,"minecraft:end_crystal":73,"minecraft:pink_stained_glass_pane":56,"minecraft:melon":30,"minecraft:iron_block":493,"minecraft:diamond_sword":34,"minecraft:black_banner":32,"minecraft:cherry_planks":1,"minecraft:pink_wool":57,"minecraft:sticky_piston":152,"minecraft:mycelium":1,"minecraft:ender_eye":12,"minecraft:glass":478,"minecraft:jungle_planks":7,"minecraft:oak_sign":817,"minecraft:glass_pane":16,"minecraft:emerald_ore":22,"minecraft:purpur_slab":2,"minecraft:activator_rail":112,"minecraft:quartz_block":1973,"minecraft:hay_block":1,"minecraft:oak_wood":23,"minecraft:coal_ore":60,"minecraft:oak_log":74,"minecraft:sea_lantern":5,"minecraft:barrier":1579,"minecraft:white_carpet":145,"minecraft:jukebox":7,"minecraft:orange_wool":158,"minecraft:purpur_block":53,"minecraft:dandelion":5,"minecraft:bow":63,"minecraft:armor_stand":3,"minecraft:stone_pressure_plate":1,"minecraft:loom":2,"minecraft:acacia_planks":2,"minecraft:netherrack":220,"minecraft:vine":1,"minecraft:lingering_potion":2,"minecraft:fire_charge":3,"minecraft:lightning_rod":1,"minecraft:redstone_ore":1,"minecraft:nether_quartz_ore":50,"minecraft:birch_planks":1,"minecraft:experience_bottle":8,"minecraft:item_frame":1171,"minecraft:coal_block":4352,"minecraft:glowstone":1118,"minecraft:anvil":5,"minecraft:white_stained_glass_pane":20,"minecraft:lime_wool":25,"minecraft:dirt":160,"minecraft:terracotta":1,"minecraft:polished_granite":88,"minecraft:obsidian":3892,"minecraft:pink_terracotta":1,"minecraft:sand":2,"minecraft:redstone_block":1455,"minecraft:spruce_planks":1,"minecraft:pink_stained_glass":4,"minecraft:oak_leaves":266,"minecraft:diamond_ore":65,"minecraft:dispenser":12,"minecraft:music_disc_blocks":1,"minecraft:rail":1134,"minecraft:iron_bars":15,"minecraft:nether_brick_fence":5,"minecraft:stone_brick_stairs":56,"minecraft:bucket":43,"minecraft:powered_rail":534,"minecraft:iron_trapdoor":14,"minecraft:splash_potion":1093,"minecraft:red_sandstone":79,"minecraft:oak_planks":876,"minecraft:enchanted_golden_apple":3,"minecraft:porkchop":2,"minecraft:end_rod":184,"minecraft:dropper":44,"minecraft:quartz_stairs":465,"minecraft:ice":301,"minecraft:yellow_wool":36,"minecraft:iron_ore":247,"minecraft:smooth_stone_slab":215,"minecraft:iron_door":2,"minecraft:bedrock":175,"minecraft:yellow_banner":5,"minecraft:diamond_block":1317,"minecraft:grass_block":1,"minecraft:purpur_pillar":11,"minecraft:spruce_fence":1,"minecraft:nether_bricks":40,"minecraft:white_terracotta":6259,"minecraft:string":592,"minecraft:sponge":225,"minecraft:emerald_block":952,"minecraft:chain_command_block":4551,"minecraft:chorus_plant":1,"minecraft:tnt":49,"minecraft:waxed_copper_block":1,"minecraft:golden_carrot":1,"minecraft:exposed_copper_bulb":4,"minecraft:acacia_log":187,"minecraft:light_gray_terracotta":29,"minecraft:bookshelf":95,"minecraft:ladder":19,"minecraft:stone_bricks":135,"minecraft:command_block":4494,"minecraft:light_gray_wool":2,"minecraft:music_disc_stal":1,"minecraft:blue_wool":7,"minecraft:tuff":1,"minecraft:azalea":1,"minecraft:cut_sandstone":4,"minecraft:minecart":5,"minecraft:packed_ice":1337,"minecraft:jack_o_lantern":3,"minecraft:lime_terracotta":4,"minecraft:stone_sword":72,"minecraft:piston":25,"minecraft:oxeye_daisy":1,"minecraft:light_blue_wool":39,"minecraft:magenta_wool":47,"minecraft:redstone":1742,"minecraft:oak_slab":55,"minecraft:white_stained_glass":329,"minecraft:map":1,"minecraft:lapis_ore":6,"minecraft:dead_bush":9,"minecraft:cobblestone":123,"minecraft:stone":4714,"minecraft:golden_apple":35,"minecraft:hopper":97,"minecraft:orange_banner":1,"minecraft:polished_andesite":3,"minecraft:crafting_table":4,"minecraft:oak_pressure_plate":5,"minecraft:potion":7,"minecraft:green_concrete_powder":1,"minecraft:oak_fence_gate":2,"minecraft:music_disc_cat":3,"minecraft:gold_block":411,"minecraft:lapis_block":23,"minecraft:command_block_minecart":3,"minecraft:water_bucket":41,"minecraft:repeating_command_block":413,"minecraft:green_terracotta":11,"minecraft:white_concrete_powder":1,"minecraft:torch":2,"minecraft:sunflower":1,"minecraft:red_wool":47,"minecraft:cyan_wool":4,"minecraft:lever":334,"minecraft:cobblestone_stairs":1,"minecraft:white_concrete":1,"minecraft:oak_button":4,"minecraft:tripwire_hook":203,"minecraft:stone_button":87,"minecraft:gravel":25,"minecraft:white_wool":7546,"minecraft:purpur_stairs":1,"minecraft:beacon":3,"minecraft:cyan_terracotta":40,"minecraft:comparator":177,"minecraft:bamboo_planks":1,"minecraft:redstone_lamp":50,"minecraft:snow_block":250,"minecraft:redstone_torch":466,"minecraft:stripped_cherry_wood":2,"minecraft:chorus_flower":1,"minecraft:sculk_sensor":1,"minecraft:ender_chest":1,"minecraft:flint_and_steel":27,"minecraft:gold_ore":102,"minecraft:chest":103,"minecraft:end_portal_frame":12,"minecraft:lime_concrete":3,"minecraft:carved_pumpkin":235,"minecraft:cauldron":1,"minecraft:enchanting_table":2,"minecraft:egg":1,"minecraft:sandstone":313},"minecraft:killed":{"minecraft:zombie":6,"minecraft:slime":1,"minecraft:chicken":3,"minecraft:cow":1,"minecraft:bat":1},"minecraft:dropped":{"minecraft:rotten_flesh":3,"minecraft:music_disc_cat":8,"minecraft:music_disc_stal":1,"minecraft:oak_planks":2,"minecraft:white_stained_glass":1,"minecraft:repeater":2,"minecraft:bow":1,"minecraft:potion":3,"minecraft:white_wool":1,"minecraft:diamond_helmet":1,"minecraft:egg":1,"minecraft:ink_sac":5,"minecraft:diamond_boots":1,"minecraft:stone":14,"minecraft:obsidian":58,"minecraft:diamond_chestplate":1,"minecraft:splash_potion":9,"minecraft:diamond_leggings":1,"minecraft:diamond_ore":1,"minecraft:golden_shovel":5,"minecraft:dragon_breath":2,"minecraft:golden_sword":1,"minecraft:lever":3,"minecraft:filled_map":14,"minecraft:redstone_block":2,"minecraft:jukebox":1,"minecraft:chain_command_block":7,"minecraft:prismarine":1,"minecraft:emerald_block":1,"minecraft:redstone":4,"minecraft:cooked_beef":1,"minecraft:chicken":1,"minecraft:string":3,"minecraft:beef":2,"minecraft:oak_sign":1,"minecraft:snow_block":1,"minecraft:iron_sword":8,"minecraft:stick":3,"minecraft:item_frame":1,"minecraft:arrow":2,"minecraft:redstone_torch":1,"minecraft:command_block":8,"minecraft:coal_block":2,"minecraft:snowball":7,"minecraft:sponge":12,"minecraft:tipped_arrow":1},"minecraft:mined":{"minecraft:fire":1,"minecraft:oak_leaves":2,"minecraft:glass":1},"minecraft:crafted":{"minecraft:stick":4,"minecraft:wooden_pickaxe":1,"minecraft:leather_chestplate":1,"minecraft:oak_trapdoor":2,"minecraft:black_banner":50,"minecraft:leather_leggings":1},"minecraft:picked_up":{"minecraft:carrot":2,"minecraft:iron_block":2,"minecraft:smooth_stone_slab":1,"minecraft:prismarine_shard":1,"minecraft:cobblestone":2,"minecraft:beetroot_soup":1,"minecraft:glass":1,"minecraft:leather":9,"minecraft:bone":7,"minecraft:redstone":4,"minecraft:gold_nugget":1,"minecraft:gold_ore":3,"minecraft:cod":1,"minecraft:music_disc_blocks":1,"minecraft:slime_ball":3,"minecraft:iron_sword":7,"minecraft:white_terracotta":6,"minecraft:chain_command_block":5,"minecraft:prismarine":173,"minecraft:porkchop":34,"minecraft:ink_sac":663,"minecraft:stick":10,"minecraft:redstone_torch":1,"minecraft:wooden_sword":4,"minecraft:chicken":13,"minecraft:leather_chestplate":1,"minecraft:diamond_boots":1,"minecraft:magma_cream":1,"minecraft:repeater":3,"minecraft:arrow":12,"minecraft:cactus":1,"minecraft:diamond_chestplate":1,"minecraft:lapis_ore":1,"minecraft:stone_sword":1,"minecraft:acacia_log":1,"minecraft:emerald_block":1,"minecraft:nether_brick":1,"minecraft:lava_bucket":1,"minecraft:gunpowder":14,"minecraft:end_rod":1,"minecraft:elytra":3,"minecraft:golden_carrot":1,"minecraft:diamond_leggings":1,"minecraft:beetroot":64,"minecraft:skeleton_skull":1,"minecraft:white_stained_glass":187,"minecraft:lever":3,"minecraft:diamond_helmet":1,"minecraft:stone":71,"minecraft:command_block":6,"minecraft:dragon_breath":1,"minecraft:quartz_block":1,"minecraft:redstone_block":28,"minecraft:diamond_ore":1,"minecraft:splash_potion":93,"minecraft:music_disc_stal":2,"minecraft:coal_block":3,"minecraft:egg":9,"minecraft:nether_bricks":1,"minecraft:diamond_sword":2,"minecraft:cooked_beef":1,"minecraft:nether_star":4,"minecraft:feather":11,"minecraft:white_wool":1,"minecraft:jack_o_lantern":1,"minecraft:potion":178,"minecraft:snowball":8,"minecraft:golden_shovel":5,"minecraft:rotten_flesh":161,"minecraft:beef":9,"minecraft:oak_sign":1,"minecraft:music_disc_cat":22,"minecraft:golden_sword":1,"minecraft:stone_bricks":5,"minecraft:obsidian":10,"minecraft:filled_map":316,"minecraft:sponge":9,"minecraft:barrier":21,"minecraft:comparator":1,"minecraft:melon":1},"minecraft:killed_by":{"minecraft:skeleton":1,"minecraft:zombie":6},"minecraft:custom":{"minecraft:pig_one_cm":232,"minecraft:time_since_rest":1355558,"minecraft:leave_game":372,"minecraft:damage_taken":97144,"minecraft:mob_kills":25,"minecraft:damage_absorbed":520,"minecraft:time_since_death":1355538,"minecraft:aviate_one_cm":396194,"minecraft:inspect_dispenser":16,"minecraft:swim_one_cm":547,"minecraft:total_world_time":142008173,"minecraft:crouch_one_cm":280507,"minecraft:deaths":213,"minecraft:climb_one_cm":21837,"minecraft:player_kills":18,"minecraft:interact_with_loom":2,"minecraft:minecart_one_cm":2776,"minecraft:damage_resisted":16752,"minecraft:interact_with_crafting_table":28,"minecraft:inspect_dropper":60,"minecraft:walk_one_cm":11832652,"minecraft:horse_one_cm":6091,"minecraft:walk_under_water_one_cm":11380,"minecraft:damage_dealt":6396,"minecraft:play_time":81884211,"minecraft:jump":101784,"minecraft:play_record":5,"minecraft:drop":202,"minecraft:sprint_one_cm":8335453,"minecraft:open_chest":392,"minecraft:fill_cauldron":1,"minecraft:inspect_hopper":281,"minecraft:fall_one_cm":370344,"minecraft:fly_one_cm":93723262,"minecraft:walk_on_water_one_cm":171982,"minecraft:sneak_time":587155}},"DataVersion":4554}