{"stat.craftItem.minecraft.leather_leggings":2,"stat.useItem.minecraft.bow":53,"stat.drop.minecraft.armor_stand":3,"stat.useItem.minecraft.quartz_block":26,"stat.useItem.minecraft.repeater":7,"stat.leaveGame":14,"stat.useItem.minecraft.skull":131,"stat.drop.minecraft.redstone":1,"stat.useItem.minecraft.diamond_sword":33,"stat.useItem.minecraft.glowstone":2,"stat.drop.minecraft.shield":1,"stat.drop.minecraft.skull":9,"stat.swimOneCm":4160,"stat.useItem.minecraft.snow":16,"stat.useItem.minecraft.planks":78,"stat.useItem.minecraft.end_rod":9,"stat.pickup.minecraft.golden_boots":1,"stat.drop.minecraft.coal_block":8,"stat.useItem.minecraft.coal_block":414,"stat.useItem.minecraft.obsidian":330,"stat.pickup.minecraft.bow":1,"achievement.exploreAllBiomes":{"value":0,"progress":["Plains"]},"stat.useItem.minecraft.water_bucket":11,"stat.drop.minecraft.redstone_torch":1,"stat.drop.minecraft.golden_leggings":1,"stat.drop.minecraft.elytra":3,"stat.aviateOneCm":3614114,"stat.flyOneCm":2788975,"stat.drop.minecraft.sand":64,"stat.pickup.minecraft.redstone":1,"stat.timeSinceDeath":119744,"stat.hopperInspected":1,"stat.useItem.minecraft.fence_gate":8,"stat.useItem.minecraft.sign":329,"stat.useItem.minecraft.spawn_egg":12,"stat.drop.minecraft.spider_eye":64,"stat.drop.minecraft.repeater":1,"stat.drop.minecraft.activator_rail":1,"stat.pickup.minecraft.armor_stand":2,"stat.useItem.minecraft.lever":96,"stat.useItem.minecraft.hardened_clay":2,"stat.drop.minecraft.iron_bars":1,"stat.drop.minecraft.golden_boots":1,"stat.drop.minecraft.wool":1,"stat.pickup.minecraft.shield":1,"stat.useItem.minecraft.armor_stand":7,"stat.drop.minecraft.chorus_fruit":54,"stat.drop.minecraft.stone_slab":2,"stat.drop.minecraft.log2":1,"stat.useItem.minecraft.redstone":17,"stat.drop.minecraft.stained_hardened_clay":8,"stat.useItem.minecraft.sea_lantern":5,"stat.drop.minecraft.obsidian":66,"stat.useItem.minecraft.trapdoor":3,"stat.sprintOneCm":501907,"stat.pickup.minecraft.skull":3,"stat.useItem.minecraft.stone_slab":26,"stat.drop.minecraft.spectral_arrow":61,"achievement.openInventory":160,"stat.drop.minecraft.leaves":1,"stat.useItem.minecraft.lingering_potion":13,"stat.drop.minecraft.tipped_arrow":1,"stat.pickup.minecraft.lever":1,"stat.deaths":45,"stat.drop":132,"stat.playOneMinute":361564,"stat.craftItem.minecraft.leather_chestplate":1,"stat.drop.minecraft.golden_rail":3,"stat.drop.minecraft.iron_boots":1,"stat.pickup.minecraft.golden_chestplate":1,"stat.pickup.minecraft.fire_charge":1,"stat.diveOneCm":1240,"stat.pickup.minecraft.cooked_mutton":128,"stat.chestOpened":5,"stat.pickup.minecraft.sign":2,"stat.useItem.minecraft.stone":1,"stat.useItem.minecraft.quartz_stairs":7,"stat.useItem.minecraft.sponge":38,"stat.useItem.minecraft.stained_glass_pane":11,"stat.pickup.minecraft.diamond_sword":26,"stat.drop.minecraft.sponge":1,"stat.drop.minecraft.sandstone":1,"stat.jump":2174,"stat.fallOneCm":238044,"stat.drop.minecraft.stone":197,"stat.pickup.minecraft.carrot":64,"stat.drop.minecraft.diamond_sword":6,"stat.crouchOneCm":26550,"stat.useItem.minecraft.stone_button":4,"stat.pickup.minecraft.golden_leggings":1,"stat.pickup.minecraft.melon":192,"stat.craftingTableInteraction":2,"stat.drop.minecraft.stained_glass_pane":128,"stat.dropperInspected":2,"stat.drop.minecraft.barrier":4,"stat.boatOneCm":10281,"stat.drop.minecraft.gold_block":1,"stat.useItem.minecraft.redstone_lamp":1,"stat.pickup.minecraft.cookie":64,"stat.useItem.minecraft.golden_rail":1,"stat.damageTaken":29660,"stat.useItem.minecraft.gold_block":1,"stat.drop.minecraft.stone_button":65,"stat.pickup.minecraft.potato":64,"stat.drop.minecraft.snow":4,"stat.damageDealt":2993,"stat.useItem.minecraft.wool":2,"stat.useItem.minecraft.crafting_table":1,"stat.flowerPotted":1,"stat.useItem.minecraft.iron_bars":17,"stat.useItem.minecraft.command_block":12,"stat.walkOneCm":331615,"stat.useItem.minecraft.torch":30,"stat.pickup.minecraft.golden_apple":123,"stat.playerKills":12,"stat.drop.minecraft.fire_charge":3,"stat.useItem.minecraft.log":14,"stat.pickup.minecraft.spectral_arrow":1,"stat.useItem.minecraft.comparator":4,"stat.drop.minecraft.lingering_potion":2,"stat.useItem.minecraft.tnt":123,"stat.craftItem.minecraft.leather_boots":2,"stat.drop.minecraft.sign":6,"stat.useItem.minecraft.redstone_block":26,"stat.drop.minecraft.leather_chestplate":1,"stat.drop.minecraft.planks":4,"stat.pickup.minecraft.stone":2,"stat.pickup.minecraft.tipped_arrow":1,"stat.useItem.minecraft.stained_hardened_clay":686,"stat.useItem.minecraft.leaves":63,"stat.drop.minecraft.command_block":14,"stat.pickup.minecraft.cooked_beef":64,"stat.drop.minecraft.bow":2,"stat.pickup.minecraft.beetroot":128,"stat.pickup.minecraft.barrier":2,"stat.drop.minecraft.lever":1,"stat.craftItem.minecraft.planks":4,"stat.useItem.minecraft.barrier":4,"stat.drop.minecraft.golden_chestplate":1,"stat.drop.minecraft.dragon_breath":1,"stat.pickup.minecraft.bread":64,"stat.useItem.minecraft.wooden_door":2,"stat.useItem.minecraft.golden_apple":3,"stat.useItem.minecraft.boat":1,"stat.sneakTime":11018,"stat.pickup.minecraft.elytra":2,"stat.drop.minecraft.quartz_block":4,"stat.useItem.minecraft.chorus_fruit":10,"stat.pickup.minecraft.cooked_fish":64,"stat.pickup.minecraft.golden_rail":1,"stat.useItem.minecraft.sandstone":71}