{"stat.useItem.minecraft.string":43,"stat.beaconInteraction":1,"stat.useItem.minecraft.bow":214,"stat.pickup.minecraft.repeating_command_block":1,"stat.drop.minecraft.armor_stand":2,"stat.useItem.minecraft.chain_command_block":703,"stat.useItem.minecraft.quartz_block":617,"stat.leaveGame":121,"stat.useItem.minecraft.bookshelf":150,"stat.drop.minecraft.redstone":11,"stat.useItem.minecraft.repeating_command_block":231,"stat.useItem.minecraft.glowstone":419,"stat.drop.minecraft.skull":6,"stat.useItem.minecraft.planks":694,"stat.useItem.minecraft.golden_shovel":8,"stat.drop.minecraft.coal_block":202,"stat.useItem.minecraft.red_sandstone_stairs":53,"stat.useItem.minecraft.water_bucket":47,"stat.drop.minecraft.iron_sword":5,"stat.drop.minecraft.redstone_torch":9,"stat.pickup.minecraft.rotten_flesh":20,"stat.pickup.minecraft.splash_potion":5,"stat.useItem.minecraft.sandstone_stairs":36,"stat.useItem.minecraft.vine":9,"stat.useItem.minecraft.purpur_stairs":43,"stat.pickup.minecraft.bucket":1,"stat.useItem.minecraft.rail":231,"stat.drop.minecraft.splash_potion":6,"stat.pickup.minecraft.activator_rail":1,"stat.drop.minecraft.elytra":13,"stat.aviateOneCm":3528531,"stat.drop.minecraft.jukebox":1,"stat.drop.minecraft.sand":1,"stat.drop.minecraft.tnt":1,"stat.hopperInspected":10,"stat.useItem.minecraft.fence_gate":1,"stat.pickup.minecraft.stained_hardened_clay":3,"stat.drop.minecraft.sandstone_stairs":1,"stat.useItem.minecraft.spawn_egg":13,"stat.drop.minecraft.emerald_ore":9,"stat.drop.minecraft.rail":2,"stat.mineBlock.minecraft.vine":5,"stat.drop.minecraft.diamond_block":2,"stat.drop.minecraft.red_flower":1,"stat.drop.minecraft.stone_slab":6,"stat.pickup.minecraft.sponge":7,"stat.pickup.minecraft.filled_map":102,"stat.useItem.minecraft.minecart":10,"stat.pickup.minecraft.prismarine":60,"stat.pickup.minecraft.beef":3,"stat.useItem.minecraft.redstone":545,"stat.drop.minecraft.stained_hardened_clay":48,"stat.drop.minecraft.cactus":1,"stat.useItem.minecraft.red_sandstone":171,"achievement.mineWood":2,"stat.useItem.minecraft.stained_glass":535,"stat.pickup.minecraft.end_rod":1,"stat.pickup.minecraft.skull":2,"stat.useItem.minecraft.ice":20,"achievement.openInventory":1672,"stat.pickup.minecraft.potion":54,"stat.useItem.minecraft.flint_and_steel":10,"stat.useItem.minecraft.wooden_button":1,"stat.useItem.minecraft.lingering_potion":79,"stat.pickup.minecraft.fermented_spider_eye":1,"stat.pickup.minecraft.lever":1,"stat.deaths":146,"stat.drop.minecraft.chain_command_block":4,"stat.playOneMinute":8700197,"stat.drop.minecraft.string":3,"stat.drop.minecraft.chest":1,"stat.drop.minecraft.torch":6,"stat.drop.minecraft.glass_bottle":6,"stat.chestOpened":21,"stat.useItem.minecraft.lapis_ore":8,"stat.useItem.minecraft.splash_potion":1623,"stat.drop.minecraft.ice":2,"stat.drop.minecraft.quartz_ore":14,"stat.useItem.minecraft.stone":296,"stat.drop.minecraft.hopper":1,"stat.useItem.minecraft.sponge":47,"stat.pickup.minecraft.iron_sword":5,"stat.drop.minecraft.banner":1,"stat.useItem.minecraft.quartz_ore":4,"stat.fallOneCm":554020,"stat.drop.minecraft.stone":81,"stat.drop.minecraft.dye":9,"stat.crouchOneCm":345285,"stat.pickup.minecraft.rail":1,"stat.drop.minecraft.gold_ore":5,"stat.drop.minecraft.melon_block":1,"stat.useItem.minecraft.emerald_ore":9,"stat.drop.minecraft.stained_glass_pane":1,"stat.drop.minecraft.milk_bucket":1,"stat.dropperInspected":13,"stat.useItem.minecraft.golden_rail":108,"stat.pickup.minecraft.feather":2,"stat.useItem.minecraft.furnace":1,"stat.pickup.minecraft.dye":319,"stat.pickup.minecraft.planks":6,"stat.drop.minecraft.snow":10,"stat.useItem.minecraft.stone_sword":79,"stat.drop.minecraft.carpet":11,"stat.useItem.minecraft.wool":2611,"stat.useItem.minecraft.iron_bars":51,"stat.flowerPotted":8,"stat.useItem.minecraft.torch":22,"stat.drop.minecraft.rotten_flesh":1,"stat.drop.minecraft.fire_charge":75,"stat.useItem.minecraft.log":26,"stat.useItem.minecraft.cobblestone":202,"stat.drop.minecraft.lingering_potion":2,"stat.minecartOneCm":7230,"stat.pickup.minecraft.log":2,"stat.drop.minecraft.sign":25,"stat.drop.minecraft.coal_ore":3,"stat.drop.minecraft.iron_door":2,"stat.drop.minecraft.glass_pane":1,"stat.drop.minecraft.stonebrick":4,"stat.drop.minecraft.chicken":1,"stat.drop.minecraft.iron_ore":2,"stat.useItem.minecraft.yellow_flower":1,"stat.drop.minecraft.planks":5,"stat.pickup.minecraft.chicken":2,"stat.pickup.minecraft.tipped_arrow":3,"stat.drop.minecraft.gold_nugget":1,"stat.drop.minecraft.brick_stairs":1,"stat.useItem.minecraft.glass_pane":9,"stat.drop.minecraft.bow":3,"stat.pickup.minecraft.coal_block":4,"stat.useItem.minecraft.iron_sword":1,"stat.useItem.minecraft.barrier":433,"stat.pickup.minecraft.diamond_helmet":1,"stat.drop.minecraft.dropper":1,"stat.useItem.minecraft.jungle_door":11,"stat.pickup.minecraft.stone_sword":1,"stat.drop.minecraft.comparator":1,"stat.drop.minecraft.acacia_door":1,"stat.useItem.minecraft.stonebrick":2,"stat.useItem.minecraft.monster_egg":1,"stat.sneakTime":240299,"stat.pickup.minecraft.wool":9,"stat.drop.minecraft.bucket":2,"stat.drop.minecraft.sea_lantern":1,"stat.useItem.minecraft.chorus_fruit":9,"stat.pickup.minecraft.stone_slab":1,"stat.drop.minecraft.grass":1,"stat.useItem.minecraft.web":6,"stat.useItem.minecraft.brick_stairs":1,"stat.drop.minecraft.lapis_ore":5,"stat.horseOneCm":563,"stat.useItem.minecraft.repeater":485,"stat.useItem.minecraft.beacon":7,"stat.drop.minecraft.beacon":1,"stat.useItem.minecraft.skull":62,"stat.breakItem.minecraft.shield":1,"stat.useItem.minecraft.diamond_sword":132,"stat.swimOneCm":90845,"stat.useItem.minecraft.snow":152,"stat.climbOneCm":10302,"stat.useItem.minecraft.end_rod":1,"stat.drop.minecraft.cobblestone":7,"stat.useItem.minecraft.coal_block":4957,"stat.useItem.minecraft.obsidian":982,"stat.useItem.minecraft.redstone_torch":146,"stat.useItem.minecraft.dirt":34,"stat.useItem.minecraft.stone_slab2":15,"achievement.exploreAllBiomes":{"value":0,"progress":["Plains"]},"stat.useItem.minecraft.red_flower":12,"stat.useItem.minecraft.iron_ore":74,"stat.drop.minecraft.quartz_stairs":5,"stat.pickup.minecraft.cobblestone":1,"stat.pickup.minecraft.quartz_stairs":1,"stat.useItem.minecraft.spruce_fence_gate":1,"stat.pickup.minecraft.diamond_leggings":2,"stat.flyOneCm":47704283,"stat.pickup.minecraft.redstone":1,"stat.timeSinceDeath":126336,"stat.pickup.minecraft.quartz_ore":1,"stat.useItem.minecraft.sign":258,"stat.drop.minecraft.log":2,"stat.useItem.minecraft.wooden_slab":6,"stat.pickup.minecraft.mutton":2,"stat.useItem.minecraft.iron_door":2,"stat.drop.minecraft.repeater":6,"stat.drop.minecraft.activator_rail":3,"stat.useItem.minecraft.lever":8,"stat.drop.minecraft.iron_bars":1,"stat.drop.minecraft.red_sandstone_stairs":1,"stat.drop.minecraft.stained_glass":15,"stat.drop.minecraft.flint_and_steel":1,"stat.pickup.minecraft.carpet":1,"stat.drop.minecraft.wool":77,"stat.pickup.minecraft.shield":1,"stat.useItem.minecraft.armor_stand":3,"stat.pickup.minecraft.wooden_sword":7,"stat.drop.minecraft.spawn_egg":4,"stat.drop.minecraft.bedrock":1,"stat.drop.minecraft.redstone_lamp":6,"stat.useItem.minecraft.purpur_pillar":1,"stat.useItem.minecraft.milk_bucket":5,"stat.useItem.minecraft.sea_lantern":107,"stat.entityKilledBy.Skeleton":1,"stat.drop.minecraft.obsidian":84,"stat.sprintOneCm":5832711,"stat.useItem.minecraft.diamond_block":1,"stat.drop.minecraft.potion":17,"stat.useItem.minecraft.stone_slab":41,"stat.entityKilledBy.Shulker":1,"stat.mineBlock.minecraft.diamond_ore":8,"stat.useItem.minecraft.snowball":23,"stat.drop.minecraft.leaves":4,"stat.useItem.minecraft.diamond_pickaxe":8,"stat.drop.minecraft.golden_apple":59,"stat.drop.minecraft.dispenser":1,"stat.pickup.minecraft.diamond_chestplate":2,"stat.useItem.minecraft.bucket":57,"stat.drop.minecraft.tipped_arrow":37,"stat.drop":1020,"stat.killEntity.Sheep":2,"stat.drop.minecraft.golden_rail":2,"stat.entityKilledBy.Slime":3,"stat.useItem.minecraft.diamond_ore":116,"stat.useItem.minecraft.ladder":10,"stat.useItem.minecraft.purpur_block":34,"stat.drop.minecraft.redstone_block":42,"stat.killEntity.Zombie":58,"stat.pickup.minecraft.fire_charge":8,"stat.diveOneCm":5493,"stat.drop.minecraft.stone_stairs":1,"stat.useItem.minecraft.quartz_stairs":39,"stat.drop.minecraft.bookshelf":3,"stat.drop.minecraft.cooked_beef":5,"stat.drop.minecraft.ladder":1,"stat.pickup.minecraft.obsidian":3,"stat.useItem.minecraft.carpet":270,"stat.useItem.minecraft.potion":7,"stat.pickup.minecraft.diamond_sword":2,"stat.drop.minecraft.sponge":10,"stat.useItem.minecraft.flower_pot":1,"stat.drop.minecraft.sandstone":14,"stat.useItem.minecraft.bedrock":75,"stat.jump":45860,"stat.useItem.minecraft.sand":2,"stat.drop.minecraft.diamond_sword":6,"stat.useItem.minecraft.stone_button":3,"stat.useItem.minecraft.coal_ore":6,"stat.drop.minecraft.glowstone":30,"stat.pickup.minecraft.diamond_ore":3,"stat.drop.minecraft.glass":5,"stat.useItem.minecraft.glass":117,"stat.useItem.minecraft.dispenser":1,"stat.drop.minecraft.barrier":74,"stat.useItem.minecraft.redstone_lamp":17,"stat.drop.minecraft.gold_block":5,"stat.pickup.minecraft.red_sandstone":1,"stat.damageTaken":503585562,"stat.useItem.minecraft.gold_block":164,"stat.dispenserInspected":2,"stat.useItem.minecraft.acacia_door":1,"stat.drop.minecraft.red_sandstone":2,"stat.killEntity.Shulker":1,"stat.pickup.minecraft.stained_glass":54,"stat.damageDealt":8630,"stat.drop.minecraft.emerald_block":7,"stat.useItem.minecraft.command_block":1443,"stat.walkOneCm":3740852,"stat.playerKills":23,"stat.drop.minecraft.item_frame":2,"stat.pickup.minecraft.stick":5,"stat.useItem.minecraft.pumpkin":120,"stat.drop.minecraft.diamond_ore":76,"stat.pickup.minecraft.spectral_arrow":2,"stat.useItem.minecraft.tnt":38,"stat.drop.minecraft.vine":1,"stat.useItem.minecraft.emerald_block":8,"stat.useItem.minecraft.gold_ore":5,"stat.drop.minecraft.netherrack":1,"stat.useItem.minecraft.redstone_block":369,"stat.useItem.minecraft.item_frame":100,"stat.useItem.minecraft.spruce_stairs":1,"stat.useItem.minecraft.stained_hardened_clay":8862,"stat.useItem.minecraft.leaves":82,"stat.drop.minecraft.command_block":13,"stat.pickup.minecraft.chorus_fruit":12,"stat.pickup.minecraft.ladder":1,"stat.useItem.minecraft.netherrack":14,"stat.drop.minecraft.lit_pumpkin":16,"stat.useItem.minecraft.prismarine":12,"stat.drop.minecraft.nether_brick":1,"stat.drop.minecraft.lever":1,"stat.killEntity.Chicken":3,"stat.useItem.minecraft.iron_block":16,"stat.drop.minecraft.end_rod":3,"stat.drop.minecraft.filled_map":201,"stat.mobKills":70,"stat.drop.minecraft.repeating_command_block":7,"stat.pickup.minecraft.diamond_boots":2,"stat.useItem.minecraft.golden_apple":10,"stat.drop.minecraft.prismarine":3,"stat.pickup.minecraft.elytra":11,"stat.drop.minecraft.quartz_block":9,"stat.drop.minecraft.beef":5,"stat.useItem.minecraft.purpur_slab":11,"stat.drop.minecraft.stone_slab2":1,"stat.useItem.minecraft.sandstone":2316}