{
	"textures": {
		"0": "omega-flowey:custom/pipe/polished_andesite"
	},
	"display": {
		"head": {
			"rotation": [0, 180, 0]
		}
	},
	"elements": [
		{
			"from": [4, -5.8, 3.8875],
			"to": [12, 18.2, 11.8875],
			"rotation": {
				"angle": 0,
				"axis": "y",
				"origin": [22, -65.8, 9.8875]
			},
			"faces": {
				"north": {
					"uv": [4, 0, 0, 12],
					"texture": "#0"
				},
				"east": {
					"uv": [4, 0, 0, 12],
					"texture": "#0"
				},
				"south": {
					"uv": [4, 0, 0, 12],
					"texture": "#0"
				},
				"west": {
					"uv": [4, 0, 0, 12],
					"texture": "#0"
				},
				"up": {
					"uv": [4, 0, 0, 4],
					"texture": "#0"
				},
				"down": {
					"uv": [4, 0, 0, 4],
					"texture": "#0"
				}
			}
		},
		{
			"from": [4, 2.2, -4.1125],
			"to": [12, 10.2, 19.8875],
			"rotation": {
				"angle": 0,
				"axis": "y",
				"origin": [20, -97.8, 7.8875]
			},
			"faces": {
				"north": {
					"uv": [4, 0, 0, 4],
					"rotation": 180,
					"texture": "#0"
				},
				"east": {
					"uv": [4, 0, 0, 12],
					"rotation": 90,
					"texture": "#0"
				},
				"south": {
					"uv": [4, 0, 0, 4],
					"rotation": 180,
					"texture": "#0"
				},
				"west": {
					"uv": [4, 0, 0, 12],
					"rotation": 90,
					"texture": "#0"
				},
				"up": {
					"uv": [12, 0, 0, 4],
					"rotation": 90,
					"texture": "#0"
				},
				"down": {
					"uv": [12, 0, 0, 4],
					"rotation": 90,
					"texture": "#0"
				}
			}
		}
	]
}
