{
	"textures": {
		"0": "omega-flowey:custom/pipe/polished_andesite"
	},
	"display": {
		"head": {
			"rotation": [0, 180, 0]
		}
	},
	"elements": [
		{
			"from": [-2.66875, 1.33958, 3.99792],
			"to": [21.33125, 9.33959, 11.99792],
			"rotation": {
				"angle": 0,
				"axis": "y",
				"origin": [1.33125, -36.66041, 7.99792]
			},
			"faces": {
				"north": {
					"uv": [12, 0, 0, 4],
					"texture": "#0"
				},
				"east": {
					"uv": [4, 0, 0, 4],
					"texture": "#0"
				},
				"south": {
					"uv": [12, 0, 0, 4],
					"texture": "#0"
				},
				"west": {
					"uv": [4, 0, 0, 4],
					"texture": "#0"
				},
				"up": {
					"uv": [12, 0, 0, 4],
					"texture": "#0"
				},
				"down": {
					"uv": [12, 0, 0, 4],
					"texture": "#0"
				}
			}
		},
		{
			"from": [-2.59375, 9.33959, 5.04791],
			"to": [13.26875, 17.30208, 10.96042],
			"rotation": {
				"angle": 0,
				"axis": "y",
				"origin": [1.33125, -36.66041, 7.99792]
			},
			"faces": {
				"north": {
					"uv": [8, 0, 0, 4],
					"texture": "#0"
				},
				"east": {
					"uv": [4, 0, 0, 4],
					"texture": "#0"
				},
				"south": {
					"uv": [8, 0, 0, 4],
					"texture": "#0"
				},
				"west": {
					"uv": [4, 0, 0, 4],
					"texture": "#0"
				},
				"up": {
					"uv": [8, 0, 0, 4],
					"texture": "#0"
				},
				"down": {
					"uv": [8, 0, 0, 4],
					"texture": "#0"
				}
			}
		},
		{
			"from": [5.33125, 1.33958, -4.00208],
			"to": [13.33125, 9.33959, 19.99792],
			"rotation": {
				"angle": 0,
				"axis": "y",
				"origin": [-58.66875, -58.66041, 7.99792]
			},
			"faces": {
				"north": {
					"uv": [4, 0, 0, 4],
					"rotation": 180,
					"texture": "#0"
				},
				"east": {
					"uv": [4, 0, 0, 12],
					"rotation": 90,
					"texture": "#0"
				},
				"south": {
					"uv": [4, 0, 0, 4],
					"rotation": 180,
					"texture": "#0"
				},
				"west": {
					"uv": [4, 0, 0, 12],
					"rotation": 90,
					"texture": "#0"
				},
				"up": {
					"uv": [12, 0, 0, 4],
					"rotation": 90,
					"texture": "#0"
				},
				"down": {
					"uv": [12, 0, 0, 4],
					"rotation": 90,
					"texture": "#0"
				}
			}
		}
	]
}
