{
	"textures": {
		"0": "omega-flowey:custom/pipe/polished_andesite"
	},
	"display": {
		"head": {
			"rotation": [0, 180, 0]
		}
	},
	"elements": [
		{
			"from": [5, -4, 5],
			"to": [11, 20, 11],
			"rotation": {
				"angle": 0,
				"axis": "y",
				"origin": [-23.5, -37, 9.5]
			},
			"faces": {
				"north": {
					"uv": [4, 0, 0, 16],
					"texture": "#0"
				},
				"east": {
					"uv": [4, 0, 0, 16],
					"texture": "#0"
				},
				"south": {
					"uv": [4, 0, 0, 16],
					"texture": "#0"
				},
				"west": {
					"uv": [4, 0, 0, 16],
					"texture": "#0"
				},
				"up": {
					"uv": [4, 0, 0, 4],
					"texture": "#0"
				},
				"down": {
					"uv": [4, 0, 0, 4],
					"texture": "#0"
				}
			}
		},
		{
			"from": [5, 2, -1],
			"to": [11, 8, 17],
			"rotation": {
				"angle": 0,
				"axis": "y",
				"origin": [-25, -61, 8]
			},
			"faces": {
				"north": {
					"uv": [4, 0, 0, 4],
					"rotation": 180,
					"texture": "#0"
				},
				"east": {
					"uv": [4, 0, 0, 12],
					"rotation": 90,
					"texture": "#0"
				},
				"south": {
					"uv": [4, 0, 0, 4],
					"rotation": 180,
					"texture": "#0"
				},
				"west": {
					"uv": [4, 0, 0, 12],
					"rotation": 90,
					"texture": "#0"
				},
				"up": {
					"uv": [12, 0, 0, 4],
					"rotation": 90,
					"texture": "#0"
				},
				"down": {
					"uv": [12, 0, 0, 4],
					"rotation": 90,
					"texture": "#0"
				}
			}
		},
		{
			"from": [5, 8, -1],
			"to": [11, 14, 17],
			"rotation": {
				"angle": 0,
				"axis": "y",
				"origin": [-25, -61, 8]
			},
			"faces": {
				"north": {
					"uv": [4, 0, 0, 4],
					"rotation": 180,
					"texture": "#0"
				},
				"east": {
					"uv": [4, 0, 0, 12],
					"rotation": 90,
					"texture": "#0"
				},
				"south": {
					"uv": [4, 0, 0, 4],
					"rotation": 180,
					"texture": "#0"
				},
				"west": {
					"uv": [4, 0, 0, 12],
					"rotation": 90,
					"texture": "#0"
				},
				"up": {
					"uv": [12, 0, 0, 4],
					"rotation": 90,
					"texture": "#0"
				},
				"down": {
					"uv": [12, 0, 0, 4],
					"rotation": 90,
					"texture": "#0"
				}
			}
		}
	]
}
