{
	"textures": {
		"0": "omega-flowey:custom/pipe/polished_andesite"
	},
	"display": {
		"head": {
			"rotation": [0, 180, 0]
		}
	},
	"elements": [
		{
			"from": [4.99295, -7.02114, 4.98669],
			"to": [11.00705, 11.02114, 11.00078],
			"rotation": {
				"angle": 0,
				"axis": "y",
				"origin": [-35.60219, 14.02819, 9.49726]
			},
			"faces": {
				"north": {
					"uv": [4, 0, 0, 12],
					"texture": "#0"
				},
				"east": {
					"uv": [4, 0, 0, 12],
					"texture": "#0"
				},
				"south": {
					"uv": [4, 0, 0, 12],
					"texture": "#0"
				},
				"west": {
					"uv": [4, 0, 0, 12],
					"texture": "#0"
				},
				"up": {
					"uv": [4, 0, 0, 4],
					"texture": "#0"
				},
				"down": {
					"uv": [4, 0, 0, 4],
					"texture": "#0"
				}
			}
		},
		{
			"from": [5.02114, 10.99295, 5.80423],
			"to": [10.97886, 16.97886, 10.22083],
			"rotation": {
				"angle": 0,
				"axis": "y",
				"origin": [-35.60219, 14.02819, 9.49726]
			},
			"faces": {
				"north": {
					"uv": [4, 0, 0, 4],
					"texture": "#0"
				},
				"east": {
					"uv": [4, 0, 0, 4],
					"texture": "#0"
				},
				"south": {
					"uv": [4, 0, 0, 4],
					"texture": "#0"
				},
				"west": {
					"uv": [4, 0, 0, 4],
					"texture": "#0"
				},
				"up": {
					"uv": [4, 0, 0, 4],
					"texture": "#0"
				},
				"down": {
					"uv": [4, 0, 0, 4],
					"texture": "#0"
				}
			}
		},
		{
			"from": [4.99295, 5.00705, -1.02741],
			"to": [11.00705, 11.02114, 17.01488],
			"rotation": {
				"angle": 0,
				"axis": "y",
				"origin": [-37.10572, -10.02819, 7.99373]
			},
			"faces": {
				"north": {
					"uv": [4, 0, 0, 4],
					"rotation": 180,
					"texture": "#0"
				},
				"east": {
					"uv": [4, 0, 0, 12],
					"rotation": 90,
					"texture": "#0"
				},
				"south": {
					"uv": [4, 0, 0, 4],
					"rotation": 180,
					"texture": "#0"
				},
				"west": {
					"uv": [4, 0, 0, 12],
					"rotation": 90,
					"texture": "#0"
				},
				"up": {
					"uv": [12, 0, 0, 4],
					"rotation": 90,
					"texture": "#0"
				},
				"down": {
					"uv": [12, 0, 0, 4],
					"rotation": 90,
					"texture": "#0"
				}
			}
		}
	]
}
