{
	"textures": {
		"0": "omega-flowey:custom/pipe/polished_andesite"
	},
	"display": {
		"head": {
			"rotation": [0, 180, 0]
		}
	},
	"elements": [
		{
			"from": [10, -1, 4],
			"to": [18, 15, 12],
			"rotation": {
				"angle": 0,
				"axis": "y",
				"origin": [-52, -37, 10]
			},
			"faces": {
				"north": {
					"uv": [4, 0, 0, 8],
					"texture": "#0"
				},
				"east": {
					"uv": [4, 0, 0, 8],
					"texture": "#0"
				},
				"south": {
					"uv": [4, 0, 0, 8],
					"texture": "#0"
				},
				"west": {
					"uv": [4, 0, 0, 8],
					"texture": "#0"
				},
				"up": {
					"uv": [4, 0, 0, 4],
					"texture": "#0"
				},
				"down": {
					"uv": [4, 0, 0, 4],
					"texture": "#0"
				}
			}
		},
		{
			"from": [2, -1, -4],
			"to": [10, 7, 20],
			"rotation": {
				"angle": 0,
				"axis": "y",
				"origin": [-54, -69, 8]
			},
			"faces": {
				"north": {
					"uv": [4, 0, 0, 4],
					"rotation": 180,
					"texture": "#0"
				},
				"east": {
					"uv": [4, 0, 0, 12],
					"rotation": 90,
					"texture": "#0"
				},
				"south": {
					"uv": [4, 0, 0, 4],
					"rotation": 180,
					"texture": "#0"
				},
				"west": {
					"uv": [4, 0, 0, 12],
					"rotation": 90,
					"texture": "#0"
				},
				"up": {
					"uv": [12, 0, 0, 4],
					"rotation": 90,
					"texture": "#0"
				},
				"down": {
					"uv": [12, 0, 0, 4],
					"rotation": 90,
					"texture": "#0"
				}
			}
		},
		{
			"from": [2, 7, -4],
			"to": [10, 15, 20],
			"rotation": {
				"angle": 0,
				"axis": "y",
				"origin": [-54, -69, 8]
			},
			"faces": {
				"north": {
					"uv": [4, 0, 0, 4],
					"rotation": 180,
					"texture": "#0"
				},
				"east": {
					"uv": [4, 0, 0, 12],
					"rotation": 90,
					"texture": "#0"
				},
				"south": {
					"uv": [4, 0, 0, 4],
					"rotation": 180,
					"texture": "#0"
				},
				"west": {
					"uv": [4, 0, 0, 12],
					"rotation": 90,
					"texture": "#0"
				},
				"up": {
					"uv": [12, 0, 0, 4],
					"rotation": 90,
					"texture": "#0"
				},
				"down": {
					"uv": [12, 0, 0, 4],
					"rotation": 90,
					"texture": "#0"
				}
			}
		},
		{
			"from": [2, -1, 4],
			"to": [10, 23, 12],
			"rotation": {
				"angle": 0,
				"axis": "y",
				"origin": [-52, -37, 10]
			},
			"faces": {
				"north": {
					"uv": [4, 0, 0, 12],
					"texture": "#0"
				},
				"east": {
					"uv": [4, 0, 0, 12],
					"texture": "#0"
				},
				"south": {
					"uv": [4, 0, 0, 12],
					"texture": "#0"
				},
				"west": {
					"uv": [4, 0, 0, 12],
					"texture": "#0"
				},
				"up": {
					"uv": [4, 0, 0, 4],
					"texture": "#0"
				},
				"down": {
					"uv": [4, 0, 0, 4],
					"texture": "#0"
				}
			}
		}
	]
}
