{
	"textures": {
		"0": "omega-flowey:custom/pipe/polished_andesite"
	},
	"display": {
		"head": {
			"rotation": [0, 180, 0]
		}
	},
	"elements": [
		{
			"from": [4, 4, -4],
			"to": [12, 12, 20],
			"rotation": {
				"angle": 0,
				"axis": "y",
				"origin": [-12, 8, 8]
			},
			"faces": {
				"north": {
					"uv": [4, 0, 0, 4],
					"rotation": 180,
					"texture": "#0"
				},
				"east": {
					"uv": [4, 0, 0, 12],
					"rotation": 90,
					"texture": "#0"
				},
				"south": {
					"uv": [4, 0, 0, 4],
					"rotation": 180,
					"texture": "#0"
				},
				"west": {
					"uv": [4, 0, 0, 12],
					"rotation": 90,
					"texture": "#0"
				},
				"up": {
					"uv": [12, 0, 0, 4],
					"rotation": 90,
					"texture": "#0"
				},
				"down": {
					"uv": [12, 0, 0, 4],
					"rotation": 90,
					"texture": "#0"
				}
			}
		},
		{
			"from": [4, -4, 4],
			"to": [12, 20, 12],
			"rotation": {
				"angle": 0,
				"axis": "y",
				"origin": [-10, 40, 10]
			},
			"faces": {
				"north": {
					"uv": [4, 0, 0, 12],
					"texture": "#0"
				},
				"east": {
					"uv": [4, 0, 0, 12],
					"texture": "#0"
				},
				"south": {
					"uv": [4, 0, 0, 12],
					"texture": "#0"
				},
				"west": {
					"uv": [4, 0, 0, 12],
					"texture": "#0"
				},
				"up": {
					"uv": [4, 0, 0, 4],
					"texture": "#0"
				},
				"down": {
					"uv": [4, 0, 0, 4],
					"texture": "#0"
				}
			}
		}
	]
}
