{"textures":{"1":"minecraft:block/light_gray_concrete"},"display":{"head":{"rotation":[0,180,0]}},"elements":[{"from":[-5.74789,5.91757,5.30055],"to":[2.58183,22.57701,8.4242],"rotation":{"angle":0,"axis":"y","origin":[6.74669,8,7.90359]},"faces":{"north":{"uv":[8,1,1,3],"rotation":90,"texture":"#1"},"east":{"uv":[8,1,1,3],"rotation":270,"texture":"#1"},"south":{"uv":[8,1,1,3],"rotation":270,"texture":"#1"},"west":{"uv":[8,1,1,3],"rotation":270,"texture":"#1"},"up":{"uv":[8,1,1,3],"rotation":270,"texture":"#1"},"down":{"uv":[8,1,1,3],"rotation":270,"texture":"#1"}}},{"from":[-9.91275,10.08243,5.30055],"to":[-5.74789,18.41215,8.4242],"rotation":{"angle":0,"axis":"y","origin":[6.74669,8,7.90359]},"faces":{"north":{"uv":[8,1,1,3],"rotation":90,"texture":"#1"},"east":{"uv":[8,1,1,3],"rotation":270,"texture":"#1"},"south":{"uv":[8,1,1,3],"rotation":270,"texture":"#1"},"west":{"uv":[8,1,1,3],"rotation":270,"texture":"#1"},"up":{"uv":[8,1,1,3],"rotation":270,"texture":"#1"},"down":{"uv":[8,1,1,3],"rotation":270,"texture":"#1"}}},{"from":[2.58183,10.08243,5.30055],"to":[6.74669,18.41215,8.4242],"rotation":{"angle":0,"axis":"y","origin":[6.74669,8,7.90359]},"faces":{"north":{"uv":[8,1,1,3],"rotation":90,"texture":"#1"},"east":{"uv":[8,1,1,3],"rotation":270,"texture":"#1"},"south":{"uv":[8,1,1,3],"rotation":270,"texture":"#1"},"west":{"uv":[8,1,1,3],"rotation":270,"texture":"#1"},"up":{"uv":[8,1,1,3],"rotation":270,"texture":"#1"},"down":{"uv":[8,1,1,3],"rotation":270,"texture":"#1"}}},{"from":[-3.56134,15.39262,5.35262],"to":[2.32152,21.27549,8.37214],"rotation":{"angle":45,"axis":"z","origin":[6.74669,8,7.90359]},"faces":{"north":{"uv":[1,3,8,1],"rotation":180,"texture":"#1"},"east":{"uv":[1,3,8,1],"rotation":180,"texture":"#1"},"south":{"uv":[1,3,8,1],"rotation":180,"texture":"#1"},"west":{"uv":[1,3,8,1],"rotation":180,"texture":"#1"},"up":{"uv":[1,3,8,1],"rotation":180,"texture":"#1"},"down":{"uv":[1,3,8,1],"rotation":180,"texture":"#1"}}},{"from":[8.20439,15.39262,5.35262],"to":[14.08725,21.27549,8.37214],"rotation":{"angle":45,"axis":"z","origin":[6.74669,8,7.90359]},"faces":{"north":{"uv":[1,3,8,1],"rotation":180,"texture":"#1"},"east":{"uv":[1,3,8,1],"rotation":180,"texture":"#1"},"south":{"uv":[1,3,8,1],"rotation":180,"texture":"#1"},"west":{"uv":[1,3,8,1],"rotation":180,"texture":"#1"},"up":{"uv":[1,3,8,1],"rotation":180,"texture":"#1"},"down":{"uv":[1,3,8,1],"rotation":180,"texture":"#1"}}},{"from":[2.32152,9.4577,5.35262],"to":[8.20439,13.62256,8.37214],"rotation":{"angle":45,"axis":"z","origin":[6.74669,8,7.90359]},"faces":{"north":{"uv":[1,3,8,1],"rotation":180,"texture":"#1"},"east":{"uv":[1,3,8,1],"rotation":180,"texture":"#1"},"south":{"uv":[1,3,8,1],"rotation":180,"texture":"#1"},"west":{"uv":[1,3,8,1],"rotation":180,"texture":"#1"},"up":{"uv":[1,3,8,1],"rotation":180,"texture":"#1"},"down":{"uv":[1,3,8,1],"rotation":180,"texture":"#1"}}},{"from":[2.32152,22.99349,5.35262],"to":[8.20439,27.15835,8.37214],"rotation":{"angle":45,"axis":"z","origin":[6.74669,8,7.90359]},"faces":{"north":{"uv":[1,3,8,1],"rotation":180,"texture":"#1"},"east":{"uv":[1,3,8,1],"rotation":180,"texture":"#1"},"south":{"uv":[1,3,8,1],"rotation":180,"texture":"#1"},"west":{"uv":[1,3,8,1],"rotation":180,"texture":"#1"},"up":{"uv":[1,3,8,1],"rotation":180,"texture":"#1"},"down":{"uv":[1,3,8,1],"rotation":180,"texture":"#1"}}}]}
