{
	"textures": {
		"0": "omega-flowey:custom/black",
		"1": "omega-flowey:custom/attacks/blank"
	},
	"display": {
		"head": {
			"rotation": [0, 180, 0]
		}
	},
	"elements": [
		{
			"from": [20, 15.92453, 19.32075],
			"to": [-4, 0.07547, -3.32075],
			"rotation": {
				"angle": 0,
				"axis": "y",
				"origin": [-27.54717, -61.50943, -25.50943]
			},
			"faces": {
				"east": {
					"uv": [0, 0, 16, 16],
					"texture": "#1"
				},
				"south": {
					"uv": [0, 0, 16, 16],
					"texture": "#1"
				},
				"west": {
					"uv": [0, 0, 16, 16],
					"texture": "#1"
				},
				"down": {
					"uv": [0, 0, 16, 16],
					"rotation": 180,
					"texture": "#1"
				}
			}
		},
		{
			"from": [-4, -0.83019, -3.32075],
			"to": [20, 0.07547, 2.56604],
			"rotation": {
				"angle": 0,
				"axis": "y",
				"origin": [-27.54717, -77.35849, -25.50943]
			},
			"faces": {
				"south": {
					"uv": [0, 0, 16, 2],
					"texture": "#1"
				},
				"up": {
					"uv": [0, 0, 16, 13],
					"rotation": 180,
					"texture": "#1"
				}
			}
		},
		{
			"from": [-4, -0.83019, 13.43396],
			"to": [20, 0.07547, 19.32075],
			"rotation": {
				"angle": 0,
				"axis": "y",
				"origin": [-27.54717, -77.35849, -8.75472]
			},
			"faces": {
				"north": {
					"uv": [0, 0, 16, 2],
					"texture": "#1"
				},
				"up": {
					"uv": [0, 0, 16, 13],
					"rotation": 180,
					"texture": "#1"
				}
			}
		},
		{
			"from": [15.01887, -0.83019, 2.56604],
			"to": [20, 0.07547, 13.43396],
			"rotation": {
				"angle": 0,
				"axis": "y",
				"origin": [-27.54717, -77.35849, -15.09434]
			},
			"faces": {
				"west": {
					"uv": [0, 0, 16, 2],
					"texture": "#1"
				},
				"up": {
					"uv": [0, 0, 11, 16],
					"rotation": 180,
					"texture": "#1"
				}
			}
		},
		{
			"from": [0.98113, -1.28302, 2.56604],
			"to": [15.01887, -0.37736, 13.43396],
			"rotation": {
				"angle": 0,
				"axis": "y",
				"origin": [-41.58491, -77.81132, -15.09434]
			},
			"faces": {
				"up": {
					"uv": [0, 0, 16, 16],
					"rotation": 180,
					"texture": "#1"
				}
			}
		},
		{
			"from": [-4, -0.83019, 2.56604],
			"to": [0.98113, 0.07547, 13.43396],
			"rotation": {
				"angle": 0,
				"axis": "y",
				"origin": [-46.56604, -77.35849, -15.09434]
			},
			"faces": {
				"east": {
					"uv": [0, 0, 16, 2],
					"texture": "#1"
				},
				"up": {
					"uv": [0, 0, 11, 16],
					"rotation": 180,
					"texture": "#1"
				}
			}
		},
		{
			"from": [-3.32132, 8.45226, 16.15094],
			"to": [0.98113, 11.84906, 19.32075],
			"rotation": {
				"angle": 0,
				"axis": "y",
				"origin": [-10.79245, 8.67925, 12.5283]
			},
			"faces": {
				"north": {
					"uv": [0, 0, 9, 7],
					"texture": "#0"
				},
				"east": {
					"uv": [0, 0, 7, 7],
					"texture": "#0"
				},
				"west": {
					"uv": [0, 0, 7, 7],
					"texture": "#0"
				},
				"up": {
					"uv": [0, 0, 9, 7],
					"rotation": 180,
					"texture": "#0"
				},
				"down": {
					"uv": [0, 0, 9, 7],
					"rotation": 180,
					"texture": "#0"
				}
			}
		},
		{
			"from": [-0.51922, 0.07547, 19.32075],
			"to": [20, 15.92453, 20.22642],
			"rotation": {
				"angle": 0,
				"axis": "y",
				"origin": [-48.83019, -45.66038, -3.77358]
			},
			"faces": {
				"north": {
					"uv": [0, 0, 16, 16],
					"texture": "#1"
				}
			}
		},
		{
			"from": [-4, 11.11307, 19.32075],
			"to": [-0.37736, 15.92453, 20.22642],
			"rotation": {
				"angle": 0,
				"axis": "y",
				"origin": [-70.56604, -45.66038, -3.77358]
			},
			"faces": {
				"north": {
					"uv": [0, 0, 16, 16],
					"texture": "#1"
				}
			}
		},
		{
			"from": [-4, 0.07547, 19.32075],
			"to": [-0.37736, 8.90566, 20.22642],
			"rotation": {
				"angle": 0,
				"axis": "y",
				"origin": [-70.56604, -57.88679, -3.77358]
			},
			"faces": {
				"north": {
					"uv": [0, 0, 16, 16],
					"texture": "#1"
				}
			}
		},
		{
			"from": [-4, 8.90566, 19.32075],
			"to": [-3.00922, 11.16981, 20.22642],
			"rotation": {
				"angle": 0,
				"axis": "y",
				"origin": [-70.56604, -55.16981, -3.77358]
			},
			"faces": {
				"north": {
					"uv": [0, 0, 16, 16],
					"texture": "#1"
				}
			}
		}
	]
}
