{
	"textures": {
		"0": "omega-flowey:custom/black",
		"1": "omega-flowey:custom/white",
		"2": "minecraft:block/glass"
	},
	"display": {
		"head": {
			"rotation": [0, 180, 0]
		}
	},
	"elements": [
		{
			"from": [5.55556, 8, 5.77778],
			"to": [10.44444, 20, 10.22222],
			"rotation": {
				"angle": -22.5,
				"axis": "x",
				"origin": [8, 14.22222, 8]
			},
			"faces": {
				"north": {
					"uv": [0, 0, 16, 16],
					"texture": "#0"
				},
				"east": {
					"uv": [0, 0, 16, 16],
					"texture": "#0"
				},
				"south": {
					"uv": [0, 0, 16, 16],
					"texture": "#0"
				},
				"west": {
					"uv": [0, 0, 16, 16],
					"texture": "#0"
				},
				"up": {
					"uv": [0, 0, 16, 16],
					"texture": "#0"
				},
				"down": {
					"uv": [0, 0, 16, 16],
					"texture": "#0"
				}
			}
		},
		{
			"from": [5.33333, 10.22222, 5.55556],
			"to": [10.66667, 17.55556, 8],
			"rotation": {
				"angle": -22.5,
				"axis": "x",
				"origin": [8, 14.22222, 7.77778]
			},
			"faces": {
				"north": {
					"uv": [0, 0, 16, 16],
					"texture": "#0"
				},
				"east": {
					"uv": [0, 0, 11, 16],
					"texture": "#0"
				},
				"south": {
					"uv": [0, 0, 16, 16],
					"texture": "#0"
				},
				"west": {
					"uv": [0, 0, 11, 16],
					"texture": "#0"
				},
				"up": {
					"uv": [0, 0, 16, 11],
					"texture": "#0"
				},
				"down": {
					"uv": [0, 0, 16, 11],
					"texture": "#0"
				}
			}
		},
		{
			"from": [5.38889, 10.05556, 5.55556],
			"to": [10.61111, 17.77778, 8.11111],
			"rotation": {
				"angle": -22.5,
				"axis": "x",
				"origin": [8, 14.44444, 7.77778]
			},
			"faces": {
				"north": {
					"uv": [0, 0, 16, 16],
					"texture": "#1"
				},
				"east": {
					"uv": [0, 0, 11.5, 16],
					"texture": "#1"
				},
				"south": {
					"uv": [0, 0, 16, 16],
					"texture": "#1"
				},
				"west": {
					"uv": [0, 0, 11.5, 16],
					"texture": "#1"
				},
				"up": {
					"uv": [0, 0, 16, 11.5],
					"texture": "#1"
				},
				"down": {
					"uv": [0, 0, 16, 11.5],
					"texture": "#1"
				}
			}
		},
		{
			"from": [5.27778, 17.38889, 5.94444],
			"to": [10.72222, 17.55556, 8.5],
			"rotation": {
				"angle": -45,
				"axis": "x",
				"origin": [8, 15.11111, 8.16667]
			},
			"faces": {
				"north": {
					"uv": [0, 0, 16, 0.75],
					"texture": "#1"
				},
				"east": {
					"uv": [0, 0, 11.5, 0.75],
					"texture": "#1"
				},
				"south": {
					"uv": [0, 0, 16, 0.75],
					"texture": "#1"
				},
				"west": {
					"uv": [0, 0, 11.5, 0.75],
					"texture": "#1"
				},
				"up": {
					"uv": [0, 0, 16, 11.5],
					"texture": "#1"
				},
				"down": {
					"uv": [0, 0, 16, 11.5],
					"texture": "#1"
				}
			}
		},
		{
			"from": [5.27778, 17.94444, 5.72222],
			"to": [10.72222, 18.11111, 7.27778],
			"rotation": {
				"angle": -45,
				"axis": "x",
				"origin": [8, 15.66667, 7.94444]
			},
			"faces": {
				"north": {
					"uv": [0, 0, 16, 0.75],
					"texture": "#1"
				},
				"east": {
					"uv": [0, 0, 7, 0.75],
					"texture": "#1"
				},
				"south": {
					"uv": [0, 0, 16, 0.75],
					"texture": "#1"
				},
				"west": {
					"uv": [0, 0, 7, 0.75],
					"texture": "#1"
				},
				"up": {
					"uv": [0, 0, 16, 7],
					"texture": "#1"
				},
				"down": {
					"uv": [0, 0, 16, 7],
					"texture": "#1"
				}
			}
		},
		{
			"from": [5.27778, 16.5, 6.27778],
			"to": [10.72222, 16.66667, 8.83333],
			"rotation": {
				"angle": -45,
				"axis": "x",
				"origin": [8, 14.22222, 8.5]
			},
			"faces": {
				"north": {
					"uv": [0, 0, 16, 0.75],
					"texture": "#1"
				},
				"east": {
					"uv": [0, 0, 11.5, 0.75],
					"texture": "#1"
				},
				"south": {
					"uv": [0, 0, 16, 0.75],
					"texture": "#1"
				},
				"west": {
					"uv": [0, 0, 11.5, 0.75],
					"texture": "#1"
				},
				"up": {
					"uv": [0, 0, 16, 11.5],
					"texture": "#1"
				},
				"down": {
					"uv": [0, 0, 16, 11.5],
					"texture": "#1"
				}
			}
		},
		{
			"from": [5.27778, 14.94444, 6.94444],
			"to": [10.72222, 15.11111, 9.5],
			"rotation": {
				"angle": -45,
				"axis": "x",
				"origin": [8, 12.66667, 9.16667]
			},
			"faces": {
				"north": {
					"uv": [0, 0, 16, 0.75],
					"texture": "#1"
				},
				"east": {
					"uv": [0, 0, 11.5, 0.75],
					"texture": "#1"
				},
				"south": {
					"uv": [0, 0, 16, 0.75],
					"texture": "#1"
				},
				"west": {
					"uv": [0, 0, 11.5, 0.75],
					"texture": "#1"
				},
				"up": {
					"uv": [0, 0, 16, 11.5],
					"texture": "#1"
				},
				"down": {
					"uv": [0, 0, 16, 11.5],
					"texture": "#1"
				}
			}
		},
		{
			"from": [5.27778, 13.83333, 7.38889],
			"to": [10.72222, 14, 9.94444],
			"rotation": {
				"angle": -45,
				"axis": "x",
				"origin": [8, 11.55556, 9.61111]
			},
			"faces": {
				"north": {
					"uv": [0, 0, 16, 0.75],
					"texture": "#1"
				},
				"east": {
					"uv": [0, 0, 11.5, 0.75],
					"texture": "#1"
				},
				"south": {
					"uv": [0, 0, 16, 0.75],
					"texture": "#1"
				},
				"west": {
					"uv": [0, 0, 11.5, 0.75],
					"texture": "#1"
				},
				"up": {
					"uv": [0, 0, 16, 11.5],
					"texture": "#1"
				},
				"down": {
					"uv": [0, 0, 16, 11.5],
					"texture": "#1"
				}
			}
		},
		{
			"from": [5.27778, 12.44444, 8],
			"to": [10.72222, 12.61111, 10.55556],
			"rotation": {
				"angle": -45,
				"axis": "x",
				"origin": [8, 10.16667, 10.22222]
			},
			"faces": {
				"north": {
					"uv": [0, 0, 16, 0.75],
					"texture": "#1"
				},
				"east": {
					"uv": [0, 0, 11.5, 0.75],
					"texture": "#1"
				},
				"south": {
					"uv": [0, 0, 16, 0.75],
					"texture": "#1"
				},
				"west": {
					"uv": [0, 0, 11.5, 0.75],
					"texture": "#1"
				},
				"up": {
					"uv": [0, 0, 16, 11.5],
					"texture": "#1"
				},
				"down": {
					"uv": [0, 0, 16, 11.5],
					"texture": "#1"
				}
			}
		},
		{
			"from": [5.77778, 16.66667, -1.33333],
			"to": [10.22222, 20.44444, 7.77778],
			"rotation": {
				"angle": 0,
				"axis": "y",
				"origin": [10, 8, 1.55556]
			},
			"faces": {
				"north": {
					"uv": [0, 0, 16, 16],
					"texture": "#0"
				},
				"east": {
					"uv": [0, 0, 16, 16],
					"texture": "#0"
				},
				"south": {
					"uv": [0, 0, 16, 16],
					"texture": "#0"
				},
				"west": {
					"uv": [0, 0, 16, 16],
					"texture": "#0"
				},
				"up": {
					"uv": [0, 0, 16, 16],
					"texture": "#0"
				},
				"down": {
					"uv": [0, 0, 16, 16],
					"texture": "#0"
				}
			}
		},
		{
			"from": [10.22222, 20.44444, 4.66667],
			"to": [10.44444, 20.66667, 8.02222],
			"rotation": {
				"angle": 0,
				"axis": "y",
				"origin": [10.22222, 8.22222, 1.55556]
			},
			"faces": {
				"north": {
					"uv": [0, 0, 1, 1],
					"texture": "#1"
				},
				"east": {
					"uv": [0, 0, 15.1, 1],
					"texture": "#1"
				},
				"south": {
					"uv": [0, 0, 1, 1],
					"texture": "#1"
				},
				"west": {
					"uv": [0, 0, 15.1, 1],
					"texture": "#1"
				},
				"up": {
					"uv": [0, 0, 1, 15.1],
					"texture": "#1"
				},
				"down": {
					"uv": [0, 0, 1, 15.1],
					"texture": "#1"
				}
			}
		},
		{
			"from": [10.44444, 8.57222, 8.41667],
			"to": [10.66667, 20.60556, 8.63889],
			"rotation": {
				"angle": -22.5,
				"axis": "x",
				"origin": [10.55556, 19, 8.52778]
			},
			"faces": {
				"north": {
					"uv": [0, 0, 1, 16],
					"rotation": 180,
					"texture": "#1"
				},
				"east": {
					"uv": [0, 0, 16, 1],
					"rotation": 270,
					"texture": "#1"
				},
				"south": {
					"uv": [0, 0, 1, 16],
					"texture": "#1"
				},
				"west": {
					"uv": [0, 0, 16, 1],
					"rotation": 90,
					"texture": "#1"
				},
				"up": {
					"uv": [0, 0, 1, 1],
					"rotation": 180,
					"texture": "#1"
				},
				"down": {
					"uv": [0, 0, 1, 1],
					"texture": "#1"
				}
			}
		},
		{
			"from": [10.44444, 6.86111, 4.41667],
			"to": [10.66667, 8.99444, 4.63889],
			"rotation": {
				"angle": -22.5,
				"axis": "x",
				"origin": [10.55556, 16.77778, 4.52778]
			},
			"faces": {
				"north": {
					"uv": [0, 0, 1, 9.6],
					"rotation": 180,
					"texture": "#1"
				},
				"east": {
					"uv": [0, 0, 9.6, 1],
					"rotation": 270,
					"texture": "#1"
				},
				"south": {
					"uv": [0, 0, 1, 9.6],
					"texture": "#1"
				},
				"west": {
					"uv": [0, 0, 9.6, 1],
					"rotation": 90,
					"texture": "#1"
				},
				"up": {
					"uv": [0, 0, 1, 1],
					"rotation": 180,
					"texture": "#1"
				},
				"down": {
					"uv": [0, 0, 1, 1],
					"texture": "#1"
				}
			}
		},
		{
			"from": [10.44444, 6.66111, 4.61667],
			"to": [10.66667, 6.88333, 8.97222],
			"rotation": {
				"angle": -22.5,
				"axis": "x",
				"origin": [10.55556, 16.77778, 4.52778]
			},
			"faces": {
				"north": {
					"uv": [0, 0, 1, 1],
					"rotation": 180,
					"texture": "#1"
				},
				"east": {
					"uv": [0, 0, 1, 16],
					"rotation": 270,
					"texture": "#1"
				},
				"south": {
					"uv": [0, 0, 1, 1],
					"texture": "#1"
				},
				"west": {
					"uv": [0, 0, 1, 16],
					"rotation": 90,
					"texture": "#1"
				},
				"up": {
					"uv": [0, 0, 1, 16],
					"rotation": 180,
					"texture": "#1"
				},
				"down": {
					"uv": [0, 0, 1, 16],
					"texture": "#1"
				}
			}
		},
		{
			"from": [5.33333, 6.66111, 4.61667],
			"to": [5.55556, 6.88333, 8.97222],
			"rotation": {
				"angle": -22.5,
				"axis": "x",
				"origin": [5.44444, 16.77778, 4.52778]
			},
			"faces": {
				"north": {
					"uv": [0, 0, 1, 1],
					"rotation": 180,
					"texture": "#1"
				},
				"east": {
					"uv": [0, 0, 1, 16],
					"rotation": 270,
					"texture": "#1"
				},
				"south": {
					"uv": [0, 0, 1, 1],
					"texture": "#1"
				},
				"west": {
					"uv": [0, 0, 1, 16],
					"rotation": 90,
					"texture": "#1"
				},
				"up": {
					"uv": [0, 0, 1, 16],
					"rotation": 180,
					"texture": "#1"
				},
				"down": {
					"uv": [0, 0, 1, 16],
					"texture": "#1"
				}
			}
		},
		{
			"from": [5.33333, 6.86111, 4.41667],
			"to": [5.55556, 8.99444, 4.63889],
			"rotation": {
				"angle": -22.5,
				"axis": "x",
				"origin": [5.44444, 16.77778, 4.52778]
			},
			"faces": {
				"north": {
					"uv": [0, 0, 1, 9.6],
					"rotation": 180,
					"texture": "#1"
				},
				"east": {
					"uv": [0, 0, 9.6, 1],
					"rotation": 270,
					"texture": "#1"
				},
				"south": {
					"uv": [0, 0, 1, 9.6],
					"texture": "#1"
				},
				"west": {
					"uv": [0, 0, 9.6, 1],
					"rotation": 90,
					"texture": "#1"
				},
				"up": {
					"uv": [0, 0, 1, 1],
					"rotation": 180,
					"texture": "#1"
				},
				"down": {
					"uv": [0, 0, 1, 1],
					"texture": "#1"
				}
			}
		},
		{
			"from": [5.33333, 8.57222, 8.41667],
			"to": [5.55556, 20.60556, 8.63889],
			"rotation": {
				"angle": -22.5,
				"axis": "x",
				"origin": [5.44444, 19, 8.52778]
			},
			"faces": {
				"north": {
					"uv": [0, 0, 1, 16],
					"rotation": 180,
					"texture": "#1"
				},
				"east": {
					"uv": [0, 0, 16, 1],
					"rotation": 270,
					"texture": "#1"
				},
				"south": {
					"uv": [0, 0, 1, 16],
					"texture": "#1"
				},
				"west": {
					"uv": [0, 0, 16, 1],
					"rotation": 90,
					"texture": "#1"
				},
				"up": {
					"uv": [0, 0, 1, 1],
					"rotation": 180,
					"texture": "#1"
				},
				"down": {
					"uv": [0, 0, 1, 1],
					"texture": "#1"
				}
			}
		},
		{
			"from": [5.55556, 20.44444, 4.66667],
			"to": [5.77778, 20.66667, 8.02222],
			"rotation": {
				"angle": 0,
				"axis": "y",
				"origin": [5.55556, 8.22222, 1.55556]
			},
			"faces": {
				"north": {
					"uv": [0, 0, 1, 1],
					"texture": "#1"
				},
				"east": {
					"uv": [0, 0, 15.1, 1],
					"texture": "#1"
				},
				"south": {
					"uv": [0, 0, 1, 1],
					"texture": "#1"
				},
				"west": {
					"uv": [0, 0, 15.1, 1],
					"texture": "#1"
				},
				"up": {
					"uv": [0, 0, 1, 15.1],
					"texture": "#1"
				},
				"down": {
					"uv": [0, 0, 1, 15.1],
					"texture": "#1"
				}
			}
		},
		{
			"from": [7.77778, 18.44444, -1.77222],
			"to": [11.11111, 21.33333, 4.67222],
			"rotation": {
				"angle": -22.5,
				"axis": "z",
				"origin": [9.33333, 20.44444, 1.45]
			},
			"faces": {
				"north": {
					"uv": [0, 0, 15, 13],
					"texture": "#1"
				},
				"east": {
					"uv": [0, 0, 16, 13],
					"texture": "#1"
				},
				"south": {
					"uv": [0, 0, 15, 13],
					"texture": "#1"
				},
				"west": {
					"uv": [0, 0, 16, 13],
					"texture": "#1"
				},
				"up": {
					"uv": [0, 0, 15, 16],
					"texture": "#0"
				},
				"down": {
					"uv": [0, 0, 15, 16],
					"texture": "#0"
				}
			}
		},
		{
			"from": [7.55556, 15.77778, -1.77778],
			"to": [10.88889, 18.66667, 4.66667],
			"rotation": {
				"angle": 22.5,
				"axis": "z",
				"origin": [9.11111, 17.55556, 1.44444]
			},
			"faces": {
				"north": {
					"uv": [0, 0, 15, 13],
					"texture": "#1"
				},
				"east": {
					"uv": [0, 0, 16, 13],
					"texture": "#0"
				},
				"south": {
					"uv": [0, 0, 15, 13],
					"texture": "#1"
				},
				"west": {
					"uv": [0, 0, 16, 13],
					"texture": "#0"
				},
				"up": {
					"uv": [0, 0, 15, 16],
					"texture": "#0"
				},
				"down": {
					"uv": [0, 0, 15, 16],
					"texture": "#0"
				}
			}
		},
		{
			"from": [8.44444, 16.88889, -1.83333],
			"to": [11.55556, 20.22222, 4.72222],
			"rotation": {
				"angle": 0,
				"axis": "y",
				"origin": [10.66667, 18.66667, 1.44444]
			},
			"faces": {
				"north": {
					"uv": [0, 0, 15, 14],
					"rotation": 270,
					"texture": "#1"
				},
				"east": {
					"uv": [0, 0, 15, 16],
					"rotation": 90,
					"texture": "#0"
				},
				"south": {
					"uv": [0, 0, 15, 14],
					"rotation": 90,
					"texture": "#1"
				},
				"west": {
					"uv": [0, 0, 15, 16],
					"rotation": 90,
					"texture": "#0"
				},
				"up": {
					"uv": [0, 0, 16, 14],
					"rotation": 90,
					"texture": "#1"
				},
				"down": {
					"uv": [0, 0, 16, 14],
					"rotation": 90,
					"texture": "#1"
				}
			}
		},
		{
			"from": [11.44444, 18.11111, -0.72222],
			"to": [11.66667, 19, 3.61111],
			"rotation": {
				"angle": 0,
				"axis": "y",
				"origin": [10.77778, 18.77778, 1.44444]
			},
			"faces": {
				"north": {
					"uv": [0, 0, 4, 1],
					"rotation": 270,
					"texture": "#1"
				},
				"east": {
					"uv": [0, 0, 4, 16],
					"rotation": 90,
					"texture": "#1"
				},
				"south": {
					"uv": [0, 0, 4, 1],
					"rotation": 90,
					"texture": "#1"
				},
				"west": {
					"uv": [0, 0, 4, 16],
					"rotation": 90,
					"texture": "#1"
				},
				"up": {
					"uv": [0, 0, 16, 1],
					"rotation": 90,
					"texture": "#1"
				},
				"down": {
					"uv": [0, 0, 16, 1],
					"rotation": 90,
					"texture": "#1"
				}
			}
		},
		{
			"from": [4.33333, 18.11111, -0.72222],
			"to": [4.55556, 19, 3.61111],
			"rotation": {
				"angle": 0,
				"axis": "y",
				"origin": [3.66667, 18.77778, 1.44444]
			},
			"faces": {
				"north": {
					"uv": [0, 0, 4, 1],
					"rotation": 270,
					"texture": "#1"
				},
				"east": {
					"uv": [0, 0, 4, 16],
					"rotation": 90,
					"texture": "#1"
				},
				"south": {
					"uv": [0, 0, 4, 1],
					"rotation": 90,
					"texture": "#1"
				},
				"west": {
					"uv": [0, 0, 4, 16],
					"rotation": 90,
					"texture": "#1"
				},
				"up": {
					"uv": [0, 0, 16, 1],
					"rotation": 90,
					"texture": "#1"
				},
				"down": {
					"uv": [0, 0, 16, 1],
					"rotation": 90,
					"texture": "#1"
				}
			}
		},
		{
			"from": [9.11111, 21.22222, -0.72222],
			"to": [10, 21.44444, 3.61111],
			"rotation": {
				"angle": -22.5,
				"axis": "z",
				"origin": [9.33333, 20.55556, 1.44444]
			},
			"faces": {
				"north": {
					"uv": [0, 0, 4, 1],
					"texture": "#1"
				},
				"east": {
					"uv": [0, 0, 16, 1],
					"texture": "#1"
				},
				"south": {
					"uv": [0, 0, 4, 1],
					"texture": "#1"
				},
				"west": {
					"uv": [0, 0, 16, 1],
					"texture": "#1"
				},
				"up": {
					"uv": [0, 0, 4, 16],
					"texture": "#1"
				},
				"down": {
					"uv": [0, 0, 4, 16],
					"texture": "#1"
				}
			}
		},
		{
			"from": [6, 21.22222, -0.72222],
			"to": [6.88889, 21.44444, 3.61111],
			"rotation": {
				"angle": 22.5,
				"axis": "z",
				"origin": [6.66667, 20.55556, 1.44444]
			},
			"faces": {
				"north": {
					"uv": [4, 0, 0, 1],
					"texture": "#1"
				},
				"east": {
					"uv": [16, 0, 0, 1],
					"texture": "#1"
				},
				"south": {
					"uv": [4, 0, 0, 1],
					"texture": "#1"
				},
				"west": {
					"uv": [16, 0, 0, 1],
					"texture": "#1"
				},
				"up": {
					"uv": [4, 0, 0, 16],
					"texture": "#1"
				},
				"down": {
					"uv": [4, 0, 0, 16],
					"texture": "#1"
				}
			}
		},
		{
			"from": [6, 15.66667, -0.72222],
			"to": [6.88889, 15.88889, 3.61111],
			"rotation": {
				"angle": -22.5,
				"axis": "z",
				"origin": [6.66667, 16.55556, 1.44444]
			},
			"faces": {
				"north": {
					"uv": [4, 1, 8, 2],
					"texture": "#1"
				},
				"east": {
					"uv": [0, 1, 16, 2],
					"texture": "#1"
				},
				"south": {
					"uv": [4, 1, 8, 2],
					"texture": "#1"
				},
				"west": {
					"uv": [0, 1, 16, 2],
					"texture": "#1"
				},
				"up": {
					"uv": [4, 0, 8, 16],
					"texture": "#1"
				},
				"down": {
					"uv": [4, 0, 8, 16],
					"texture": "#1"
				}
			}
		},
		{
			"from": [9.11111, 15.66667, -0.72222],
			"to": [10, 15.88889, 3.61111],
			"rotation": {
				"angle": 22.5,
				"axis": "z",
				"origin": [9.33333, 16.55556, 1.44444]
			},
			"faces": {
				"north": {
					"uv": [0, 1, 4, 2],
					"texture": "#1"
				},
				"east": {
					"uv": [0, 1, 16, 2],
					"texture": "#1"
				},
				"south": {
					"uv": [0, 1, 4, 2],
					"texture": "#1"
				},
				"west": {
					"uv": [0, 1, 16, 2],
					"texture": "#1"
				},
				"up": {
					"uv": [0, 0, 4, 16],
					"texture": "#1"
				},
				"down": {
					"uv": [0, 0, 4, 16],
					"texture": "#1"
				}
			}
		},
		{
			"from": [5.11111, 15.77778, -1.76667],
			"to": [8.44444, 18.66667, 4.67778],
			"rotation": {
				"angle": -22.5,
				"axis": "z",
				"origin": [6.88889, 17.55556, 1.45556]
			},
			"faces": {
				"north": {
					"uv": [1, 0, 16, 13],
					"texture": "#1"
				},
				"east": {
					"uv": [0, 0, 16, 13],
					"texture": "#1"
				},
				"south": {
					"uv": [1, 0, 16, 13],
					"texture": "#1"
				},
				"west": {
					"uv": [0, 0, 16, 13],
					"texture": "#1"
				},
				"up": {
					"uv": [1, 0, 16, 16],
					"texture": "#0"
				},
				"down": {
					"uv": [1, 0, 16, 16],
					"texture": "#0"
				}
			}
		},
		{
			"from": [4.44444, 16.88889, -1.83333],
			"to": [7.55556, 20.22222, 4.72222],
			"rotation": {
				"angle": 0,
				"axis": "y",
				"origin": [5.33333, 18.66667, 1.44444]
			},
			"faces": {
				"north": {
					"uv": [0, 1, 15, 15],
					"rotation": 270,
					"texture": "#1"
				},
				"east": {
					"uv": [0, 0, 15, 16],
					"rotation": 90,
					"texture": "#0"
				},
				"south": {
					"uv": [0, 1, 15, 15],
					"rotation": 90,
					"texture": "#1"
				},
				"west": {
					"uv": [0, 0, 15, 16],
					"rotation": 90,
					"texture": "#0"
				},
				"up": {
					"uv": [0, 1, 16, 15],
					"rotation": 90,
					"texture": "#1"
				},
				"down": {
					"uv": [0, 1, 16, 15],
					"rotation": 90,
					"texture": "#1"
				}
			}
		},
		{
			"from": [4.88889, 18.44444, -1.77778],
			"to": [8.22222, 21.33333, 4.66667],
			"rotation": {
				"angle": 22.5,
				"axis": "z",
				"origin": [6.66667, 20.44444, 1.44444]
			},
			"faces": {
				"north": {
					"uv": [1, 0, 16, 13],
					"texture": "#1"
				},
				"east": {
					"uv": [0, 0, 16, 13],
					"texture": "#1"
				},
				"south": {
					"uv": [1, 0, 16, 13],
					"texture": "#1"
				},
				"west": {
					"uv": [0, 0, 16, 13],
					"texture": "#1"
				},
				"up": {
					"uv": [1, 0, 16, 16],
					"texture": "#0"
				},
				"down": {
					"uv": [1, 0, 16, 16],
					"texture": "#0"
				}
			}
		},
		{
			"from": [7.11111, 20.11111, 5.55556],
			"to": [8.88889, 21.88889, 6.88889],
			"rotation": {
				"angle": 22.5,
				"axis": "x",
				"origin": [8, 21, 6.22222]
			},
			"faces": {
				"north": {
					"uv": [0, 0, 8, 8],
					"texture": "#0"
				},
				"east": {
					"uv": [0, 0, 6, 8],
					"texture": "#0"
				},
				"south": {
					"uv": [0, 0, 8, 8],
					"texture": "#0"
				},
				"west": {
					"uv": [0, 0, 6, 8],
					"texture": "#0"
				},
				"up": {
					"uv": [0, 0, 8, 6],
					"texture": "#0"
				},
				"down": {
					"uv": [0, 0, 8, 6],
					"texture": "#0"
				}
			}
		},
		{
			"from": [8.88889, 20.55556, 6.88889],
			"to": [9.11111, 21.83333, 7.11111],
			"rotation": {
				"angle": 22.5,
				"axis": "x",
				"origin": [8.22222, 21, 6.44444]
			},
			"faces": {
				"north": {
					"uv": [0, 0, 1, 5.75],
					"texture": "#1"
				},
				"east": {
					"uv": [0, 0, 1, 5.75],
					"texture": "#1"
				},
				"south": {
					"uv": [0, 0, 1, 5.75],
					"texture": "#1"
				},
				"west": {
					"uv": [0, 0, 1, 5.75],
					"texture": "#1"
				},
				"up": {
					"uv": [0, 0, 1, 1],
					"texture": "#1"
				},
				"down": {
					"uv": [0, 0, 1, 1],
					"texture": "#1"
				}
			}
		},
		{
			"from": [8.88889, 19.88889, 5.33333],
			"to": [9.11111, 21.05556, 5.57778],
			"rotation": {
				"angle": 22.5,
				"axis": "x",
				"origin": [8.22222, 21, 6.44444]
			},
			"faces": {
				"north": {
					"uv": [0, 0, 1, 5.25],
					"texture": "#1"
				},
				"east": {
					"uv": [0, 0, 1.1, 5.25],
					"texture": "#1"
				},
				"south": {
					"uv": [0, 0, 1, 5.25],
					"texture": "#1"
				},
				"west": {
					"uv": [0, 0, 1.1, 5.25],
					"texture": "#1"
				},
				"up": {
					"uv": [0, 0, 1, 1.1],
					"texture": "#1"
				},
				"down": {
					"uv": [0, 0, 1, 1.1],
					"texture": "#1"
				}
			}
		},
		{
			"from": [8.88889, 21.22222, 6.88889],
			"to": [9.08889, 23.44444, 7.11111],
			"rotation": {
				"angle": -22.5,
				"axis": "x",
				"origin": [8.22222, 21.83333, 6.44444]
			},
			"faces": {
				"north": {
					"uv": [0, 0, 0.9, 10],
					"texture": "#1"
				},
				"east": {
					"uv": [0, 0, 1, 10],
					"texture": "#1"
				},
				"south": {
					"uv": [0, 0, 0.9, 10],
					"texture": "#1"
				},
				"west": {
					"uv": [0, 0, 1, 10],
					"texture": "#1"
				},
				"up": {
					"uv": [0, 0, 0.9, 1],
					"texture": "#1"
				},
				"down": {
					"uv": [0, 0, 0.9, 1],
					"texture": "#1"
				}
			}
		},
		{
			"from": [8.88889, 21.72222, 5.33333],
			"to": [9.08889, 23.77778, 5.55556],
			"rotation": {
				"angle": -22.5,
				"axis": "x",
				"origin": [8.22222, 21.83333, 6.44444]
			},
			"faces": {
				"north": {
					"uv": [0, 0, 0.9, 9.25],
					"texture": "#1"
				},
				"east": {
					"uv": [0, 0, 1, 9.25],
					"texture": "#1"
				},
				"south": {
					"uv": [0, 0, 0.9, 9.25],
					"texture": "#1"
				},
				"west": {
					"uv": [0, 0, 1, 9.25],
					"texture": "#1"
				},
				"up": {
					"uv": [0, 0, 0.9, 1],
					"texture": "#1"
				},
				"down": {
					"uv": [0, 0, 0.9, 1],
					"texture": "#1"
				}
			}
		},
		{
			"from": [7.55556, 13.66667, 2],
			"to": [8.44444, 15.88889, 2.66667],
			"rotation": {
				"angle": 0,
				"axis": "y",
				"origin": [8, 14.77778, 2.22222]
			},
			"faces": {
				"north": {
					"uv": [0, 0, 4, 10],
					"texture": "#1"
				},
				"east": {
					"uv": [0, 0, 3, 10],
					"texture": "#1"
				},
				"south": {
					"uv": [0, 0, 4, 10],
					"texture": "#1"
				},
				"west": {
					"uv": [0, 0, 3, 10],
					"texture": "#1"
				},
				"up": {
					"uv": [0, 0, 4, 3],
					"texture": "#1"
				},
				"down": {
					"uv": [0, 0, 4, 3],
					"texture": "#1"
				}
			}
		},
		{
			"from": [7.56111, 13.16667, 0.22222],
			"to": [8.43889, 13.83333, 2.55556],
			"rotation": {
				"angle": -22.5,
				"axis": "x",
				"origin": [8, 13.61111, 1.33333]
			},
			"faces": {
				"north": {
					"uv": [0, 0, 3.95, 3],
					"rotation": 180,
					"texture": "#1"
				},
				"east": {
					"uv": [0, 0, 3, 10.5],
					"rotation": 270,
					"texture": "#1"
				},
				"south": {
					"uv": [0, 0, 3.95, 3],
					"texture": "#1"
				},
				"west": {
					"uv": [0, 0, 3, 10.5],
					"rotation": 90,
					"texture": "#1"
				},
				"up": {
					"uv": [0, 0, 3.95, 10.5],
					"rotation": 180,
					"texture": "#1"
				},
				"down": {
					"uv": [0, 0, 3.95, 10.5],
					"texture": "#1"
				}
			}
		},
		{
			"from": [7.16667, 21.22222, 5.33333],
			"to": [8.83333, 23.66667, 6.66667],
			"rotation": {
				"angle": -22.5,
				"axis": "x",
				"origin": [8, 22.33333, 6]
			},
			"faces": {
				"north": {
					"uv": [0, 0, 7.5, 11],
					"texture": "#0"
				},
				"east": {
					"uv": [0, 0, 6, 11],
					"texture": "#0"
				},
				"south": {
					"uv": [0, 0, 7.5, 11],
					"texture": "#0"
				},
				"west": {
					"uv": [0, 0, 6, 11],
					"texture": "#0"
				},
				"up": {
					"uv": [0, 0, 7.5, 6],
					"texture": "#0"
				},
				"down": {
					"uv": [0, 0, 7.5, 6],
					"texture": "#0"
				}
			}
		},
		{
			"from": [7.11111, 23.27778, 4.88889],
			"to": [8.88889, 24.83333, 6.22222],
			"rotation": {
				"angle": 0,
				"axis": "y",
				"origin": [8, 23.5, 5.55556]
			},
			"faces": {
				"north": {
					"uv": [0, 0, 8, 7],
					"texture": "#0"
				},
				"east": {
					"uv": [0, 0, 6, 7],
					"texture": "#0"
				},
				"south": {
					"uv": [0, 0, 8, 7],
					"texture": "#0"
				},
				"west": {
					"uv": [0, 0, 6, 7],
					"texture": "#0"
				},
				"up": {
					"uv": [0, 0, 8, 6],
					"texture": "#0"
				},
				"down": {
					"uv": [0, 0, 8, 6],
					"texture": "#0"
				}
			}
		},
		{
			"from": [7.11111, 23.72222, 6.22222],
			"to": [8.88889, 24.83333, 8.22222],
			"rotation": {
				"angle": 0,
				"axis": "y",
				"origin": [8, 23.5, 6.88889]
			},
			"faces": {
				"north": {
					"uv": [0, 0, 8, 5],
					"texture": "#0"
				},
				"east": {
					"uv": [0, 0, 9, 5],
					"texture": "#0"
				},
				"south": {
					"uv": [0, 0, 8, 5],
					"texture": "#0"
				},
				"west": {
					"uv": [0, 0, 9, 5],
					"texture": "#0"
				},
				"up": {
					"uv": [0, 0, 8, 9],
					"texture": "#0"
				},
				"down": {
					"uv": [0, 0, 8, 9],
					"texture": "#0"
				}
			}
		},
		{
			"from": [8.88889, 23.5, 6.22222],
			"to": [9.11111, 23.72222, 8.22222],
			"rotation": {
				"angle": 0,
				"axis": "y",
				"origin": [8.22222, 23.27778, 6.88889]
			},
			"faces": {
				"north": {
					"uv": [0, 0, 1, 1],
					"texture": "#1"
				},
				"east": {
					"uv": [0, 0, 9, 1],
					"texture": "#1"
				},
				"south": {
					"uv": [0, 0, 1, 1],
					"texture": "#1"
				},
				"west": {
					"uv": [0, 0, 9, 1],
					"texture": "#1"
				},
				"up": {
					"uv": [0, 0, 1, 9],
					"texture": "#1"
				},
				"down": {
					"uv": [0, 0, 1, 9],
					"texture": "#1"
				}
			}
		},
		{
			"from": [8.88889, 22.83333, 8],
			"to": [9.11111, 23.5, 8.22222],
			"rotation": {
				"angle": 0,
				"axis": "y",
				"origin": [8.22222, 23.05556, 6.88889]
			},
			"faces": {
				"north": {
					"uv": [0, 0, 1, 3],
					"texture": "#1"
				},
				"east": {
					"uv": [0, 0, 1, 3],
					"texture": "#1"
				},
				"south": {
					"uv": [0, 0, 1, 3],
					"texture": "#1"
				},
				"west": {
					"uv": [0, 0, 1, 3],
					"texture": "#1"
				},
				"up": {
					"uv": [0, 0, 1, 1],
					"texture": "#1"
				},
				"down": {
					"uv": [0, 0, 1, 1],
					"texture": "#1"
				}
			}
		},
		{
			"from": [8.88889, 23.27778, 8.66667],
			"to": [9.11111, 24.61111, 8.88889],
			"rotation": {
				"angle": 0,
				"axis": "y",
				"origin": [8.22222, 23.5, 7.55556]
			},
			"faces": {
				"north": {
					"uv": [0, 0, 1, 6],
					"texture": "#1"
				},
				"east": {
					"uv": [0, 0, 1, 6],
					"texture": "#1"
				},
				"south": {
					"uv": [0, 0, 1, 6],
					"texture": "#1"
				},
				"west": {
					"uv": [0, 0, 1, 6],
					"texture": "#1"
				},
				"up": {
					"uv": [0, 0, 1, 1],
					"texture": "#1"
				},
				"down": {
					"uv": [0, 0, 1, 1],
					"texture": "#1"
				}
			}
		},
		{
			"from": [8.88889, 24.61111, 8.22222],
			"to": [9.11111, 24.83333, 8.66667],
			"rotation": {
				"angle": 0,
				"axis": "y",
				"origin": [8.22222, 24.83333, 7.33333]
			},
			"faces": {
				"north": {
					"uv": [0, 0, 1, 1],
					"texture": "#1"
				},
				"east": {
					"uv": [0, 0, 2, 1],
					"texture": "#1"
				},
				"south": {
					"uv": [0, 0, 1, 1],
					"texture": "#1"
				},
				"west": {
					"uv": [0, 0, 2, 1],
					"texture": "#1"
				},
				"up": {
					"uv": [0, 0, 1, 2],
					"texture": "#1"
				},
				"down": {
					"uv": [0, 0, 1, 2],
					"texture": "#1"
				}
			}
		},
		{
			"from": [8.88889, 24.83333, 4.22222],
			"to": [9.11111, 25.05556, 8.22222],
			"rotation": {
				"angle": 0,
				"axis": "y",
				"origin": [8.22222, 25.05556, 6.88889]
			},
			"faces": {
				"north": {
					"uv": [0, 0, 1, 1],
					"texture": "#1"
				},
				"east": {
					"uv": [0, 0, 16, 1],
					"texture": "#1"
				},
				"south": {
					"uv": [0, 0, 1, 1],
					"texture": "#1"
				},
				"west": {
					"uv": [0, 0, 16, 1],
					"texture": "#1"
				},
				"up": {
					"uv": [0, 0, 1, 16],
					"texture": "#1"
				},
				"down": {
					"uv": [0, 0, 1, 16],
					"texture": "#1"
				}
			}
		},
		{
			"from": [8.88889, 24.38889, 4],
			"to": [9.11111, 24.83333, 4.22222],
			"rotation": {
				"angle": 0,
				"axis": "y",
				"origin": [8.22222, 24.83333, 3.11111]
			},
			"faces": {
				"north": {
					"uv": [0, 0, 1, 2],
					"texture": "#1"
				},
				"east": {
					"uv": [0, 0, 1, 2],
					"texture": "#1"
				},
				"south": {
					"uv": [0, 0, 1, 2],
					"texture": "#1"
				},
				"west": {
					"uv": [0, 0, 1, 2],
					"texture": "#1"
				},
				"up": {
					"uv": [0, 0, 1, 1],
					"texture": "#1"
				},
				"down": {
					"uv": [0, 0, 1, 1],
					"texture": "#1"
				}
			}
		},
		{
			"from": [8.88889, 23.2, 4.66667],
			"to": [9.11111, 24.16667, 4.88889],
			"rotation": {
				"angle": 0,
				"axis": "y",
				"origin": [8.22222, 24.16667, 3.77778]
			},
			"faces": {
				"north": {
					"uv": [0, 0, 1, 4.35],
					"texture": "#1"
				},
				"east": {
					"uv": [0, 0, 1, 4.35],
					"texture": "#1"
				},
				"south": {
					"uv": [0, 0, 1, 4.35],
					"texture": "#1"
				},
				"west": {
					"uv": [0, 0, 1, 4.35],
					"texture": "#1"
				},
				"up": {
					"uv": [0, 0, 1, 1],
					"texture": "#1"
				},
				"down": {
					"uv": [0, 0, 1, 1],
					"texture": "#1"
				}
			}
		},
		{
			"from": [8.88889, 24.16667, 4.22222],
			"to": [9.11111, 24.38889, 4.88889],
			"rotation": {
				"angle": 0,
				"axis": "y",
				"origin": [8.22222, 25.05556, 3.77778]
			},
			"faces": {
				"north": {
					"uv": [0, 0, 1, 1],
					"texture": "#1"
				},
				"east": {
					"uv": [0, 0, 3, 1],
					"texture": "#1"
				},
				"south": {
					"uv": [0, 0, 1, 1],
					"texture": "#1"
				},
				"west": {
					"uv": [0, 0, 3, 1],
					"texture": "#1"
				},
				"up": {
					"uv": [0, 0, 1, 3],
					"texture": "#1"
				},
				"down": {
					"uv": [0, 0, 1, 3],
					"texture": "#1"
				}
			}
		},
		{
			"from": [8.88889, 22.83333, 8.44444],
			"to": [9.11111, 23.27778, 8.66667],
			"rotation": {
				"angle": 0,
				"axis": "y",
				"origin": [8.22222, 23.05556, 7.33333]
			},
			"faces": {
				"north": {
					"uv": [0, 0, 1, 2],
					"texture": "#1"
				},
				"east": {
					"uv": [0, 0, 1, 2],
					"texture": "#1"
				},
				"south": {
					"uv": [0, 0, 1, 2],
					"texture": "#1"
				},
				"west": {
					"uv": [0, 0, 1, 2],
					"texture": "#1"
				},
				"up": {
					"uv": [0, 0, 1, 1],
					"texture": "#1"
				},
				"down": {
					"uv": [0, 0, 1, 1],
					"texture": "#1"
				}
			}
		},
		{
			"from": [8.88889, 22.61111, 8.22222],
			"to": [9.11111, 22.83333, 8.44444],
			"rotation": {
				"angle": 0,
				"axis": "y",
				"origin": [8.22222, 22.61111, 7.11111]
			},
			"faces": {
				"north": {
					"uv": [0, 0, 1, 1],
					"texture": "#1"
				},
				"east": {
					"uv": [0, 0, 1, 1],
					"texture": "#1"
				},
				"south": {
					"uv": [0, 0, 1, 1],
					"texture": "#1"
				},
				"west": {
					"uv": [0, 0, 1, 1],
					"texture": "#1"
				},
				"up": {
					"uv": [0, 0, 1, 1],
					"texture": "#1"
				},
				"down": {
					"uv": [0, 0, 1, 1],
					"texture": "#1"
				}
			}
		},
		{
			"from": [6.88889, 20.55556, 6.88889],
			"to": [7.11111, 21.83333, 7.11111],
			"rotation": {
				"angle": 22.5,
				"axis": "x",
				"origin": [6.22222, 21, 6.44444]
			},
			"faces": {
				"north": {
					"uv": [0, 0, 1, 5.75],
					"texture": "#1"
				},
				"east": {
					"uv": [0, 0, 1, 5.75],
					"texture": "#1"
				},
				"south": {
					"uv": [0, 0, 1, 5.75],
					"texture": "#1"
				},
				"west": {
					"uv": [0, 0, 1, 5.75],
					"texture": "#1"
				},
				"up": {
					"uv": [0, 0, 1, 1],
					"texture": "#1"
				},
				"down": {
					"uv": [0, 0, 1, 1],
					"texture": "#1"
				}
			}
		},
		{
			"from": [6.88889, 19.88889, 5.33333],
			"to": [7.11111, 21.05556, 5.57778],
			"rotation": {
				"angle": 22.5,
				"axis": "x",
				"origin": [6.22222, 21, 6.44444]
			},
			"faces": {
				"north": {
					"uv": [0, 0, 1, 5.25],
					"texture": "#1"
				},
				"east": {
					"uv": [0, 0, 1.1, 5.25],
					"texture": "#1"
				},
				"south": {
					"uv": [0, 0, 1, 5.25],
					"texture": "#1"
				},
				"west": {
					"uv": [0, 0, 1.1, 5.25],
					"texture": "#1"
				},
				"up": {
					"uv": [0, 0, 1, 1.1],
					"texture": "#1"
				},
				"down": {
					"uv": [0, 0, 1, 1.1],
					"texture": "#1"
				}
			}
		},
		{
			"from": [6.88889, 21.72222, 5.33333],
			"to": [7.08889, 23.77778, 5.55556],
			"rotation": {
				"angle": -22.5,
				"axis": "x",
				"origin": [6.22222, 21.83333, 6.44444]
			},
			"faces": {
				"north": {
					"uv": [0, 0, 0.9, 9.25],
					"texture": "#1"
				},
				"east": {
					"uv": [0, 0, 1, 9.25],
					"texture": "#1"
				},
				"south": {
					"uv": [0, 0, 0.9, 9.25],
					"texture": "#1"
				},
				"west": {
					"uv": [0, 0, 1, 9.25],
					"texture": "#1"
				},
				"up": {
					"uv": [0, 0, 0.9, 1],
					"texture": "#1"
				},
				"down": {
					"uv": [0, 0, 0.9, 1],
					"texture": "#1"
				}
			}
		},
		{
			"from": [6.88889, 21.22222, 6.88889],
			"to": [7.08889, 23.44444, 7.11111],
			"rotation": {
				"angle": -22.5,
				"axis": "x",
				"origin": [6.22222, 21.83333, 6.44444]
			},
			"faces": {
				"north": {
					"uv": [0, 0, 0.9, 10],
					"texture": "#1"
				},
				"east": {
					"uv": [0, 0, 1, 10],
					"texture": "#1"
				},
				"south": {
					"uv": [0, 0, 0.9, 10],
					"texture": "#1"
				},
				"west": {
					"uv": [0, 0, 1, 10],
					"texture": "#1"
				},
				"up": {
					"uv": [0, 0, 0.9, 1],
					"texture": "#1"
				},
				"down": {
					"uv": [0, 0, 0.9, 1],
					"texture": "#1"
				}
			}
		},
		{
			"from": [6.88889, 23.2, 4.66667],
			"to": [7.11111, 24.16667, 4.88889],
			"rotation": {
				"angle": 0,
				"axis": "y",
				"origin": [6.22222, 24.16667, 3.77778]
			},
			"faces": {
				"north": {
					"uv": [0, 0, 1, 4.35],
					"texture": "#1"
				},
				"east": {
					"uv": [0, 0, 1, 4.35],
					"texture": "#1"
				},
				"south": {
					"uv": [0, 0, 1, 4.35],
					"texture": "#1"
				},
				"west": {
					"uv": [0, 0, 1, 4.35],
					"texture": "#1"
				},
				"up": {
					"uv": [0, 0, 1, 1],
					"texture": "#1"
				},
				"down": {
					"uv": [0, 0, 1, 1],
					"texture": "#1"
				}
			}
		},
		{
			"from": [6.88889, 24.16667, 4.22222],
			"to": [7.11111, 24.38889, 4.88889],
			"rotation": {
				"angle": 0,
				"axis": "y",
				"origin": [6.22222, 25.05556, 3.77778]
			},
			"faces": {
				"north": {
					"uv": [0, 0, 1, 1],
					"texture": "#1"
				},
				"east": {
					"uv": [0, 0, 3, 1],
					"texture": "#1"
				},
				"south": {
					"uv": [0, 0, 1, 1],
					"texture": "#1"
				},
				"west": {
					"uv": [0, 0, 3, 1],
					"texture": "#1"
				},
				"up": {
					"uv": [0, 0, 1, 3],
					"texture": "#1"
				},
				"down": {
					"uv": [0, 0, 1, 3],
					"texture": "#1"
				}
			}
		},
		{
			"from": [6.88889, 24.38889, 4],
			"to": [7.11111, 24.83333, 4.22222],
			"rotation": {
				"angle": 0,
				"axis": "y",
				"origin": [6.22222, 24.83333, 3.11111]
			},
			"faces": {
				"north": {
					"uv": [0, 0, 1, 2],
					"texture": "#1"
				},
				"east": {
					"uv": [0, 0, 1, 2],
					"texture": "#1"
				},
				"south": {
					"uv": [0, 0, 1, 2],
					"texture": "#1"
				},
				"west": {
					"uv": [0, 0, 1, 2],
					"texture": "#1"
				},
				"up": {
					"uv": [0, 0, 1, 1],
					"texture": "#1"
				},
				"down": {
					"uv": [0, 0, 1, 1],
					"texture": "#1"
				}
			}
		},
		{
			"from": [6.88889, 24.83333, 4.22222],
			"to": [7.11111, 25.05556, 8.22222],
			"rotation": {
				"angle": 0,
				"axis": "y",
				"origin": [6.22222, 25.05556, 6.88889]
			},
			"faces": {
				"north": {
					"uv": [0, 0, 1, 1],
					"texture": "#1"
				},
				"east": {
					"uv": [0, 0, 16, 1],
					"texture": "#1"
				},
				"south": {
					"uv": [0, 0, 1, 1],
					"texture": "#1"
				},
				"west": {
					"uv": [0, 0, 16, 1],
					"texture": "#1"
				},
				"up": {
					"uv": [0, 0, 1, 16],
					"texture": "#1"
				},
				"down": {
					"uv": [0, 0, 1, 16],
					"texture": "#1"
				}
			}
		},
		{
			"from": [6.88889, 24.61111, 8.22222],
			"to": [7.11111, 24.83333, 8.66667],
			"rotation": {
				"angle": 0,
				"axis": "y",
				"origin": [6.22222, 24.83333, 7.33333]
			},
			"faces": {
				"north": {
					"uv": [0, 0, 1, 1],
					"texture": "#1"
				},
				"east": {
					"uv": [0, 0, 2, 1],
					"texture": "#1"
				},
				"south": {
					"uv": [0, 0, 1, 1],
					"texture": "#1"
				},
				"west": {
					"uv": [0, 0, 2, 1],
					"texture": "#1"
				},
				"up": {
					"uv": [0, 0, 1, 2],
					"texture": "#1"
				},
				"down": {
					"uv": [0, 0, 1, 2],
					"texture": "#1"
				}
			}
		},
		{
			"from": [6.88889, 23.27778, 8.66667],
			"to": [7.11111, 24.61111, 8.88889],
			"rotation": {
				"angle": 0,
				"axis": "y",
				"origin": [6.22222, 23.5, 7.55556]
			},
			"faces": {
				"north": {
					"uv": [0, 0, 1, 6],
					"texture": "#1"
				},
				"east": {
					"uv": [0, 0, 1, 6],
					"texture": "#1"
				},
				"south": {
					"uv": [0, 0, 1, 6],
					"texture": "#1"
				},
				"west": {
					"uv": [0, 0, 1, 6],
					"texture": "#1"
				},
				"up": {
					"uv": [0, 0, 1, 1],
					"texture": "#1"
				},
				"down": {
					"uv": [0, 0, 1, 1],
					"texture": "#1"
				}
			}
		},
		{
			"from": [6.88889, 22.83333, 8.44444],
			"to": [7.11111, 23.27778, 8.66667],
			"rotation": {
				"angle": 0,
				"axis": "y",
				"origin": [6.22222, 23.05556, 7.33333]
			},
			"faces": {
				"north": {
					"uv": [0, 0, 1, 2],
					"texture": "#1"
				},
				"east": {
					"uv": [0, 0, 1, 2],
					"texture": "#1"
				},
				"south": {
					"uv": [0, 0, 1, 2],
					"texture": "#1"
				},
				"west": {
					"uv": [0, 0, 1, 2],
					"texture": "#1"
				},
				"up": {
					"uv": [0, 0, 1, 1],
					"texture": "#1"
				},
				"down": {
					"uv": [0, 0, 1, 1],
					"texture": "#1"
				}
			}
		},
		{
			"from": [6.88889, 22.61111, 8.22222],
			"to": [7.11111, 22.83333, 8.44444],
			"rotation": {
				"angle": 0,
				"axis": "y",
				"origin": [6.22222, 22.61111, 7.11111]
			},
			"faces": {
				"north": {
					"uv": [0, 0, 1, 1],
					"texture": "#1"
				},
				"east": {
					"uv": [0, 0, 1, 1],
					"texture": "#1"
				},
				"south": {
					"uv": [0, 0, 1, 1],
					"texture": "#1"
				},
				"west": {
					"uv": [0, 0, 1, 1],
					"texture": "#1"
				},
				"up": {
					"uv": [0, 0, 1, 1],
					"texture": "#1"
				},
				"down": {
					"uv": [0, 0, 1, 1],
					"texture": "#1"
				}
			}
		},
		{
			"from": [6.88889, 22.83333, 8],
			"to": [7.11111, 23.5, 8.22222],
			"rotation": {
				"angle": 0,
				"axis": "y",
				"origin": [6.22222, 23.05556, 6.88889]
			},
			"faces": {
				"north": {
					"uv": [0, 0, 1, 3],
					"texture": "#1"
				},
				"east": {
					"uv": [0, 0, 1, 3],
					"texture": "#1"
				},
				"south": {
					"uv": [0, 0, 1, 3],
					"texture": "#1"
				},
				"west": {
					"uv": [0, 0, 1, 3],
					"texture": "#1"
				},
				"up": {
					"uv": [0, 0, 1, 1],
					"texture": "#1"
				},
				"down": {
					"uv": [0, 0, 1, 1],
					"texture": "#1"
				}
			}
		},
		{
			"from": [6.88889, 23.5, 6.22222],
			"to": [7.11111, 23.72222, 8.22222],
			"rotation": {
				"angle": 0,
				"axis": "y",
				"origin": [6.22222, 23.27778, 6.88889]
			},
			"faces": {
				"north": {
					"uv": [0, 0, 1, 1],
					"texture": "#1"
				},
				"east": {
					"uv": [0, 0, 9, 1],
					"texture": "#1"
				},
				"south": {
					"uv": [0, 0, 1, 1],
					"texture": "#1"
				},
				"west": {
					"uv": [0, 0, 9, 1],
					"texture": "#1"
				},
				"up": {
					"uv": [0, 0, 1, 9],
					"texture": "#1"
				},
				"down": {
					"uv": [0, 0, 1, 9],
					"texture": "#1"
				}
			}
		},
		{
			"from": [7.11111, 23.27778, 8.22222],
			"to": [8.88889, 24.61111, 8.66667],
			"rotation": {
				"angle": 0,
				"axis": "y",
				"origin": [8, 23.27778, 8.88889]
			},
			"faces": {
				"north": {
					"uv": [0, 0, 8, 6],
					"texture": "#0"
				},
				"east": {
					"uv": [0, 0, 2, 6],
					"texture": "#0"
				},
				"south": {
					"uv": [0, 0, 8, 6],
					"texture": "#0"
				},
				"west": {
					"uv": [0, 0, 2, 6],
					"texture": "#0"
				},
				"up": {
					"uv": [0, 0, 8, 2],
					"texture": "#0"
				},
				"down": {
					"uv": [0, 0, 8, 2],
					"texture": "#0"
				}
			}
		},
		{
			"from": [7.11111, 24.38889, 4.22222],
			"to": [8.88889, 24.83333, 4.88889],
			"rotation": {
				"angle": 0,
				"axis": "y",
				"origin": [8, 23.5, 5.11111]
			},
			"faces": {
				"north": {
					"uv": [0, 0, 8, 2],
					"texture": "#0"
				},
				"east": {
					"uv": [0, 0, 3, 2],
					"texture": "#0"
				},
				"south": {
					"uv": [0, 0, 8, 2],
					"texture": "#0"
				},
				"west": {
					"uv": [0, 0, 3, 2],
					"texture": "#0"
				},
				"up": {
					"uv": [0, 0, 8, 3],
					"texture": "#0"
				},
				"down": {
					"uv": [0, 0, 8, 3],
					"texture": "#0"
				}
			}
		},
		{
			"from": [7.11111, 22.83333, 8.22222],
			"to": [8.88889, 23.27778, 8.44444],
			"rotation": {
				"angle": 0,
				"axis": "y",
				"origin": [8, 21.94444, 8.88889]
			},
			"faces": {
				"north": {
					"uv": [0, 0, 8, 2],
					"texture": "#0"
				},
				"east": {
					"uv": [0, 0, 1, 2],
					"texture": "#0"
				},
				"south": {
					"uv": [0, 0, 8, 2],
					"texture": "#0"
				},
				"west": {
					"uv": [0, 0, 1, 2],
					"texture": "#0"
				},
				"up": {
					"uv": [0, 0, 8, 1],
					"texture": "#0"
				},
				"down": {
					"uv": [0, 0, 8, 1],
					"texture": "#0"
				}
			}
		},
		{
			"from": [5.55556, 16.44444, -4.22222],
			"to": [10.44444, 20.66667, -1.33333],
			"rotation": {
				"angle": 0,
				"axis": "y",
				"origin": [10, 8, -5.55556]
			},
			"faces": {
				"north": {
					"uv": [0, 0, 16, 16],
					"texture": "#0"
				},
				"east": {
					"uv": [0, 0, 13, 16],
					"texture": "#0"
				},
				"south": {
					"uv": [0, 0, 16, 16],
					"texture": "#0"
				},
				"west": {
					"uv": [0, 0, 13, 16],
					"texture": "#0"
				},
				"up": {
					"uv": [0, 0, 16, 13],
					"texture": "#0"
				},
				"down": {
					"uv": [0, 0, 16, 13],
					"texture": "#0"
				}
			}
		},
		{
			"from": [10.44444, 20.66667, -4.22222],
			"to": [10.66667, 20.88889, -1.77778],
			"rotation": {
				"angle": 0,
				"axis": "y",
				"origin": [10.22222, 9.33333, -5.55556]
			},
			"faces": {
				"north": {
					"uv": [0, 0, 1, 1],
					"texture": "#1"
				},
				"east": {
					"uv": [0, 0, 11, 1],
					"texture": "#1"
				},
				"south": {
					"uv": [0, 0, 1, 1],
					"texture": "#1"
				},
				"west": {
					"uv": [0, 0, 11, 1],
					"texture": "#1"
				},
				"up": {
					"uv": [0, 0, 1, 11],
					"texture": "#1"
				},
				"down": {
					"uv": [0, 0, 1, 11],
					"texture": "#1"
				}
			}
		},
		{
			"from": [10.66667, 20.88889, -6.44444],
			"to": [10.88889, 21.11111, -4.22222],
			"rotation": {
				"angle": 0,
				"axis": "y",
				"origin": [10.44444, 9.55556, -8]
			},
			"faces": {
				"north": {
					"uv": [0, 0, 1, 1],
					"texture": "#1"
				},
				"east": {
					"uv": [0, 0, 10, 1],
					"texture": "#1"
				},
				"south": {
					"uv": [0, 0, 1, 1],
					"texture": "#1"
				},
				"west": {
					"uv": [0, 0, 10, 1],
					"texture": "#1"
				},
				"up": {
					"uv": [0, 0, 1, 10],
					"texture": "#1"
				},
				"down": {
					"uv": [0, 0, 1, 10],
					"texture": "#1"
				}
			}
		},
		{
			"from": [10.88889, 21.11111, -9.77778],
			"to": [11.11111, 21.33333, -6.44444],
			"rotation": {
				"angle": 0,
				"axis": "y",
				"origin": [10.66667, 9.77778, -10.22222]
			},
			"faces": {
				"north": {
					"uv": [0, 0, 1, 1],
					"texture": "#1"
				},
				"east": {
					"uv": [0, 0, 15, 1],
					"texture": "#1"
				},
				"south": {
					"uv": [0, 0, 1, 1],
					"texture": "#1"
				},
				"west": {
					"uv": [0, 0, 15, 1],
					"texture": "#1"
				},
				"up": {
					"uv": [0, 0, 1, 15],
					"texture": "#1"
				},
				"down": {
					"uv": [0, 0, 1, 15],
					"texture": "#1"
				}
			}
		},
		{
			"from": [10.88889, 16.22222, -9.77778],
			"to": [11.11111, 16.44444, -6.44444],
			"rotation": {
				"angle": 0,
				"axis": "y",
				"origin": [10.66667, 4.88889, -10.22222]
			},
			"faces": {
				"north": {
					"uv": [0, 0, 1, 1],
					"texture": "#1"
				},
				"east": {
					"uv": [0, 0, 15, 1],
					"texture": "#1"
				},
				"south": {
					"uv": [0, 0, 1, 1],
					"texture": "#1"
				},
				"west": {
					"uv": [0, 0, 15, 1],
					"texture": "#1"
				},
				"up": {
					"uv": [0, 0, 1, 15],
					"texture": "#1"
				},
				"down": {
					"uv": [0, 0, 1, 15],
					"texture": "#1"
				}
			}
		},
		{
			"from": [4.88889, 16.22222, -9.77778],
			"to": [5.11111, 16.44444, -6.44444],
			"rotation": {
				"angle": 0,
				"axis": "y",
				"origin": [4.66667, 4.88889, -10.22222]
			},
			"faces": {
				"north": {
					"uv": [0, 0, 1, 1],
					"texture": "#1"
				},
				"east": {
					"uv": [0, 0, 15, 1],
					"texture": "#1"
				},
				"south": {
					"uv": [0, 0, 1, 1],
					"texture": "#1"
				},
				"west": {
					"uv": [0, 0, 15, 1],
					"texture": "#1"
				},
				"up": {
					"uv": [0, 0, 1, 15],
					"texture": "#1"
				},
				"down": {
					"uv": [0, 0, 1, 15],
					"texture": "#1"
				}
			}
		},
		{
			"from": [4.88889, 21.11111, -9.77778],
			"to": [5.11111, 21.33333, -6.44444],
			"rotation": {
				"angle": 0,
				"axis": "y",
				"origin": [4.66667, 9.77778, -10.22222]
			},
			"faces": {
				"north": {
					"uv": [0, 0, 1, 1],
					"texture": "#1"
				},
				"east": {
					"uv": [0, 0, 15, 1],
					"texture": "#1"
				},
				"south": {
					"uv": [0, 0, 1, 1],
					"texture": "#1"
				},
				"west": {
					"uv": [0, 0, 15, 1],
					"texture": "#1"
				},
				"up": {
					"uv": [0, 0, 1, 15],
					"texture": "#1"
				},
				"down": {
					"uv": [0, 0, 1, 15],
					"texture": "#1"
				}
			}
		},
		{
			"from": [10.44444, 21.11111, -10],
			"to": [10.88889, 21.33333, -9.77778],
			"rotation": {
				"angle": 0,
				"axis": "y",
				"origin": [4.66667, 9.77778, -13.55556]
			},
			"faces": {
				"north": {
					"uv": [0, 0, 2, 1],
					"texture": "#1"
				},
				"east": {
					"uv": [0, 0, 1, 1],
					"texture": "#1"
				},
				"south": {
					"uv": [0, 0, 2, 1],
					"texture": "#1"
				},
				"west": {
					"uv": [0, 0, 1, 1],
					"texture": "#1"
				},
				"up": {
					"uv": [0, 0, 2, 1],
					"texture": "#1"
				},
				"down": {
					"uv": [0, 0, 2, 1],
					"texture": "#1"
				}
			}
		},
		{
			"from": [5.11111, 21.11111, -10],
			"to": [5.55556, 21.33333, -9.77778],
			"rotation": {
				"angle": 0,
				"axis": "y",
				"origin": [-0.66667, 9.77778, -13.55556]
			},
			"faces": {
				"north": {
					"uv": [0, 0, 2, 1],
					"texture": "#1"
				},
				"east": {
					"uv": [0, 0, 1, 1],
					"texture": "#1"
				},
				"south": {
					"uv": [0, 0, 2, 1],
					"texture": "#1"
				},
				"west": {
					"uv": [0, 0, 1, 1],
					"texture": "#1"
				},
				"up": {
					"uv": [0, 0, 2, 1],
					"texture": "#1"
				},
				"down": {
					"uv": [0, 0, 2, 1],
					"texture": "#1"
				}
			}
		},
		{
			"from": [5.55556, 21.33333, -10],
			"to": [6, 21.55556, -9.77778],
			"rotation": {
				"angle": 0,
				"axis": "y",
				"origin": [-0.22222, 10, -13.55556]
			},
			"faces": {
				"north": {
					"uv": [0, 0, 2, 1],
					"texture": "#1"
				},
				"east": {
					"uv": [0, 0, 1, 1],
					"texture": "#1"
				},
				"south": {
					"uv": [0, 0, 2, 1],
					"texture": "#1"
				},
				"west": {
					"uv": [0, 0, 1, 1],
					"texture": "#1"
				},
				"up": {
					"uv": [0, 0, 2, 1],
					"texture": "#1"
				},
				"down": {
					"uv": [0, 0, 2, 1],
					"texture": "#1"
				}
			}
		},
		{
			"from": [10, 21.33333, -10],
			"to": [10.44444, 21.55556, -9.77778],
			"rotation": {
				"angle": 0,
				"axis": "y",
				"origin": [4.22222, 10, -13.55556]
			},
			"faces": {
				"north": {
					"uv": [0, 0, 2, 1],
					"texture": "#1"
				},
				"east": {
					"uv": [0, 0, 1, 1],
					"texture": "#1"
				},
				"south": {
					"uv": [0, 0, 2, 1],
					"texture": "#1"
				},
				"west": {
					"uv": [0, 0, 1, 1],
					"texture": "#1"
				},
				"up": {
					"uv": [0, 0, 2, 1],
					"texture": "#1"
				},
				"down": {
					"uv": [0, 0, 2, 1],
					"texture": "#1"
				}
			}
		},
		{
			"from": [6, 21.55556, -10],
			"to": [6.44444, 21.77778, -9.77778],
			"rotation": {
				"angle": 0,
				"axis": "y",
				"origin": [0.22222, 10.22222, -13.55556]
			},
			"faces": {
				"north": {
					"uv": [0, 0, 2, 1],
					"texture": "#1"
				},
				"east": {
					"uv": [0, 0, 1, 1],
					"texture": "#1"
				},
				"south": {
					"uv": [0, 0, 2, 1],
					"texture": "#1"
				},
				"west": {
					"uv": [0, 0, 1, 1],
					"texture": "#1"
				},
				"up": {
					"uv": [0, 0, 2, 1],
					"texture": "#1"
				},
				"down": {
					"uv": [0, 0, 2, 1],
					"texture": "#1"
				}
			}
		},
		{
			"from": [9.55556, 21.55556, -10],
			"to": [10, 21.77778, -9.77778],
			"rotation": {
				"angle": 0,
				"axis": "y",
				"origin": [3.77778, 10.22222, -13.55556]
			},
			"faces": {
				"north": {
					"uv": [0, 0, 2, 1],
					"texture": "#1"
				},
				"east": {
					"uv": [0, 0, 1, 1],
					"texture": "#1"
				},
				"south": {
					"uv": [0, 0, 2, 1],
					"texture": "#1"
				},
				"west": {
					"uv": [0, 0, 1, 1],
					"texture": "#1"
				},
				"up": {
					"uv": [0, 0, 2, 1],
					"texture": "#1"
				},
				"down": {
					"uv": [0, 0, 2, 1],
					"texture": "#1"
				}
			}
		},
		{
			"from": [6.44444, 21.77778, -10],
			"to": [6.88889, 22, -9.77778],
			"rotation": {
				"angle": 0,
				"axis": "y",
				"origin": [0.66667, 10.44444, -13.55556]
			},
			"faces": {
				"north": {
					"uv": [0, 0, 2, 1],
					"texture": "#1"
				},
				"east": {
					"uv": [0, 0, 1, 1],
					"texture": "#1"
				},
				"south": {
					"uv": [0, 0, 2, 1],
					"texture": "#1"
				},
				"west": {
					"uv": [0, 0, 1, 1],
					"texture": "#1"
				},
				"up": {
					"uv": [0, 0, 2, 1],
					"texture": "#1"
				},
				"down": {
					"uv": [0, 0, 2, 1],
					"texture": "#1"
				}
			}
		},
		{
			"from": [9.11111, 21.77778, -10],
			"to": [9.55556, 22, -9.77778],
			"rotation": {
				"angle": 0,
				"axis": "y",
				"origin": [3.33333, 10.44444, -13.55556]
			},
			"faces": {
				"north": {
					"uv": [0, 0, 2, 1],
					"texture": "#1"
				},
				"east": {
					"uv": [0, 0, 1, 1],
					"texture": "#1"
				},
				"south": {
					"uv": [0, 0, 2, 1],
					"texture": "#1"
				},
				"west": {
					"uv": [0, 0, 1, 1],
					"texture": "#1"
				},
				"up": {
					"uv": [0, 0, 2, 1],
					"texture": "#1"
				},
				"down": {
					"uv": [0, 0, 2, 1],
					"texture": "#1"
				}
			}
		},
		{
			"from": [6.66667, 22, -10],
			"to": [6.88889, 22.66667, -9.77778],
			"rotation": {
				"angle": 0,
				"axis": "y",
				"origin": [0.66667, 10.66667, -13.55556]
			},
			"faces": {
				"north": {
					"uv": [0, 0, 1, 3],
					"texture": "#1"
				},
				"east": {
					"uv": [0, 0, 1, 3],
					"texture": "#1"
				},
				"south": {
					"uv": [0, 0, 1, 3],
					"texture": "#1"
				},
				"west": {
					"uv": [0, 0, 1, 3],
					"texture": "#1"
				},
				"up": {
					"uv": [0, 0, 1, 1],
					"texture": "#1"
				},
				"down": {
					"uv": [0, 0, 1, 1],
					"texture": "#1"
				}
			}
		},
		{
			"from": [9.11111, 22, -10],
			"to": [9.33333, 22.66667, -9.77778],
			"rotation": {
				"angle": 0,
				"axis": "y",
				"origin": [3.11111, 10.66667, -13.55556]
			},
			"faces": {
				"north": {
					"uv": [0, 0, 1, 3],
					"texture": "#1"
				},
				"east": {
					"uv": [0, 0, 1, 3],
					"texture": "#1"
				},
				"south": {
					"uv": [0, 0, 1, 3],
					"texture": "#1"
				},
				"west": {
					"uv": [0, 0, 1, 3],
					"texture": "#1"
				},
				"up": {
					"uv": [0, 0, 1, 1],
					"texture": "#1"
				},
				"down": {
					"uv": [0, 0, 1, 1],
					"texture": "#1"
				}
			}
		},
		{
			"from": [8.66667, 22.66667, -10],
			"to": [9.11111, 22.88889, -9.77778],
			"rotation": {
				"angle": 0,
				"axis": "y",
				"origin": [2.88889, 11.33333, -13.55556]
			},
			"faces": {
				"north": {
					"uv": [0, 0, 2, 1],
					"texture": "#1"
				},
				"east": {
					"uv": [0, 0, 1, 1],
					"texture": "#1"
				},
				"south": {
					"uv": [0, 0, 2, 1],
					"texture": "#1"
				},
				"west": {
					"uv": [0, 0, 1, 1],
					"texture": "#1"
				},
				"up": {
					"uv": [0, 0, 2, 1],
					"texture": "#1"
				},
				"down": {
					"uv": [0, 0, 2, 1],
					"texture": "#1"
				}
			}
		},
		{
			"from": [6.88889, 22.66667, -10],
			"to": [7.33333, 22.88889, -9.77778],
			"rotation": {
				"angle": 0,
				"axis": "y",
				"origin": [1.11111, 11.33333, -13.55556]
			},
			"faces": {
				"north": {
					"uv": [0, 0, 2, 1],
					"texture": "#1"
				},
				"east": {
					"uv": [0, 0, 1, 1],
					"texture": "#1"
				},
				"south": {
					"uv": [0, 0, 2, 1],
					"texture": "#1"
				},
				"west": {
					"uv": [0, 0, 1, 1],
					"texture": "#1"
				},
				"up": {
					"uv": [0, 0, 2, 1],
					"texture": "#1"
				},
				"down": {
					"uv": [0, 0, 2, 1],
					"texture": "#1"
				}
			}
		},
		{
			"from": [7.33333, 23.11111, -10],
			"to": [8.66667, 23.33333, -9.77778],
			"rotation": {
				"angle": 0,
				"axis": "y",
				"origin": [2.44444, 11.77778, -13.55556]
			},
			"faces": {
				"north": {
					"uv": [0, 0, 6, 1],
					"texture": "#1"
				},
				"east": {
					"uv": [0, 0, 1, 1],
					"texture": "#1"
				},
				"south": {
					"uv": [0, 0, 6, 1],
					"texture": "#1"
				},
				"west": {
					"uv": [0, 0, 1, 1],
					"texture": "#1"
				},
				"up": {
					"uv": [0, 0, 6, 1],
					"texture": "#1"
				},
				"down": {
					"uv": [0, 0, 6, 1],
					"texture": "#1"
				}
			}
		},
		{
			"from": [8.66667, 22.88889, -10],
			"to": [8.88889, 23.11111, -9.77778],
			"rotation": {
				"angle": 0,
				"axis": "y",
				"origin": [2.66667, 11.55556, -13.55556]
			},
			"faces": {
				"north": {
					"uv": [0, 0, 1, 1],
					"texture": "#1"
				},
				"east": {
					"uv": [0, 0, 1, 1],
					"texture": "#1"
				},
				"south": {
					"uv": [0, 0, 1, 1],
					"texture": "#1"
				},
				"west": {
					"uv": [0, 0, 1, 1],
					"texture": "#1"
				},
				"up": {
					"uv": [0, 0, 1, 1],
					"texture": "#1"
				},
				"down": {
					"uv": [0, 0, 1, 1],
					"texture": "#1"
				}
			}
		},
		{
			"from": [7.11111, 22.88889, -10],
			"to": [7.33333, 23.11111, -9.77778],
			"rotation": {
				"angle": 0,
				"axis": "y",
				"origin": [1.11111, 11.55556, -13.55556]
			},
			"faces": {
				"north": {
					"uv": [0, 0, 1, 1],
					"texture": "#1"
				},
				"east": {
					"uv": [0, 0, 1, 1],
					"texture": "#1"
				},
				"south": {
					"uv": [0, 0, 1, 1],
					"texture": "#1"
				},
				"west": {
					"uv": [0, 0, 1, 1],
					"texture": "#1"
				},
				"up": {
					"uv": [0, 0, 1, 1],
					"texture": "#1"
				},
				"down": {
					"uv": [0, 0, 1, 1],
					"texture": "#1"
				}
			}
		},
		{
			"from": [10.88889, 16.44444, -10],
			"to": [11.11111, 21.11111, -9.77778],
			"rotation": {
				"angle": 0,
				"axis": "y",
				"origin": [7.77778, 9.77778, -13.55556]
			},
			"faces": {
				"north": {
					"uv": [0, 0, 1, 16],
					"texture": "#1"
				},
				"east": {
					"uv": [0, 0, 1, 16],
					"texture": "#1"
				},
				"south": {
					"uv": [0, 0, 1, 16],
					"texture": "#1"
				},
				"west": {
					"uv": [0, 0, 1, 16],
					"texture": "#1"
				},
				"up": {
					"uv": [0, 0, 1, 1],
					"texture": "#1"
				},
				"down": {
					"uv": [0, 0, 1, 1],
					"texture": "#1"
				}
			}
		},
		{
			"from": [4.88889, 16.44444, -10],
			"to": [5.11111, 21.11111, -9.77778],
			"rotation": {
				"angle": 0,
				"axis": "y",
				"origin": [1.77778, 9.77778, -13.55556]
			},
			"faces": {
				"north": {
					"uv": [0, 0, 1, 16],
					"texture": "#1"
				},
				"east": {
					"uv": [0, 0, 1, 16],
					"texture": "#1"
				},
				"south": {
					"uv": [0, 0, 1, 16],
					"texture": "#1"
				},
				"west": {
					"uv": [0, 0, 1, 16],
					"texture": "#1"
				},
				"up": {
					"uv": [0, 0, 1, 1],
					"texture": "#1"
				},
				"down": {
					"uv": [0, 0, 1, 1],
					"texture": "#1"
				}
			}
		},
		{
			"from": [5.11111, 16.22222, -10],
			"to": [10.88889, 16.44444, -9.77778],
			"rotation": {
				"angle": 0,
				"axis": "y",
				"origin": [4.66667, 4.88889, -13.55556]
			},
			"faces": {
				"north": {
					"uv": [0, 0, 16, 1],
					"texture": "#1"
				},
				"east": {
					"uv": [0, 0, 1, 1],
					"texture": "#1"
				},
				"south": {
					"uv": [0, 0, 16, 1],
					"texture": "#1"
				},
				"west": {
					"uv": [0, 0, 1, 1],
					"texture": "#1"
				},
				"up": {
					"uv": [0, 0, 16, 1],
					"texture": "#1"
				},
				"down": {
					"uv": [0, 0, 16, 1],
					"texture": "#1"
				}
			}
		},
		{
			"from": [6, 16.88889, -8.22222],
			"to": [10, 17.11111, -8],
			"rotation": {
				"angle": 0,
				"axis": "y",
				"origin": [4.66667, 5.55556, -11.77778]
			},
			"faces": {
				"north": {
					"uv": [0, 0, 16, 1],
					"texture": "#1"
				},
				"east": {
					"uv": [0, 0, 1, 1],
					"texture": "#1"
				},
				"south": {
					"uv": [0, 0, 16, 1],
					"texture": "#1"
				},
				"west": {
					"uv": [0, 0, 1, 1],
					"texture": "#1"
				},
				"up": {
					"uv": [0, 0, 16, 1],
					"texture": "#1"
				},
				"down": {
					"uv": [0, 0, 16, 1],
					"texture": "#1"
				}
			}
		},
		{
			"from": [6, 20.44444, -8.22222],
			"to": [10, 20.66667, -8],
			"rotation": {
				"angle": 0,
				"axis": "y",
				"origin": [4.66667, 9.11111, -11.77778]
			},
			"faces": {
				"north": {
					"uv": [0, 0, 16, 1],
					"texture": "#1"
				},
				"east": {
					"uv": [0, 0, 1, 1],
					"texture": "#1"
				},
				"south": {
					"uv": [0, 0, 16, 1],
					"texture": "#1"
				},
				"west": {
					"uv": [0, 0, 1, 1],
					"texture": "#1"
				},
				"up": {
					"uv": [0, 0, 16, 1],
					"texture": "#1"
				},
				"down": {
					"uv": [0, 0, 16, 1],
					"texture": "#1"
				}
			}
		},
		{
			"from": [9.77778, 17.11111, -8.22222],
			"to": [10, 20.44444, -8],
			"rotation": {
				"angle": 0,
				"axis": "y",
				"origin": [4.66667, 8.88889, -11.77778]
			},
			"faces": {
				"north": {
					"uv": [0, 0, 1, 15],
					"texture": "#1"
				},
				"east": {
					"uv": [0, 0, 1, 15],
					"texture": "#1"
				},
				"south": {
					"uv": [0, 0, 1, 15],
					"texture": "#1"
				},
				"west": {
					"uv": [0, 0, 1, 15],
					"texture": "#1"
				},
				"up": {
					"uv": [0, 0, 1, 1],
					"texture": "#1"
				},
				"down": {
					"uv": [0, 0, 1, 1],
					"texture": "#1"
				}
			}
		},
		{
			"from": [6, 17.11111, -8.22222],
			"to": [6.22222, 20.44444, -8],
			"rotation": {
				"angle": 0,
				"axis": "y",
				"origin": [0.88889, 8.88889, -11.77778]
			},
			"faces": {
				"north": {
					"uv": [0, 0, 1, 15],
					"texture": "#1"
				},
				"east": {
					"uv": [0, 0, 1, 15],
					"texture": "#1"
				},
				"south": {
					"uv": [0, 0, 1, 15],
					"texture": "#1"
				},
				"west": {
					"uv": [0, 0, 1, 15],
					"texture": "#1"
				},
				"up": {
					"uv": [0, 0, 1, 1],
					"texture": "#1"
				},
				"down": {
					"uv": [0, 0, 1, 1],
					"texture": "#1"
				}
			}
		},
		{
			"from": [5.11111, 20.88889, -6.44444],
			"to": [5.33333, 21.11111, -4.22222],
			"rotation": {
				"angle": 0,
				"axis": "y",
				"origin": [4.88889, 9.55556, -8]
			},
			"faces": {
				"north": {
					"uv": [0, 0, 1, 1],
					"texture": "#1"
				},
				"east": {
					"uv": [0, 0, 10, 1],
					"texture": "#1"
				},
				"south": {
					"uv": [0, 0, 1, 1],
					"texture": "#1"
				},
				"west": {
					"uv": [0, 0, 10, 1],
					"texture": "#1"
				},
				"up": {
					"uv": [0, 0, 1, 10],
					"texture": "#1"
				},
				"down": {
					"uv": [0, 0, 1, 10],
					"texture": "#1"
				}
			}
		},
		{
			"from": [5.33333, 20.66667, -4.22222],
			"to": [5.55556, 20.88889, -1.77778],
			"rotation": {
				"angle": 0,
				"axis": "y",
				"origin": [5.11111, 9.33333, -5.55556]
			},
			"faces": {
				"north": {
					"uv": [0, 0, 1, 1],
					"texture": "#1"
				},
				"east": {
					"uv": [0, 0, 11, 1],
					"texture": "#1"
				},
				"south": {
					"uv": [0, 0, 1, 1],
					"texture": "#1"
				},
				"west": {
					"uv": [0, 0, 11, 1],
					"texture": "#1"
				},
				"up": {
					"uv": [0, 0, 1, 11],
					"texture": "#1"
				},
				"down": {
					"uv": [0, 0, 1, 11],
					"texture": "#1"
				}
			}
		},
		{
			"from": [10.44444, 16.22222, -4.22222],
			"to": [10.66667, 16.44444, -1.77778],
			"rotation": {
				"angle": 0,
				"axis": "y",
				"origin": [10.22222, 4.88889, -5.55556]
			},
			"faces": {
				"north": {
					"uv": [0, 0, 1, 1],
					"texture": "#1"
				},
				"east": {
					"uv": [0, 0, 11, 1],
					"texture": "#1"
				},
				"south": {
					"uv": [0, 0, 1, 1],
					"texture": "#1"
				},
				"west": {
					"uv": [0, 0, 11, 1],
					"texture": "#1"
				},
				"up": {
					"uv": [0, 0, 1, 11],
					"texture": "#1"
				},
				"down": {
					"uv": [0, 0, 1, 11],
					"texture": "#1"
				}
			}
		},
		{
			"from": [10.66667, 16.22222, -6.44444],
			"to": [10.88889, 16.44444, -4.22222],
			"rotation": {
				"angle": 0,
				"axis": "y",
				"origin": [10.44444, 4.88889, -8]
			},
			"faces": {
				"north": {
					"uv": [0, 0, 1, 1],
					"texture": "#1"
				},
				"east": {
					"uv": [0, 0, 10, 1],
					"texture": "#1"
				},
				"south": {
					"uv": [0, 0, 1, 1],
					"texture": "#1"
				},
				"west": {
					"uv": [0, 0, 10, 1],
					"texture": "#1"
				},
				"up": {
					"uv": [0, 0, 1, 10],
					"texture": "#1"
				},
				"down": {
					"uv": [0, 0, 1, 10],
					"texture": "#1"
				}
			}
		},
		{
			"from": [5.33333, 16.22222, -4.22222],
			"to": [5.55556, 16.44444, -1.77778],
			"rotation": {
				"angle": 0,
				"axis": "y",
				"origin": [5.11111, 4.88889, -5.55556]
			},
			"faces": {
				"north": {
					"uv": [0, 0, 1, 1],
					"texture": "#1"
				},
				"east": {
					"uv": [0, 0, 11, 1],
					"texture": "#1"
				},
				"south": {
					"uv": [0, 0, 1, 1],
					"texture": "#1"
				},
				"west": {
					"uv": [0, 0, 11, 1],
					"texture": "#1"
				},
				"up": {
					"uv": [0, 0, 1, 11],
					"texture": "#1"
				},
				"down": {
					"uv": [0, 0, 1, 11],
					"texture": "#1"
				}
			}
		},
		{
			"from": [5.11111, 16.22222, -6.44444],
			"to": [5.33333, 16.44444, -4.22222],
			"rotation": {
				"angle": 0,
				"axis": "y",
				"origin": [4.88889, 4.88889, -8]
			},
			"faces": {
				"north": {
					"uv": [0, 0, 1, 1],
					"texture": "#1"
				},
				"east": {
					"uv": [0, 0, 10, 1],
					"texture": "#1"
				},
				"south": {
					"uv": [0, 0, 1, 1],
					"texture": "#1"
				},
				"west": {
					"uv": [0, 0, 10, 1],
					"texture": "#1"
				},
				"up": {
					"uv": [0, 0, 1, 10],
					"texture": "#1"
				},
				"down": {
					"uv": [0, 0, 1, 10],
					"texture": "#1"
				}
			}
		},
		{
			"from": [5.33333, 16.44444, -6.44444],
			"to": [10.66667, 20.88889, -4.22222],
			"rotation": {
				"angle": 0,
				"axis": "y",
				"origin": [10, 8, -8.44444]
			},
			"faces": {
				"north": {
					"uv": [0, 0, 16, 16],
					"texture": "#0"
				},
				"east": {
					"uv": [0, 0, 10, 16],
					"texture": "#0"
				},
				"south": {
					"uv": [0, 0, 16, 16],
					"texture": "#0"
				},
				"west": {
					"uv": [0, 0, 10, 16],
					"texture": "#0"
				},
				"up": {
					"uv": [0, 0, 16, 10],
					"texture": "#0"
				},
				"down": {
					"uv": [0, 0, 16, 10],
					"texture": "#0"
				}
			}
		},
		{
			"from": [6, 16.44444, -8],
			"to": [10, 21.11111, -6.44444],
			"rotation": {
				"angle": 0,
				"axis": "y",
				"origin": [10, 8, -10]
			},
			"faces": {
				"north": {
					"uv": [0, 0, 16, 16],
					"texture": "#0"
				},
				"east": {
					"uv": [0, 0, 7, 16],
					"texture": "#0"
				},
				"south": {
					"uv": [0, 0, 16, 16],
					"texture": "#0"
				},
				"west": {
					"uv": [0, 0, 7, 16],
					"texture": "#0"
				},
				"up": {
					"uv": [0, 0, 16, 7],
					"texture": "#0"
				},
				"down": {
					"uv": [0, 0, 16, 7],
					"texture": "#0"
				}
			}
		},
		{
			"from": [5.11111, 16.44444, -9.77778],
			"to": [6, 21.11111, -6.44444],
			"rotation": {
				"angle": 0,
				"axis": "y",
				"origin": [10, 8, -10.66667]
			},
			"faces": {
				"north": {
					"uv": [0, 0, 4, 16],
					"texture": "#0"
				},
				"east": {
					"uv": [0, 0, 15, 16],
					"texture": "#0"
				},
				"south": {
					"uv": [0, 0, 4, 16],
					"texture": "#0"
				},
				"west": {
					"uv": [0, 0, 15, 16],
					"texture": "#0"
				},
				"up": {
					"uv": [0, 0, 4, 15],
					"texture": "#0"
				},
				"down": {
					"uv": [0, 0, 4, 15],
					"texture": "#0"
				}
			}
		},
		{
			"from": [10, 16.44444, -9.77778],
			"to": [10.88889, 21.11111, -6.44444],
			"rotation": {
				"angle": 0,
				"axis": "y",
				"origin": [10, 8, -10.66667]
			},
			"faces": {
				"north": {
					"uv": [0, 0, 4, 16],
					"texture": "#0"
				},
				"east": {
					"uv": [0, 0, 15, 16],
					"texture": "#0"
				},
				"south": {
					"uv": [0, 0, 4, 16],
					"texture": "#0"
				},
				"west": {
					"uv": [0, 0, 15, 16],
					"texture": "#0"
				},
				"up": {
					"uv": [0, 0, 4, 15],
					"texture": "#0"
				},
				"down": {
					"uv": [0, 0, 4, 15],
					"texture": "#0"
				}
			}
		},
		{
			"from": [5.55556, 16.22222, -9.55556],
			"to": [10.44444, 16.44444, -7.33333],
			"rotation": {
				"angle": 0,
				"axis": "y",
				"origin": [10, 3.33333, -10.66667]
			},
			"faces": {
				"north": {
					"uv": [0, 0, 16, 1],
					"texture": "#0"
				},
				"east": {
					"uv": [0, 0, 10, 1],
					"texture": "#0"
				},
				"south": {
					"uv": [0, 0, 16, 1],
					"texture": "#0"
				},
				"west": {
					"uv": [0, 0, 10, 1],
					"texture": "#0"
				},
				"up": {
					"uv": [0, 0, 16, 10],
					"texture": "#0"
				},
				"down": {
					"uv": [0, 0, 16, 10],
					"texture": "#0"
				}
			}
		},
		{
			"from": [5.55556, 21.11111, -9.77778],
			"to": [10.44444, 21.33333, -8],
			"rotation": {
				"angle": 0,
				"axis": "y",
				"origin": [10, 8.22222, -10.88889]
			},
			"faces": {
				"north": {
					"uv": [0, 0, 16, 1],
					"texture": "#0"
				},
				"east": {
					"uv": [0, 0, 8, 1],
					"texture": "#0"
				},
				"south": {
					"uv": [0, 0, 16, 1],
					"texture": "#0"
				},
				"west": {
					"uv": [0, 0, 8, 1],
					"texture": "#0"
				},
				"up": {
					"uv": [0, 0, 16, 8],
					"texture": "#0"
				},
				"down": {
					"uv": [0, 0, 16, 8],
					"texture": "#0"
				}
			}
		},
		{
			"from": [6, 20.66667, -9.77778],
			"to": [10, 21.11111, -8],
			"rotation": {
				"angle": 0,
				"axis": "y",
				"origin": [10, 8, -10.88889]
			},
			"faces": {
				"north": {
					"uv": [0, 0, 16, 2],
					"texture": "#0"
				},
				"east": {
					"uv": [0, 0, 8, 2],
					"texture": "#0"
				},
				"south": {
					"uv": [0, 0, 16, 2],
					"texture": "#0"
				},
				"west": {
					"uv": [0, 0, 8, 2],
					"texture": "#0"
				},
				"up": {
					"uv": [0, 0, 16, 8],
					"texture": "#0"
				},
				"down": {
					"uv": [0, 0, 16, 8],
					"texture": "#0"
				}
			}
		},
		{
			"from": [6, 16.44444, -9.77778],
			"to": [10, 16.88889, -8],
			"rotation": {
				"angle": 0,
				"axis": "y",
				"origin": [10, 3.77778, -10.88889]
			},
			"faces": {
				"north": {
					"uv": [0, 0, 16, 2],
					"texture": "#0"
				},
				"east": {
					"uv": [0, 0, 8, 2],
					"texture": "#0"
				},
				"south": {
					"uv": [0, 0, 16, 2],
					"texture": "#0"
				},
				"west": {
					"uv": [0, 0, 8, 2],
					"texture": "#0"
				},
				"up": {
					"uv": [0, 0, 16, 8],
					"texture": "#0"
				},
				"down": {
					"uv": [0, 0, 16, 8],
					"texture": "#0"
				}
			}
		},
		{
			"from": [6, 21.33333, -9.77778],
			"to": [10, 21.55556, -8.66667],
			"rotation": {
				"angle": 0,
				"axis": "y",
				"origin": [10, 8.44444, -10.88889]
			},
			"faces": {
				"north": {
					"uv": [0, 0, 16, 1],
					"texture": "#0"
				},
				"east": {
					"uv": [0, 0, 5, 1],
					"texture": "#0"
				},
				"south": {
					"uv": [0, 0, 16, 1],
					"texture": "#0"
				},
				"west": {
					"uv": [0, 0, 5, 1],
					"texture": "#0"
				},
				"up": {
					"uv": [0, 0, 16, 5],
					"texture": "#0"
				},
				"down": {
					"uv": [0, 0, 16, 5],
					"texture": "#0"
				}
			}
		},
		{
			"from": [6.44444, 21.55556, -9.77778],
			"to": [9.55556, 21.77778, -9.11111],
			"rotation": {
				"angle": 0,
				"axis": "y",
				"origin": [10, 8.66667, -10.88889]
			},
			"faces": {
				"north": {
					"uv": [0, 0, 14, 1],
					"texture": "#0"
				},
				"east": {
					"uv": [0, 0, 3, 1],
					"texture": "#0"
				},
				"south": {
					"uv": [0, 0, 14, 1],
					"texture": "#0"
				},
				"west": {
					"uv": [0, 0, 3, 1],
					"texture": "#0"
				},
				"up": {
					"uv": [0, 0, 14, 3],
					"texture": "#0"
				},
				"down": {
					"uv": [0, 0, 14, 3],
					"texture": "#0"
				}
			}
		},
		{
			"from": [6.88889, 21.77778, -9.77778],
			"to": [9.11111, 22.66667, -9.33333],
			"rotation": {
				"angle": 0,
				"axis": "y",
				"origin": [10, 8.88889, -10.88889]
			},
			"faces": {
				"north": {
					"uv": [0, 0, 10, 4],
					"texture": "#0"
				},
				"east": {
					"uv": [0, 0, 2, 4],
					"texture": "#0"
				},
				"south": {
					"uv": [0, 0, 10, 4],
					"texture": "#0"
				},
				"west": {
					"uv": [0, 0, 2, 4],
					"texture": "#0"
				},
				"up": {
					"uv": [0, 0, 10, 2],
					"texture": "#0"
				},
				"down": {
					"uv": [0, 0, 10, 2],
					"texture": "#0"
				}
			}
		},
		{
			"from": [7.33333, 22.66667, -9.77778],
			"to": [8.66667, 23.11111, -9.55556],
			"rotation": {
				"angle": 0,
				"axis": "y",
				"origin": [10, 9.77778, -10.88889]
			},
			"faces": {
				"north": {
					"uv": [0, 0, 6, 2],
					"texture": "#0"
				},
				"east": {
					"uv": [0, 0, 1, 2],
					"texture": "#0"
				},
				"south": {
					"uv": [0, 0, 6, 2],
					"texture": "#0"
				},
				"west": {
					"uv": [0, 0, 1, 2],
					"texture": "#0"
				},
				"up": {
					"uv": [0, 0, 6, 1],
					"texture": "#0"
				},
				"down": {
					"uv": [0, 0, 6, 1],
					"texture": "#0"
				}
			}
		},
		{
			"from": [6.44444, 16, -9.33333],
			"to": [9.55556, 16.22222, -7.55556],
			"rotation": {
				"angle": 0,
				"axis": "y",
				"origin": [10, 3.11111, -10.66667]
			},
			"faces": {
				"north": {
					"uv": [0, 0, 14, 1],
					"texture": "#0"
				},
				"east": {
					"uv": [0, 0, 8, 1],
					"texture": "#0"
				},
				"south": {
					"uv": [0, 0, 14, 1],
					"texture": "#0"
				},
				"west": {
					"uv": [0, 0, 8, 1],
					"texture": "#0"
				},
				"up": {
					"uv": [0, 0, 14, 8],
					"texture": "#0"
				},
				"down": {
					"uv": [0, 0, 14, 8],
					"texture": "#0"
				}
			}
		},
		{
			"from": [7.77778, 21.11111, 1.11111],
			"to": [8.22222, 23.77778, 1.55556],
			"rotation": {
				"angle": 0,
				"axis": "y",
				"origin": [8, 21.11111, 1.33333]
			},
			"faces": {
				"north": {
					"uv": [0, 0, 2, 12],
					"texture": "#1"
				},
				"east": {
					"uv": [0, 0, 2, 12],
					"texture": "#1"
				},
				"south": {
					"uv": [0, 0, 2, 12],
					"texture": "#1"
				},
				"west": {
					"uv": [0, 0, 2, 12],
					"texture": "#1"
				},
				"up": {
					"uv": [0, 0, 2, 2],
					"texture": "#1"
				},
				"down": {
					"uv": [0, 0, 2, 2],
					"texture": "#1"
				}
			}
		},
		{
			"from": [6.88889, 23.77778, 1.11111],
			"to": [9.11111, 24.22222, 1.55556],
			"rotation": {
				"angle": 0,
				"axis": "y",
				"origin": [8, 23.77778, 1.33333]
			},
			"faces": {
				"north": {
					"uv": [0, 0, 10, 2],
					"texture": "#1"
				},
				"east": {
					"uv": [0, 0, 2, 2],
					"texture": "#1"
				},
				"south": {
					"uv": [0, 0, 10, 2],
					"texture": "#1"
				},
				"west": {
					"uv": [0, 0, 2, 2],
					"texture": "#1"
				},
				"up": {
					"uv": [0, 0, 10, 2],
					"texture": "#1"
				},
				"down": {
					"uv": [0, 0, 10, 2],
					"texture": "#1"
				}
			}
		},
		{
			"from": [6.88889, 26.22222, 1.11111],
			"to": [9.11111, 26.66667, 1.55556],
			"rotation": {
				"angle": 0,
				"axis": "y",
				"origin": [8, 26.22222, 1.33333]
			},
			"faces": {
				"north": {
					"uv": [0, 0, 10, 2],
					"texture": "#1"
				},
				"east": {
					"uv": [0, 0, 2, 2],
					"texture": "#1"
				},
				"south": {
					"uv": [0, 0, 10, 2],
					"texture": "#1"
				},
				"west": {
					"uv": [0, 0, 2, 2],
					"texture": "#1"
				},
				"up": {
					"uv": [0, 0, 10, 2],
					"texture": "#1"
				},
				"down": {
					"uv": [0, 0, 10, 2],
					"texture": "#1"
				}
			}
		},
		{
			"from": [7.11111, 24.22222, 1.22222],
			"to": [8.88889, 26.22222, 1.44444],
			"rotation": {
				"angle": 0,
				"axis": "y",
				"origin": [8, 25.77778, 1.33333]
			},
			"faces": {
				"north": {
					"uv": [1, 1, 9, 10],
					"texture": "#2"
				},
				"east": {
					"uv": [0, 0, 1, 9],
					"texture": "#2"
				},
				"south": {
					"uv": [9, 1, 1, 10],
					"texture": "#2"
				},
				"west": {
					"uv": [0, 0, 1, 9],
					"texture": "#2"
				},
				"up": {
					"uv": [0, 0, 8, 1],
					"texture": "#2"
				},
				"down": {
					"uv": [0, 0, 8, 1],
					"texture": "#2"
				}
			}
		},
		{
			"from": [8.88889, 24.22222, 1.11111],
			"to": [9.33333, 26.22222, 1.55556],
			"rotation": {
				"angle": 0,
				"axis": "y",
				"origin": [8.22222, 26.22222, 1.33333]
			},
			"faces": {
				"north": {
					"uv": [0, 0, 2, 9],
					"texture": "#1"
				},
				"east": {
					"uv": [0, 0, 2, 9],
					"texture": "#1"
				},
				"south": {
					"uv": [0, 0, 2, 9],
					"texture": "#1"
				},
				"west": {
					"uv": [0, 0, 2, 9],
					"texture": "#1"
				},
				"up": {
					"uv": [0, 0, 2, 2],
					"texture": "#1"
				},
				"down": {
					"uv": [0, 0, 2, 2],
					"texture": "#1"
				}
			}
		},
		{
			"from": [6.66667, 24.22222, 1.11111],
			"to": [7.11111, 26.22222, 1.55556],
			"rotation": {
				"angle": 0,
				"axis": "y",
				"origin": [6, 26.22222, 1.33333]
			},
			"faces": {
				"north": {
					"uv": [0, 0, 2, 9],
					"texture": "#1"
				},
				"east": {
					"uv": [0, 0, 2, 9],
					"texture": "#1"
				},
				"south": {
					"uv": [0, 0, 2, 9],
					"texture": "#1"
				},
				"west": {
					"uv": [0, 0, 2, 9],
					"texture": "#1"
				},
				"up": {
					"uv": [0, 0, 2, 2],
					"texture": "#1"
				},
				"down": {
					"uv": [0, 0, 2, 2],
					"texture": "#1"
				}
			}
		}
	]
}
