{"textures":{"0":"minecraft:block/netherite_block","26":"omega-flowey:custom/tv_screen/faces/netherite_block_1"},"display":{"head":{"rotation":[0,180,0]}},"elements":[{"from":[-4.48,8,3.2],"to":[19.52,9.728,10.112],"rotation":{"angle":0,"axis":"y","origin":[8,8,3.2]},"faces":{"north":{"uv":[0,14,16,16],"texture":"#0"},"east":{"uv":[5,14,16,16],"texture":"#0"},"south":{"uv":[1,14,15,16],"texture":"#0"},"west":{"uv":[3,14,14,16],"texture":"#0"},"up":{"uv":[2,2,14,14],"rotation":180,"texture":"#0"},"down":{"uv":[0,6,16,12],"rotation":180,"texture":"#0"}}},{"from":[-4.48,9.728,2.048],"to":[19.52,12.032,10.112],"rotation":{"angle":0,"axis":"y","origin":[8,8,3.2]},"faces":{"north":{"uv":[0,14,16,16],"texture":"#26"},"east":{"uv":[5,14,16,16],"texture":"#0"},"south":{"uv":[0,14,16,16],"texture":"#0"},"west":{"uv":[0,14,11,16],"texture":"#0"},"up":{"uv":[2,2,14,14],"rotation":180,"texture":"#26"},"down":{"uv":[2,2,14,14],"rotation":180,"texture":"#0"}}},{"from":[-3.328,9.728,10.112],"to":[18.368,25.856,12.416],"rotation":{"angle":0,"axis":"y","origin":[8,8,3.2]},"faces":{"north":{"uv":[0,2,16,6],"texture":"#0"},"east":{"uv":[2,0,5,16],"texture":"#0"},"south":{"uv":[2,1,14,16],"texture":"#0"},"west":{"uv":[11,0,14,16],"texture":"#0"},"up":{"uv":[0,10,16,12],"rotation":180,"texture":"#0"},"down":{"uv":[0,14,16,16],"rotation":180,"texture":"#0"}}},{"from":[-3.328,12.608,12.416],"to":[18.368,25.856,14.72],"rotation":{"angle":0,"axis":"y","origin":[8,8,3.2]},"faces":{"north":{"uv":[0,2,16,6],"texture":"#0"},"east":{"uv":[0,0,3,13],"texture":"#0"},"south":{"uv":[0,0,16,16],"texture":"#0"},"west":{"uv":[13,0,16,13],"texture":"#0"},"up":{"uv":[0,0,16,2],"rotation":180,"texture":"#0"},"down":{"uv":[1,14,15,16],"rotation":180,"texture":"#0"}}},{"from":[-4.48,25.856,2.048],"to":[19.52,28.16,10.112],"rotation":{"angle":0,"axis":"y","origin":[8,8,3.2]},"faces":{"north":{"uv":[16,0,0,2],"texture":"#26"},"east":{"uv":[5,0,16,2],"texture":"#0"},"south":{"uv":[0,7,16,9],"texture":"#0"},"west":{"uv":[0,0,11,2],"texture":"#0"},"up":{"uv":[0,9,16,15],"rotation":180,"texture":"#0"},"down":{"uv":[2,2,14,14],"rotation":180,"texture":"#26"}}},{"from":[17.216,12.032,2.048],"to":[19.52,25.856,10.112],"rotation":{"angle":0,"axis":"y","origin":[8,8,3.2]},"faces":{"north":{"uv":[0,6,3,15],"texture":"#26"},"east":{"uv":[5,3,16,14],"texture":"#0"},"south":{"uv":[14,3,16,14],"texture":"#0"},"west":{"uv":[2,2,14,14],"texture":"#26"},"up":{"uv":[2,2,14,14],"rotation":180,"texture":"#0"},"down":{"uv":[2,2,14,14],"rotation":180,"texture":"#0"}}},{"from":[-4.48,12.032,2.048],"to":[-2.176,25.856,10.112],"rotation":{"angle":0,"axis":"y","origin":[8,8,3.2]},"faces":{"north":{"uv":[13,5,16,15],"texture":"#26"},"east":{"uv":[2,2,14,14],"texture":"#26"},"south":{"uv":[0,3,2,14],"texture":"#0"},"west":{"uv":[0,3,11,14],"texture":"#0"},"up":{"uv":[2,2,14,14],"rotation":180,"texture":"#0"},"down":{"uv":[2,2,14,14],"rotation":180,"texture":"#0"}}}]}
