{"textures":{"0":"omega-flowey:custom/attacks/homing-vine-noshade","2":"omega-flowey:custom/attacks/homing-vine"},"display":{"head":{"rotation":[0,180,0]}},"elements":[{"from":[8,8,-5.2],"to":[8.8,8.8,-4.4],"rotation":{"angle":45,"axis":"z","origin":[8,8,-4.8]},"faces":{"north":{"uv":[0,0,16,16],"rotation":270,"texture":"#0"},"east":{"uv":[0,0,16,16],"rotation":90,"texture":"#0"},"south":{"uv":[0,0,16,16],"rotation":90,"texture":"#0"},"west":{"uv":[0,0,16,16],"rotation":90,"texture":"#2"},"up":{"uv":[0,0,16,16],"rotation":90,"texture":"#0"},"down":{"uv":[0,0,16,16],"rotation":90,"texture":"#2"}}},{"from":[7.61284,8.16583,-6],"to":[8.41284,8.96583,-5.2],"rotation":{"angle":45,"axis":"z","origin":[8.00625,8.58125,-5.6]},"faces":{"north":{"uv":[0,0,16,16],"texture":"#0"},"east":{"uv":[0,0,16,16],"texture":"#0"},"south":{"uv":[0,0,16,16],"texture":"#0"},"west":{"uv":[0,0,16,16],"texture":"#2"},"up":{"uv":[0,0,16,16],"texture":"#0"},"down":{"uv":[0,0,16,16],"texture":"#2"}}},{"from":[8,8,-6.8],"to":[8.8,8.8,-6],"rotation":{"angle":45,"axis":"z","origin":[8,8,-6.4]},"faces":{"north":{"uv":[0,0,16,16],"rotation":270,"texture":"#0"},"east":{"uv":[0,0,16,16],"rotation":90,"texture":"#0"},"south":{"uv":[0,0,16,16],"rotation":90,"texture":"#0"},"west":{"uv":[0,0,16,16],"rotation":90,"texture":"#2"},"up":{"uv":[0,0,16,16],"rotation":90,"texture":"#0"},"down":{"uv":[0,0,16,16],"rotation":90,"texture":"#2"}}},{"from":[7.61284,8.16583,-7.6],"to":[8.41284,8.96583,-6.8],"rotation":{"angle":45,"axis":"z","origin":[8.00625,8.58125,-7.2]},"faces":{"north":{"uv":[0,0,16,16],"texture":"#0"},"east":{"uv":[0,0,16,16],"texture":"#0"},"south":{"uv":[0,0,16,16],"texture":"#0"},"west":{"uv":[0,0,16,16],"texture":"#2"},"up":{"uv":[0,0,16,16],"texture":"#0"},"down":{"uv":[0,0,16,16],"texture":"#2"}}},{"from":[8,8,-8.4],"to":[8.8,8.8,-7.6],"rotation":{"angle":45,"axis":"z","origin":[8,8,-8]},"faces":{"north":{"uv":[0,0,16,16],"rotation":270,"texture":"#0"},"east":{"uv":[0,0,16,16],"rotation":90,"texture":"#0"},"south":{"uv":[0,0,16,16],"rotation":90,"texture":"#0"},"west":{"uv":[0,0,16,16],"rotation":90,"texture":"#2"},"up":{"uv":[0,0,16,16],"rotation":90,"texture":"#0"},"down":{"uv":[0,0,16,16],"rotation":90,"texture":"#2"}}},{"from":[7.61284,8.16583,-12.4],"to":[8.41284,8.96583,-11.6],"rotation":{"angle":45,"axis":"z","origin":[8.00625,8.58125,-8.8]},"faces":{"north":{"uv":[0,0,16,16],"texture":"#0"},"east":{"uv":[0,0,16,16],"texture":"#0"},"south":{"uv":[0,0,16,16],"texture":"#0"},"west":{"uv":[0,0,16,16],"texture":"#2"},"up":{"uv":[0,0,16,16],"texture":"#0"},"down":{"uv":[0,0,16,16],"texture":"#2"}}},{"from":[8,8,-13.2],"to":[8.8,8.8,-12.4],"rotation":{"angle":45,"axis":"z","origin":[8,8,-9.6]},"faces":{"north":{"uv":[0,0,16,16],"rotation":270,"texture":"#0"},"east":{"uv":[0,0,16,16],"rotation":90,"texture":"#0"},"south":{"uv":[0,0,16,16],"rotation":90,"texture":"#0"},"west":{"uv":[0,0,16,16],"rotation":90,"texture":"#2"},"up":{"uv":[0,0,16,16],"rotation":90,"texture":"#0"},"down":{"uv":[0,0,16,16],"rotation":90,"texture":"#2"}}},{"from":[7.61284,8.16583,-14],"to":[8.41284,8.96583,-13.2],"rotation":{"angle":45,"axis":"z","origin":[8.00625,8.58125,-10.4]},"faces":{"north":{"uv":[0,0,16,16],"texture":"#0"},"east":{"uv":[0,0,16,16],"texture":"#0"},"south":{"uv":[0,0,16,16],"texture":"#0"},"west":{"uv":[0,0,16,16],"texture":"#2"},"up":{"uv":[0,0,16,16],"texture":"#0"},"down":{"uv":[0,0,16,16],"texture":"#2"}}},{"from":[8,8,-11.6],"to":[8.8,8.8,-10.8],"rotation":{"angle":45,"axis":"z","origin":[8,8,-8]},"faces":{"north":{"uv":[0,0,16,16],"rotation":270,"texture":"#0"},"east":{"uv":[0,0,16,16],"rotation":90,"texture":"#0"},"south":{"uv":[0,0,16,16],"rotation":90,"texture":"#0"},"west":{"uv":[0,0,16,16],"rotation":90,"texture":"#2"},"up":{"uv":[0,0,16,16],"rotation":90,"texture":"#0"},"down":{"uv":[0,0,16,16],"rotation":90,"texture":"#2"}}},{"from":[7.61284,8.16583,-15.6],"to":[8.41284,8.96583,-14.8],"rotation":{"angle":45,"axis":"z","origin":[8.00625,8.58125,-8.8]},"faces":{"north":{"uv":[0,0,16,16],"texture":"#0"},"east":{"uv":[0,0,16,16],"texture":"#0"},"south":{"uv":[0,0,16,16],"texture":"#0"},"west":{"uv":[0,0,16,16],"texture":"#2"},"up":{"uv":[0,0,16,16],"texture":"#0"},"down":{"uv":[0,0,16,16],"texture":"#2"}}},{"from":[8,8,-14.8],"to":[8.8,8.8,-14],"rotation":{"angle":45,"axis":"z","origin":[8,8,-8]},"faces":{"north":{"uv":[0,0,16,16],"rotation":270,"texture":"#0"},"east":{"uv":[0,0,16,16],"rotation":90,"texture":"#0"},"south":{"uv":[0,0,16,16],"rotation":90,"texture":"#0"},"west":{"uv":[0,0,16,16],"rotation":90,"texture":"#2"},"up":{"uv":[0,0,16,16],"rotation":90,"texture":"#0"},"down":{"uv":[0,0,16,16],"rotation":90,"texture":"#2"}}},{"from":[7.61284,8.16583,-9.2],"to":[8.41284,8.96583,-8.4],"rotation":{"angle":45,"axis":"z","origin":[8.00625,8.58125,-8.8]},"faces":{"north":{"uv":[0,0,16,16],"texture":"#0"},"east":{"uv":[0,0,16,16],"texture":"#0"},"south":{"uv":[0,0,16,16],"texture":"#0"},"west":{"uv":[0,0,16,16],"texture":"#2"},"up":{"uv":[0,0,16,16],"texture":"#0"},"down":{"uv":[0,0,16,16],"texture":"#2"}}},{"from":[7.61284,8.16583,-10.8],"to":[8.41284,8.96583,-10],"rotation":{"angle":45,"axis":"z","origin":[8.00625,8.58125,-10.4]},"faces":{"north":{"uv":[0,0,16,16],"texture":"#0"},"east":{"uv":[0,0,16,16],"texture":"#0"},"south":{"uv":[0,0,16,16],"texture":"#0"},"west":{"uv":[0,0,16,16],"texture":"#2"},"up":{"uv":[0,0,16,16],"texture":"#0"},"down":{"uv":[0,0,16,16],"texture":"#2"}}},{"from":[8,8,-5.2],"to":[8.8,8.8,-4.4],"rotation":{"angle":45,"axis":"z","origin":[8,8,-4.8]},"faces":{"north":{"uv":[0,0,16,16],"rotation":270,"texture":"#0"},"east":{"uv":[0,0,16,16],"rotation":90,"texture":"#0"},"south":{"uv":[0,0,16,16],"rotation":90,"texture":"#0"},"west":{"uv":[0,0,16,16],"rotation":90,"texture":"#2"},"up":{"uv":[0,0,16,16],"rotation":90,"texture":"#0"},"down":{"uv":[0,0,16,16],"rotation":90,"texture":"#2"}}},{"from":[7.61284,8.16583,-6],"to":[8.41284,8.96583,-5.2],"rotation":{"angle":45,"axis":"z","origin":[8.00625,8.58125,-5.6]},"faces":{"north":{"uv":[0,0,16,16],"texture":"#0"},"east":{"uv":[0,0,16,16],"texture":"#0"},"south":{"uv":[0,0,16,16],"texture":"#0"},"west":{"uv":[0,0,16,16],"texture":"#2"},"up":{"uv":[0,0,16,16],"texture":"#0"},"down":{"uv":[0,0,16,16],"texture":"#2"}}},{"from":[8,8,-6.8],"to":[8.8,8.8,-6],"rotation":{"angle":45,"axis":"z","origin":[8,8,-6.4]},"faces":{"north":{"uv":[0,0,16,16],"rotation":270,"texture":"#0"},"east":{"uv":[0,0,16,16],"rotation":90,"texture":"#0"},"south":{"uv":[0,0,16,16],"rotation":90,"texture":"#0"},"west":{"uv":[0,0,16,16],"rotation":90,"texture":"#2"},"up":{"uv":[0,0,16,16],"rotation":90,"texture":"#0"},"down":{"uv":[0,0,16,16],"rotation":90,"texture":"#2"}}},{"from":[7.61284,8.16583,-7.6],"to":[8.41284,8.96583,-6.8],"rotation":{"angle":45,"axis":"z","origin":[8.00625,8.58125,-7.2]},"faces":{"north":{"uv":[0,0,16,16],"texture":"#0"},"east":{"uv":[0,0,16,16],"texture":"#0"},"south":{"uv":[0,0,16,16],"texture":"#0"},"west":{"uv":[0,0,16,16],"texture":"#2"},"up":{"uv":[0,0,16,16],"texture":"#0"},"down":{"uv":[0,0,16,16],"texture":"#2"}}},{"from":[8,8,-8.4],"to":[8.8,8.8,-7.6],"rotation":{"angle":45,"axis":"z","origin":[8,8,-8]},"faces":{"north":{"uv":[0,0,16,16],"rotation":270,"texture":"#0"},"east":{"uv":[0,0,16,16],"rotation":90,"texture":"#0"},"south":{"uv":[0,0,16,16],"rotation":90,"texture":"#0"},"west":{"uv":[0,0,16,16],"rotation":90,"texture":"#2"},"up":{"uv":[0,0,16,16],"rotation":90,"texture":"#0"},"down":{"uv":[0,0,16,16],"rotation":90,"texture":"#2"}}},{"from":[7.61284,8.16583,-9.2],"to":[8.41284,8.96583,-8.4],"rotation":{"angle":45,"axis":"z","origin":[8.00625,8.58125,-8.8]},"faces":{"north":{"uv":[0,0,16,16],"texture":"#0"},"east":{"uv":[0,0,16,16],"texture":"#0"},"south":{"uv":[0,0,16,16],"texture":"#0"},"west":{"uv":[0,0,16,16],"texture":"#2"},"up":{"uv":[0,0,16,16],"texture":"#0"},"down":{"uv":[0,0,16,16],"texture":"#2"}}},{"from":[8,8,-10],"to":[8.8,8.8,-9.2],"rotation":{"angle":45,"axis":"z","origin":[8,8,-9.6]},"faces":{"north":{"uv":[0,0,16,16],"rotation":270,"texture":"#0"},"east":{"uv":[0,0,16,16],"rotation":90,"texture":"#0"},"south":{"uv":[0,0,16,16],"rotation":90,"texture":"#0"},"west":{"uv":[0,0,16,16],"rotation":90,"texture":"#2"},"up":{"uv":[0,0,16,16],"rotation":90,"texture":"#0"},"down":{"uv":[0,0,16,16],"rotation":90,"texture":"#2"}}},{"from":[7.61284,8.16583,-10.8],"to":[8.41284,8.96583,-10],"rotation":{"angle":45,"axis":"z","origin":[8.00625,8.58125,-10.4]},"faces":{"north":{"uv":[0,0,16,16],"texture":"#0"},"east":{"uv":[0,0,16,16],"texture":"#0"},"south":{"uv":[0,0,16,16],"texture":"#0"},"west":{"uv":[0,0,16,16],"texture":"#2"},"up":{"uv":[0,0,16,16],"texture":"#0"},"down":{"uv":[0,0,16,16],"texture":"#2"}}},{"from":[8,8,-10],"to":[8.8,8.8,-9.2],"rotation":{"angle":45,"axis":"z","origin":[8,8,-9.6]},"faces":{"north":{"uv":[0,0,16,16],"rotation":270,"texture":"#0"},"east":{"uv":[0,0,16,16],"rotation":90,"texture":"#0"},"south":{"uv":[0,0,16,16],"rotation":90,"texture":"#0"},"west":{"uv":[0,0,16,16],"rotation":90,"texture":"#2"},"up":{"uv":[0,0,16,16],"rotation":90,"texture":"#0"},"down":{"uv":[0,0,16,16],"rotation":90,"texture":"#2"}}},{"from":[7.61284,8.16583,-4.4],"to":[8.41284,8.96583,-3.6],"rotation":{"angle":45,"axis":"z","origin":[8.00625,8.58125,-4]},"faces":{"north":{"uv":[0,0,16,16],"texture":"#0"},"east":{"uv":[0,0,16,16],"texture":"#0"},"south":{"uv":[0,0,16,16],"texture":"#0"},"west":{"uv":[0,0,16,16],"texture":"#2"},"up":{"uv":[0,0,16,16],"texture":"#0"},"down":{"uv":[0,0,16,16],"texture":"#2"}}},{"from":[8,8,-3.6],"to":[8.8,8.8,-2.8],"rotation":{"angle":45,"axis":"z","origin":[8,8,-3.2]},"faces":{"north":{"uv":[0,0,16,16],"rotation":270,"texture":"#0"},"east":{"uv":[0,0,16,16],"rotation":90,"texture":"#0"},"south":{"uv":[0,0,16,16],"rotation":90,"texture":"#0"},"west":{"uv":[0,0,16,16],"rotation":90,"texture":"#2"},"up":{"uv":[0,0,16,16],"rotation":90,"texture":"#0"},"down":{"uv":[0,0,16,16],"rotation":90,"texture":"#2"}}},{"from":[7.61284,8.16583,-2.8],"to":[8.41284,8.96583,-2],"rotation":{"angle":45,"axis":"z","origin":[8.00625,8.58125,-2.4]},"faces":{"north":{"uv":[0,0,16,16],"texture":"#0"},"east":{"uv":[0,0,16,16],"texture":"#0"},"south":{"uv":[0,0,16,16],"texture":"#0"},"west":{"uv":[0,0,16,16],"texture":"#2"},"up":{"uv":[0,0,16,16],"texture":"#0"},"down":{"uv":[0,0,16,16],"texture":"#2"}}},{"from":[8,8,-2],"to":[8.8,8.8,-1.2],"rotation":{"angle":45,"axis":"z","origin":[8,8,-1.6]},"faces":{"north":{"uv":[0,0,16,16],"rotation":270,"texture":"#0"},"east":{"uv":[0,0,16,16],"rotation":90,"texture":"#0"},"south":{"uv":[0,0,16,16],"rotation":90,"texture":"#0"},"west":{"uv":[0,0,16,16],"rotation":90,"texture":"#2"},"up":{"uv":[0,0,16,16],"rotation":90,"texture":"#0"},"down":{"uv":[0,0,16,16],"rotation":90,"texture":"#2"}}},{"from":[7.61284,8.16583,-1.2],"to":[8.41284,8.96583,-0.4],"rotation":{"angle":45,"axis":"z","origin":[8.00625,8.58125,-0.8]},"faces":{"north":{"uv":[0,0,16,16],"texture":"#0"},"east":{"uv":[0,0,16,16],"texture":"#0"},"south":{"uv":[0,0,16,16],"texture":"#0"},"west":{"uv":[0,0,16,16],"texture":"#2"},"up":{"uv":[0,0,16,16],"texture":"#0"},"down":{"uv":[0,0,16,16],"texture":"#2"}}},{"from":[8,8,-0.4],"to":[8.8,8.8,0.4],"rotation":{"angle":45,"axis":"z","origin":[8,8,0]},"faces":{"north":{"uv":[0,0,16,16],"rotation":270,"texture":"#0"},"east":{"uv":[0,0,16,16],"rotation":90,"texture":"#0"},"south":{"uv":[0,0,16,16],"rotation":90,"texture":"#0"},"west":{"uv":[0,0,16,16],"rotation":90,"texture":"#2"},"up":{"uv":[0,0,16,16],"rotation":90,"texture":"#0"},"down":{"uv":[0,0,16,16],"rotation":90,"texture":"#2"}}},{"from":[7.61284,8.16583,0.4],"to":[8.41284,8.96583,1.2],"rotation":{"angle":45,"axis":"z","origin":[8.00625,8.58125,0.8]},"faces":{"north":{"uv":[0,0,16,16],"texture":"#0"},"east":{"uv":[0,0,16,16],"texture":"#0"},"south":{"uv":[0,0,16,16],"texture":"#0"},"west":{"uv":[0,0,16,16],"texture":"#2"},"up":{"uv":[0,0,16,16],"texture":"#0"},"down":{"uv":[0,0,16,16],"texture":"#2"}}},{"from":[8,8,1.2],"to":[8.8,8.8,2],"rotation":{"angle":45,"axis":"z","origin":[8,8,1.6]},"faces":{"north":{"uv":[0,0,16,16],"rotation":270,"texture":"#0"},"east":{"uv":[0,0,16,16],"rotation":90,"texture":"#0"},"south":{"uv":[0,0,16,16],"rotation":90,"texture":"#0"},"west":{"uv":[0,0,16,16],"rotation":90,"texture":"#2"},"up":{"uv":[0,0,16,16],"rotation":90,"texture":"#0"},"down":{"uv":[0,0,16,16],"rotation":90,"texture":"#2"}}},{"from":[7.61284,8.16583,2],"to":[8.41284,8.96583,2.8],"rotation":{"angle":45,"axis":"z","origin":[8.00625,8.58125,2.4]},"faces":{"north":{"uv":[0,0,16,16],"texture":"#0"},"east":{"uv":[0,0,16,16],"texture":"#0"},"south":{"uv":[0,0,16,16],"texture":"#0"},"west":{"uv":[0,0,16,16],"texture":"#2"},"up":{"uv":[0,0,16,16],"texture":"#0"},"down":{"uv":[0,0,16,16],"texture":"#2"}}},{"from":[8,8,2.8],"to":[8.8,8.8,3.6],"rotation":{"angle":45,"axis":"z","origin":[8,8,3.2]},"faces":{"north":{"uv":[0,0,16,16],"rotation":270,"texture":"#0"},"east":{"uv":[0,0,16,16],"rotation":90,"texture":"#0"},"south":{"uv":[0,0,16,16],"rotation":90,"texture":"#0"},"west":{"uv":[0,0,16,16],"rotation":90,"texture":"#2"},"up":{"uv":[0,0,16,16],"rotation":90,"texture":"#0"},"down":{"uv":[0,0,16,16],"rotation":90,"texture":"#2"}}},{"from":[7.61284,8.16583,3.6],"to":[8.41284,8.96583,4.4],"rotation":{"angle":45,"axis":"z","origin":[8.00625,8.58125,4]},"faces":{"north":{"uv":[0,0,16,16],"texture":"#0"},"east":{"uv":[0,0,16,16],"texture":"#0"},"south":{"uv":[0,0,16,16],"texture":"#0"},"west":{"uv":[0,0,16,16],"texture":"#2"},"up":{"uv":[0,0,16,16],"texture":"#0"},"down":{"uv":[0,0,16,16],"texture":"#2"}}},{"from":[8,8,4.4],"to":[8.8,8.8,5.2],"rotation":{"angle":45,"axis":"z","origin":[8,8,4.8]},"faces":{"north":{"uv":[0,0,16,16],"rotation":270,"texture":"#0"},"east":{"uv":[0,0,16,16],"rotation":90,"texture":"#0"},"south":{"uv":[0,0,16,16],"rotation":90,"texture":"#0"},"west":{"uv":[0,0,16,16],"rotation":90,"texture":"#2"},"up":{"uv":[0,0,16,16],"rotation":90,"texture":"#0"},"down":{"uv":[0,0,16,16],"rotation":90,"texture":"#2"}}},{"from":[7.61284,8.16583,5.2],"to":[8.41284,8.96583,6],"rotation":{"angle":45,"axis":"z","origin":[8.00625,8.58125,5.6]},"faces":{"north":{"uv":[0,0,16,16],"texture":"#0"},"east":{"uv":[0,0,16,16],"texture":"#0"},"south":{"uv":[0,0,16,16],"texture":"#0"},"west":{"uv":[0,0,16,16],"texture":"#2"},"up":{"uv":[0,0,16,16],"texture":"#0"},"down":{"uv":[0,0,16,16],"texture":"#2"}}},{"from":[8,8,6],"to":[8.8,8.8,6.8],"rotation":{"angle":45,"axis":"z","origin":[8,8,6.4]},"faces":{"north":{"uv":[0,0,16,16],"rotation":270,"texture":"#0"},"east":{"uv":[0,0,16,16],"rotation":90,"texture":"#0"},"south":{"uv":[0,0,16,16],"rotation":90,"texture":"#0"},"west":{"uv":[0,0,16,16],"rotation":90,"texture":"#2"},"up":{"uv":[0,0,16,16],"rotation":90,"texture":"#0"},"down":{"uv":[0,0,16,16],"rotation":90,"texture":"#2"}}},{"from":[7.61284,8.16583,6.8],"to":[8.41284,8.96583,7.6],"rotation":{"angle":45,"axis":"z","origin":[8.00625,8.58125,7.2]},"faces":{"north":{"uv":[0,0,16,16],"texture":"#0"},"east":{"uv":[0,0,16,16],"texture":"#0"},"south":{"uv":[0,0,16,16],"texture":"#0"},"west":{"uv":[0,0,16,16],"texture":"#2"},"up":{"uv":[0,0,16,16],"texture":"#0"},"down":{"uv":[0,0,16,16],"texture":"#2"}}},{"from":[8,8,7.6],"to":[8.8,8.8,8.4],"rotation":{"angle":45,"axis":"z","origin":[8,8,8]},"faces":{"north":{"uv":[0,0,16,16],"rotation":270,"texture":"#0"},"east":{"uv":[0,0,16,16],"rotation":90,"texture":"#0"},"south":{"uv":[0,0,16,16],"rotation":90,"texture":"#0"},"west":{"uv":[0,0,16,16],"rotation":90,"texture":"#2"},"up":{"uv":[0,0,16,16],"rotation":90,"texture":"#0"},"down":{"uv":[0,0,16,16],"rotation":90,"texture":"#2"}}}]}
