{"textures":{"6":"omega-flowey:custom/soul/soul_red"},"display":{"head":{"rotation":[0,180,0]}},"elements":[{"from":[5,8,6.5],"to":[11,11,9.5],"faces":{"north":{"uv":[0,0,4,2],"texture":"#6"},"east":{"uv":[0,0,2,2],"texture":"#6"},"south":{"uv":[0,0,4,2],"texture":"#6"},"west":{"uv":[0,0,2,2],"texture":"#6"},"up":{"uv":[0,0,4,2],"texture":"#6"},"down":{"uv":[0,0,4,2],"texture":"#6"}}},{"from":[2,11,6.5],"to":[14,14,9.5],"faces":{"north":{"uv":[0,0,8,2],"texture":"#6"},"east":{"uv":[0,0,2,2],"texture":"#6"},"south":{"uv":[0,0,8,2],"texture":"#6"},"west":{"uv":[0,0,2,2],"texture":"#6"},"up":{"uv":[0,0,8,2],"texture":"#6"},"down":{"uv":[0,0,8,2],"texture":"#6"}}},{"from":[-1,14,6.5],"to":[17,17,9.5],"faces":{"north":{"uv":[0,0,12,2],"texture":"#6"},"east":{"uv":[0,0,2,2],"texture":"#6"},"south":{"uv":[0,0,12,2],"texture":"#6"},"west":{"uv":[0,0,2,2],"texture":"#6"},"up":{"uv":[0,0,12,2],"texture":"#6"},"down":{"uv":[0,0,12,2],"texture":"#6"}}},{"from":[-4,17,6.5],"to":[20,26,9.5],"faces":{"north":{"uv":[0,0,16,6],"texture":"#6"},"east":{"uv":[0,0,2,6],"texture":"#6"},"south":{"uv":[0,0,16,6],"texture":"#6"},"west":{"uv":[0,0,2,6],"texture":"#6"},"up":{"uv":[0,0,16,2],"texture":"#6"},"down":{"uv":[0,0,16,2],"texture":"#6"}}},{"from":[9.5,26,6.5],"to":[20,29,9.5],"faces":{"north":{"uv":[0,0,7,2],"texture":"#6"},"east":{"uv":[0,0,2,2],"texture":"#6"},"south":{"uv":[0,0,7,2],"texture":"#6"},"west":{"uv":[0,0,2,2],"texture":"#6"},"up":{"uv":[0,0,7,2],"texture":"#6"},"down":{"uv":[0,0,7,2],"texture":"#6"}}},{"from":[-4,26,6.5],"to":[6.5,29,9.5],"faces":{"north":{"uv":[0,0,7,2],"texture":"#6"},"east":{"uv":[0,0,2,2],"texture":"#6"},"south":{"uv":[0,0,7,2],"texture":"#6"},"west":{"uv":[0,0,2,2],"texture":"#6"},"up":{"uv":[0,0,7,2],"texture":"#6"},"down":{"uv":[0,0,7,2],"texture":"#6"}}},{"from":[-2.5,29,6.5],"to":[5,30.5,9.5],"faces":{"north":{"uv":[0,0,5,1],"texture":"#6"},"east":{"uv":[0,0,2,1],"texture":"#6"},"south":{"uv":[0,0,5,1],"texture":"#6"},"west":{"uv":[0,0,2,1],"texture":"#6"},"up":{"uv":[0,0,5,2],"texture":"#6"},"down":{"uv":[0,0,5,2],"texture":"#6"}}},{"from":[11,29,6.5],"to":[18.5,30.5,9.5],"faces":{"north":{"uv":[0,0,5,1],"texture":"#6"},"east":{"uv":[0,0,2,1],"texture":"#6"},"south":{"uv":[0,0,5,1],"texture":"#6"},"west":{"uv":[0,0,2,1],"texture":"#6"},"up":{"uv":[0,0,5,2],"texture":"#6"},"down":{"uv":[0,0,5,2],"texture":"#6"}}},{"from":[14,30.5,6.5],"to":[17,32,9.5],"faces":{"north":{"uv":[0,0,2,1],"texture":"#6"},"east":{"uv":[0,0,2,1],"texture":"#6"},"south":{"uv":[0,0,2,1],"texture":"#6"},"west":{"uv":[0,0,2,1],"texture":"#6"},"up":{"uv":[0,0,2,2],"texture":"#6"},"down":{"uv":[0,0,2,2],"texture":"#6"}}},{"from":[-1,30.5,6.5],"to":[2,32,9.5],"faces":{"north":{"uv":[0,0,2,1],"texture":"#6"},"east":{"uv":[0,0,2,1],"texture":"#6"},"south":{"uv":[0,0,2,1],"texture":"#6"},"west":{"uv":[0,0,2,1],"texture":"#6"},"up":{"uv":[0,0,2,2],"texture":"#6"},"down":{"uv":[0,0,2,2],"texture":"#6"}}}]}
