{"textures":{"0":"minecraft:block/white_wool","1":"minecraft:block/yellow_concrete","2":"minecraft:block/red_sandstone_top","3":"minecraft:block/white_terracotta"},"display":{"head":{"rotation":[0,180,0]}},"elements":[{"from":[6.27027,14.48649,14.91892],"to":[9.72973,28.32432,16.64865],"rotation":{"angle":0,"axis":"y","origin":[8,21.40541,15.78378]},"faces":{"north":{"uv":[0,0,4,16],"texture":"#0"},"east":{"uv":[0,0,2,16],"texture":"#0"},"south":{"uv":[0,0,4,16],"texture":"#0"},"west":{"uv":[0,0,2,16],"texture":"#0"},"up":{"uv":[0,0,4,2],"texture":"#0"},"down":{"uv":[0,0,4,2],"texture":"#0"}}},{"from":[6.27027,14.48649,14.87568],"to":[9.72973,28.32432,16.60541],"rotation":{"angle":-45,"axis":"z","origin":[8,21.40541,15.78378]},"faces":{"north":{"uv":[0,0,4,16],"texture":"#0"},"east":{"uv":[0,0,2,16],"texture":"#0"},"south":{"uv":[0,0,4,16],"texture":"#0"},"west":{"uv":[0,0,2,16],"texture":"#0"},"up":{"uv":[0,0,4,2],"texture":"#0"},"down":{"uv":[0,0,4,2],"texture":"#0"}}},{"from":[1.08108,19.67568,14.85405],"to":[14.91892,23.13514,16.58378],"rotation":{"angle":-45,"axis":"z","origin":[8,21.40541,15.78378]},"faces":{"north":{"uv":[0,0,4,16],"rotation":270,"texture":"#0"},"east":{"uv":[0,0,4,2],"rotation":90,"texture":"#0"},"south":{"uv":[0,0,4,16],"rotation":90,"texture":"#0"},"west":{"uv":[0,0,4,2],"rotation":90,"texture":"#0"},"up":{"uv":[0,0,2,16],"rotation":90,"texture":"#0"},"down":{"uv":[0,0,2,16],"rotation":90,"texture":"#0"}}},{"from":[1.08108,19.67568,14.8973],"to":[14.91892,23.13514,16.62703],"rotation":{"angle":0,"axis":"y","origin":[8,21.40541,15.78378]},"faces":{"north":{"uv":[0,0,4,16],"rotation":270,"texture":"#0"},"east":{"uv":[0,0,4,2],"rotation":90,"texture":"#0"},"south":{"uv":[0,0,4,16],"rotation":90,"texture":"#0"},"west":{"uv":[0,0,4,2],"rotation":90,"texture":"#0"},"up":{"uv":[0,0,2,16],"rotation":90,"texture":"#0"},"down":{"uv":[0,0,2,16],"rotation":90,"texture":"#0"}}},{"from":[6.05405,19.45946,15.35135],"to":[9.94595,23.35135,17.2973],"rotation":{"angle":0,"axis":"y","origin":[8,21.40541,16]},"faces":{"north":{"uv":[0,0,4.5,4.5],"texture":"#1"},"east":{"uv":[0,0,2.25,4.5],"texture":"#1"},"south":{"uv":[0,0,4.5,4.5],"texture":"#1"},"west":{"uv":[0,0,2.25,4.5],"texture":"#1"},"up":{"uv":[0,0,4.5,2.25],"texture":"#1"},"down":{"uv":[0,0,4.5,2.25],"texture":"#1"}}},{"from":[6.7027,21.40541,16],"to":[7.56757,23.13514,17.72973],"rotation":{"angle":0,"axis":"y","origin":[8,14.48649,8]},"faces":{"north":{"uv":[4,3,5,5],"texture":"#2"},"east":{"uv":[4,3,6,5],"texture":"#2"},"south":{"uv":[4,3,5,5],"texture":"#2"},"west":{"uv":[4,3,6,5],"texture":"#2"},"up":{"uv":[4,3,5,5],"texture":"#2"},"down":{"uv":[4,3,5,5],"texture":"#2"}}},{"from":[8.43243,21.40541,16],"to":[9.2973,23.13514,17.72973],"rotation":{"angle":0,"axis":"y","origin":[8,14.48649,8]},"faces":{"north":{"uv":[4,3,5,5],"texture":"#2"},"east":{"uv":[4,3,6,5],"texture":"#2"},"south":{"uv":[4,3,5,5],"texture":"#2"},"west":{"uv":[4,3,6,5],"texture":"#2"},"up":{"uv":[4,3,5,5],"texture":"#2"},"down":{"uv":[4,3,5,5],"texture":"#2"}}},{"from":[7.13514,19.67568,16],"to":[8.86486,20.10811,17.72973],"rotation":{"angle":0,"axis":"y","origin":[8.86486,20.54054,16.64865]},"faces":{"north":{"uv":[4,3,6,3.5],"texture":"#2"},"east":{"uv":[4,3,6,3.5],"texture":"#2"},"south":{"uv":[4,3,6,3.5],"texture":"#2"},"west":{"uv":[4,3,6,3.5],"texture":"#2"},"up":{"uv":[4,3,6,5],"texture":"#2"},"down":{"uv":[4,3,6,5],"texture":"#2"}}},{"from":[6.27027,20.10811,16],"to":[7.13514,20.54054,17.72973],"rotation":{"angle":0,"axis":"y","origin":[8.86486,20.54054,16.64865]},"faces":{"north":{"uv":[4,3,5,3.5],"texture":"#2"},"east":{"uv":[4,3,6,3.5],"texture":"#2"},"south":{"uv":[4,3,5,3.5],"texture":"#2"},"west":{"uv":[4,3,6,3.5],"texture":"#2"},"up":{"uv":[4,3,5,5],"texture":"#2"},"down":{"uv":[4,3,5,5],"texture":"#2"}}},{"from":[8.86486,20.10811,16],"to":[9.72973,20.54054,17.72973],"rotation":{"angle":0,"axis":"y","origin":[8.86486,20.54054,16.64865]},"faces":{"north":{"uv":[4,3,5,3.5],"texture":"#2"},"east":{"uv":[4,3,6,3.5],"texture":"#2"},"south":{"uv":[4,3,5,3.5],"texture":"#2"},"west":{"uv":[4,3,6,3.5],"texture":"#2"},"up":{"uv":[4,3,5,5],"texture":"#2"},"down":{"uv":[4,3,5,5],"texture":"#2"}}},{"from":[6.07568,20.54054,16],"to":[9.92432,20.97297,17.72973],"rotation":{"angle":0,"axis":"y","origin":[8.86486,20.54054,16.64865]},"faces":{"north":{"uv":[4,3,8.45,3.5],"texture":"#2"},"east":{"uv":[4,3,6,3.5],"texture":"#2"},"south":{"uv":[4,3,8.45,3.5],"texture":"#2"},"west":{"uv":[4,3,6,3.5],"texture":"#2"},"up":{"uv":[4,3,8.45,5],"texture":"#2"},"down":{"uv":[4,3,8.45,5],"texture":"#2"}}},{"from":[4.82162,19.09189,-5.83784],"to":[10.01081,24.28108,8.43243],"rotation":{"angle":45,"axis":"z","origin":[8,22.27027,13.62162]},"faces":{"north":{"uv":[0,0,4,4],"texture":"#3"},"east":{"uv":[0,0,11,4],"texture":"#3"},"south":{"uv":[0,0,4,4],"texture":"#3"},"west":{"uv":[0,0,11,4],"texture":"#3"},"up":{"uv":[0,0,4,11],"texture":"#3"},"down":{"uv":[0,0,4,11],"texture":"#3"}}},{"from":[5.14595,19.41622,8.43243],"to":[9.68649,23.95676,14.91892],"rotation":{"angle":45,"axis":"z","origin":[8,22.27027,13.62162]},"faces":{"north":{"uv":[0,0,3.5,3.5],"texture":"#3"},"east":{"uv":[0,0,5,3.5],"texture":"#3"},"south":{"uv":[0,0,3.5,3.5],"texture":"#3"},"west":{"uv":[0,0,5,3.5],"texture":"#3"},"up":{"uv":[0,0,3.5,5],"texture":"#3"},"down":{"uv":[0,0,3.5,5],"texture":"#3"}}},{"from":[6.7027,8,15.35135],"to":[10.16216,17.72973,17.08108],"rotation":{"angle":0,"axis":"y","origin":[8.43243,14.91892,16.21622]},"faces":{"north":{"uv":[0,0,4,11.25],"texture":"#0"},"east":{"uv":[0,0,2,11.25],"texture":"#0"},"south":{"uv":[0,0,4,11.25],"texture":"#0"},"west":{"uv":[0,0,2,11.25],"texture":"#0"},"up":{"uv":[0,0,4,2],"texture":"#0"},"down":{"uv":[0,0,4,2],"texture":"#0"}}},{"from":[6.7027,8,15.30811],"to":[10.16216,21.83784,17.03784],"rotation":{"angle":-45,"axis":"z","origin":[8.43243,14.91892,16.21622]},"faces":{"north":{"uv":[0,0,4,16],"texture":"#0"},"east":{"uv":[0,0,2,16],"texture":"#0"},"south":{"uv":[0,0,4,16],"texture":"#0"},"west":{"uv":[0,0,2,16],"texture":"#0"},"up":{"uv":[0,0,4,2],"texture":"#0"},"down":{"uv":[0,0,4,2],"texture":"#0"}}},{"from":[1.51351,13.18919,15.28649],"to":[15.35135,16.64865,17.01622],"rotation":{"angle":-45,"axis":"z","origin":[8.43243,14.91892,16.21622]},"faces":{"north":{"uv":[0,0,4,16],"rotation":270,"texture":"#0"},"east":{"uv":[0,0,4,2],"rotation":90,"texture":"#0"},"south":{"uv":[0,0,4,16],"rotation":90,"texture":"#0"},"west":{"uv":[0,0,4,2],"rotation":90,"texture":"#0"},"up":{"uv":[0,0,2,16],"rotation":90,"texture":"#0"},"down":{"uv":[0,0,2,16],"rotation":90,"texture":"#0"}}},{"from":[1.51351,13.18919,15.32973],"to":[15.35135,16.64865,17.05946],"rotation":{"angle":0,"axis":"y","origin":[8.43243,14.91892,16.21622]},"faces":{"north":{"uv":[0,0,4,16],"rotation":270,"texture":"#0"},"east":{"uv":[0,0,4,2],"rotation":90,"texture":"#0"},"south":{"uv":[0,0,4,16],"rotation":90,"texture":"#0"},"west":{"uv":[0,0,4,2],"rotation":90,"texture":"#0"},"up":{"uv":[0,0,2,16],"rotation":90,"texture":"#0"},"down":{"uv":[0,0,2,16],"rotation":90,"texture":"#0"}}},{"from":[6.48649,12.97297,15.78378],"to":[10.37838,16.86486,17.72973],"rotation":{"angle":0,"axis":"y","origin":[8.43243,14.91892,16.43243]},"faces":{"north":{"uv":[0,0,4.5,4.5],"texture":"#1"},"east":{"uv":[0,0,2.25,4.5],"texture":"#1"},"south":{"uv":[0,0,4.5,4.5],"texture":"#1"},"west":{"uv":[0,0,2.25,4.5],"texture":"#1"},"up":{"uv":[0,0,4.5,2.25],"texture":"#1"},"down":{"uv":[0,0,4.5,2.25],"texture":"#1"}}},{"from":[7.13514,14.91892,16.43243],"to":[8,16.64865,18.16216],"rotation":{"angle":0,"axis":"y","origin":[8.43243,8,8.43243]},"faces":{"north":{"uv":[4,3,5,5],"texture":"#2"},"east":{"uv":[4,3,6,5],"texture":"#2"},"south":{"uv":[4,3,5,5],"texture":"#2"},"west":{"uv":[4,3,6,5],"texture":"#2"},"up":{"uv":[4,3,5,5],"texture":"#2"},"down":{"uv":[4,3,5,5],"texture":"#2"}}},{"from":[8.86486,14.91892,16.43243],"to":[9.72973,16.64865,18.16216],"rotation":{"angle":0,"axis":"y","origin":[8.43243,8,8.43243]},"faces":{"north":{"uv":[4,3,5,5],"texture":"#2"},"east":{"uv":[4,3,6,5],"texture":"#2"},"south":{"uv":[4,3,5,5],"texture":"#2"},"west":{"uv":[4,3,6,5],"texture":"#2"},"up":{"uv":[4,3,5,5],"texture":"#2"},"down":{"uv":[4,3,5,5],"texture":"#2"}}},{"from":[7.56757,13.18919,16.43243],"to":[9.2973,13.62162,18.16216],"rotation":{"angle":0,"axis":"y","origin":[9.2973,14.05405,17.08108]},"faces":{"north":{"uv":[4,3,6,3.5],"texture":"#2"},"east":{"uv":[4,3,6,3.5],"texture":"#2"},"south":{"uv":[4,3,6,3.5],"texture":"#2"},"west":{"uv":[4,3,6,3.5],"texture":"#2"},"up":{"uv":[4,3,6,5],"texture":"#2"},"down":{"uv":[4,3,6,5],"texture":"#2"}}},{"from":[6.7027,13.62162,16.43243],"to":[7.56757,14.05405,18.16216],"rotation":{"angle":0,"axis":"y","origin":[9.2973,14.05405,17.08108]},"faces":{"north":{"uv":[4,3,5,3.5],"texture":"#2"},"east":{"uv":[4,3,6,3.5],"texture":"#2"},"south":{"uv":[4,3,5,3.5],"texture":"#2"},"west":{"uv":[4,3,6,3.5],"texture":"#2"},"up":{"uv":[4,3,5,5],"texture":"#2"},"down":{"uv":[4,3,5,5],"texture":"#2"}}},{"from":[9.2973,13.62162,16.43243],"to":[10.16216,14.05405,18.16216],"rotation":{"angle":0,"axis":"y","origin":[9.2973,14.05405,17.08108]},"faces":{"north":{"uv":[4,3,5,3.5],"texture":"#2"},"east":{"uv":[4,3,6,3.5],"texture":"#2"},"south":{"uv":[4,3,5,3.5],"texture":"#2"},"west":{"uv":[4,3,6,3.5],"texture":"#2"},"up":{"uv":[4,3,5,5],"texture":"#2"},"down":{"uv":[4,3,5,5],"texture":"#2"}}},{"from":[6.50811,14.05405,16.43243],"to":[10.35676,14.48649,18.16216],"rotation":{"angle":0,"axis":"y","origin":[9.2973,14.05405,17.08108]},"faces":{"north":{"uv":[4,3,8.45,3.5],"texture":"#2"},"east":{"uv":[4,3,6,3.5],"texture":"#2"},"south":{"uv":[4,3,8.45,3.5],"texture":"#2"},"west":{"uv":[4,3,6,3.5],"texture":"#2"},"up":{"uv":[4,3,8.45,5],"texture":"#2"},"down":{"uv":[4,3,8.45,5],"texture":"#2"}}},{"from":[5.47027,11.95676,-5.18919],"to":[10.65946,17.14595,9.08108],"rotation":{"angle":45,"axis":"z","origin":[8.64865,15.13514,14.27027]},"faces":{"north":{"uv":[0,0,4,4],"texture":"#3"},"east":{"uv":[0,0,11,4],"texture":"#3"},"south":{"uv":[0,0,4,4],"texture":"#3"},"west":{"uv":[0,0,11,4],"texture":"#3"},"up":{"uv":[0,0,4,11],"texture":"#3"},"down":{"uv":[0,0,4,11],"texture":"#3"}}},{"from":[5.79459,12.28108,9.08108],"to":[10.33514,16.82162,15.56757],"rotation":{"angle":45,"axis":"z","origin":[8.64865,15.13514,14.27027]},"faces":{"north":{"uv":[0,0,3.5,3.5],"texture":"#3"},"east":{"uv":[0,0,5,3.5],"texture":"#3"},"south":{"uv":[0,0,3.5,3.5],"texture":"#3"},"west":{"uv":[0,0,5,3.5],"texture":"#3"},"up":{"uv":[0,0,3.5,5],"texture":"#3"},"down":{"uv":[0,0,3.5,5],"texture":"#3"}}}]}
