{
	"textures": {
		"0": "omega-flowey:custom/black",
		"1": "omega-flowey:custom/white"
	},
	"display": {
		"head": {
			"rotation": [0, 180, 0]
		}
	},
	"elements": [
		{
			"from": [6.53061, 3.59184, 10.93878],
			"to": [9.46939, 12.40816, 11.91837],
			"rotation": {
				"angle": 0,
				"axis": "y",
				"origin": [8, 3.10204, 11.42857]
			},
			"faces": {
				"north": {
					"uv": [0, 0, 6, 16],
					"texture": "#1"
				},
				"east": {
					"uv": [0, 0, 2, 16],
					"texture": "#1"
				},
				"south": {
					"uv": [0, 0, 6, 16],
					"texture": "#1"
				},
				"west": {
					"uv": [0, 0, 2, 16],
					"texture": "#1"
				},
				"up": {
					"uv": [0, 0, 6, 2],
					"texture": "#1"
				},
				"down": {
					"uv": [0, 0, 6, 2],
					"texture": "#1"
				}
			}
		},
		{
			"from": [3.59184, 6.53061, 10.93878],
			"to": [6.53061, 9.46939, 11.91837],
			"rotation": {
				"angle": 0,
				"axis": "y",
				"origin": [8.4898, 2.61224, 11.42857]
			},
			"faces": {
				"north": {
					"uv": [0, 0, 6, 6],
					"texture": "#1"
				},
				"east": {
					"uv": [0, 0, 2, 6],
					"texture": "#1"
				},
				"south": {
					"uv": [0, 0, 6, 6],
					"texture": "#1"
				},
				"west": {
					"uv": [0, 0, 2, 6],
					"texture": "#1"
				},
				"up": {
					"uv": [0, 0, 6, 2],
					"texture": "#1"
				},
				"down": {
					"uv": [0, 0, 6, 2],
					"texture": "#1"
				}
			}
		},
		{
			"from": [3.10204, 6.04082, 10.69388],
			"to": [3.59184, 9.95918, 12.16327],
			"rotation": {
				"angle": 0,
				"axis": "y",
				"origin": [8, 2.61224, 11.18367]
			},
			"faces": {
				"north": {
					"uv": [0, 0, 1, 8],
					"texture": "#0"
				},
				"east": {
					"uv": [0, 0, 3, 8],
					"texture": "#0"
				},
				"south": {
					"uv": [0, 0, 1, 8],
					"texture": "#0"
				},
				"west": {
					"uv": [0, 0, 3, 8],
					"texture": "#0"
				},
				"up": {
					"uv": [0, 0, 1, 3],
					"texture": "#0"
				},
				"down": {
					"uv": [0, 0, 1, 3],
					"texture": "#0"
				}
			}
		},
		{
			"from": [3.59184, 9.46939, 10.69388],
			"to": [4.08163, 10.93878, 12.16327],
			"rotation": {
				"angle": 0,
				"axis": "y",
				"origin": [8.4898, 2.61224, 11.18367]
			},
			"faces": {
				"north": {
					"uv": [0, 0, 1, 3],
					"texture": "#0"
				},
				"east": {
					"uv": [0, 0, 3, 3],
					"texture": "#0"
				},
				"south": {
					"uv": [0, 0, 1, 3],
					"texture": "#0"
				},
				"west": {
					"uv": [0, 0, 3, 3],
					"texture": "#0"
				},
				"up": {
					"uv": [0, 0, 1, 3],
					"texture": "#0"
				},
				"down": {
					"uv": [0, 0, 1, 3],
					"texture": "#0"
				}
			}
		},
		{
			"from": [3.59184, 5.06122, 10.69388],
			"to": [4.08163, 6.53061, 12.16327],
			"rotation": {
				"angle": 0,
				"axis": "y",
				"origin": [8.4898, -1.79592, 11.18367]
			},
			"faces": {
				"north": {
					"uv": [0, 0, 1, 3],
					"texture": "#0"
				},
				"east": {
					"uv": [0, 0, 3, 3],
					"texture": "#0"
				},
				"south": {
					"uv": [0, 0, 1, 3],
					"texture": "#0"
				},
				"west": {
					"uv": [0, 0, 3, 3],
					"texture": "#0"
				},
				"up": {
					"uv": [0, 0, 1, 3],
					"texture": "#0"
				},
				"down": {
					"uv": [0, 0, 1, 3],
					"texture": "#0"
				}
			}
		},
		{
			"from": [4.08163, 4.08163, 10.69388],
			"to": [4.57143, 5.55102, 12.16327],
			"rotation": {
				"angle": 0,
				"axis": "y",
				"origin": [8.97959, -2.77551, 11.18367]
			},
			"faces": {
				"north": {
					"uv": [0, 0, 1, 3],
					"texture": "#0"
				},
				"east": {
					"uv": [0, 0, 3, 3],
					"texture": "#0"
				},
				"south": {
					"uv": [0, 0, 1, 3],
					"texture": "#0"
				},
				"west": {
					"uv": [0, 0, 3, 3],
					"texture": "#0"
				},
				"up": {
					"uv": [0, 0, 1, 3],
					"texture": "#0"
				},
				"down": {
					"uv": [0, 0, 1, 3],
					"texture": "#0"
				}
			}
		},
		{
			"from": [4.08163, 10.44898, 10.69388],
			"to": [4.57143, 11.91837, 12.16327],
			"rotation": {
				"angle": 0,
				"axis": "y",
				"origin": [8.97959, 3.59184, 11.18367]
			},
			"faces": {
				"north": {
					"uv": [0, 0, 1, 3],
					"texture": "#0"
				},
				"east": {
					"uv": [0, 0, 3, 3],
					"texture": "#0"
				},
				"south": {
					"uv": [0, 0, 1, 3],
					"texture": "#0"
				},
				"west": {
					"uv": [0, 0, 3, 3],
					"texture": "#0"
				},
				"up": {
					"uv": [0, 0, 1, 3],
					"texture": "#0"
				},
				"down": {
					"uv": [0, 0, 1, 3],
					"texture": "#0"
				}
			}
		},
		{
			"from": [4.57143, 11.42857, 10.69388],
			"to": [5.55102, 11.91837, 12.16327],
			"rotation": {
				"angle": 0,
				"axis": "y",
				"origin": [9.46939, 4.57143, 11.18367]
			},
			"faces": {
				"north": {
					"uv": [0, 0, 2, 1],
					"texture": "#0"
				},
				"east": {
					"uv": [0, 0, 3, 1],
					"texture": "#0"
				},
				"south": {
					"uv": [0, 0, 2, 1],
					"texture": "#0"
				},
				"west": {
					"uv": [0, 0, 3, 1],
					"texture": "#0"
				},
				"up": {
					"uv": [0, 0, 2, 3],
					"texture": "#0"
				},
				"down": {
					"uv": [0, 0, 2, 3],
					"texture": "#0"
				}
			}
		},
		{
			"from": [5.06122, 11.91837, 10.69388],
			"to": [6.53061, 12.40816, 12.16327],
			"rotation": {
				"angle": 0,
				"axis": "y",
				"origin": [10.44898, 5.06122, 11.18367]
			},
			"faces": {
				"north": {
					"uv": [0, 0, 3, 1],
					"texture": "#0"
				},
				"east": {
					"uv": [0, 0, 3, 1],
					"texture": "#0"
				},
				"south": {
					"uv": [0, 0, 3, 1],
					"texture": "#0"
				},
				"west": {
					"uv": [0, 0, 3, 1],
					"texture": "#0"
				},
				"up": {
					"uv": [0, 0, 3, 3],
					"texture": "#0"
				},
				"down": {
					"uv": [0, 0, 3, 3],
					"texture": "#0"
				}
			}
		},
		{
			"from": [5.06122, 3.59184, 10.69388],
			"to": [6.53061, 4.08163, 12.16327],
			"rotation": {
				"angle": 0,
				"axis": "y",
				"origin": [10.44898, -3.26531, 11.18367]
			},
			"faces": {
				"north": {
					"uv": [0, 0, 3, 1],
					"texture": "#0"
				},
				"east": {
					"uv": [0, 0, 3, 1],
					"texture": "#0"
				},
				"south": {
					"uv": [0, 0, 3, 1],
					"texture": "#0"
				},
				"west": {
					"uv": [0, 0, 3, 1],
					"texture": "#0"
				},
				"up": {
					"uv": [0, 0, 3, 3],
					"texture": "#0"
				},
				"down": {
					"uv": [0, 0, 3, 3],
					"texture": "#0"
				}
			}
		},
		{
			"from": [4.57143, 4.08163, 10.69388],
			"to": [5.55102, 4.57143, 12.16327],
			"rotation": {
				"angle": 0,
				"axis": "y",
				"origin": [9.46939, -2.77551, 11.18367]
			},
			"faces": {
				"north": {
					"uv": [0, 0, 2, 1],
					"texture": "#0"
				},
				"east": {
					"uv": [0, 0, 3, 1],
					"texture": "#0"
				},
				"south": {
					"uv": [0, 0, 2, 1],
					"texture": "#0"
				},
				"west": {
					"uv": [0, 0, 3, 1],
					"texture": "#0"
				},
				"up": {
					"uv": [0, 0, 2, 3],
					"texture": "#0"
				},
				"down": {
					"uv": [0, 0, 2, 3],
					"texture": "#0"
				}
			}
		},
		{
			"from": [9.46939, 3.59184, 10.69388],
			"to": [10.93878, 4.08163, 12.16327],
			"rotation": {
				"angle": 0,
				"axis": "y",
				"origin": [5.55102, -3.26531, 11.18367]
			},
			"faces": {
				"north": {
					"uv": [3, 0, 6, 1],
					"texture": "#0"
				},
				"east": {
					"uv": [3, 0, 6, 1],
					"texture": "#0"
				},
				"south": {
					"uv": [3, 0, 6, 1],
					"texture": "#0"
				},
				"west": {
					"uv": [3, 0, 6, 1],
					"texture": "#0"
				},
				"up": {
					"uv": [3, 0, 6, 3],
					"texture": "#0"
				},
				"down": {
					"uv": [3, 0, 6, 3],
					"texture": "#0"
				}
			}
		},
		{
			"from": [11.42857, 4.08163, 10.69388],
			"to": [11.91837, 5.55102, 12.16327],
			"rotation": {
				"angle": 0,
				"axis": "y",
				"origin": [7.02041, -2.77551, 11.18367]
			},
			"faces": {
				"north": {
					"uv": [1, 0, 2, 3],
					"texture": "#0"
				},
				"east": {
					"uv": [3, 0, 6, 3],
					"texture": "#0"
				},
				"south": {
					"uv": [1, 0, 2, 3],
					"texture": "#0"
				},
				"west": {
					"uv": [3, 0, 6, 3],
					"texture": "#0"
				},
				"up": {
					"uv": [1, 0, 2, 3],
					"texture": "#0"
				},
				"down": {
					"uv": [1, 0, 2, 3],
					"texture": "#0"
				}
			}
		},
		{
			"from": [10.44898, 4.08163, 10.69388],
			"to": [11.42857, 4.57143, 12.16327],
			"rotation": {
				"angle": 0,
				"axis": "y",
				"origin": [6.53061, -2.77551, 11.18367]
			},
			"faces": {
				"north": {
					"uv": [2, 0, 4, 1],
					"texture": "#0"
				},
				"east": {
					"uv": [3, 0, 6, 1],
					"texture": "#0"
				},
				"south": {
					"uv": [2, 0, 4, 1],
					"texture": "#0"
				},
				"west": {
					"uv": [3, 0, 6, 1],
					"texture": "#0"
				},
				"up": {
					"uv": [2, 0, 4, 3],
					"texture": "#0"
				},
				"down": {
					"uv": [2, 0, 4, 3],
					"texture": "#0"
				}
			}
		},
		{
			"from": [11.91837, 5.06122, 10.69388],
			"to": [12.40816, 6.53061, 12.16327],
			"rotation": {
				"angle": 0,
				"axis": "y",
				"origin": [7.5102, -1.79592, 11.18367]
			},
			"faces": {
				"north": {
					"uv": [1, 0, 2, 3],
					"texture": "#0"
				},
				"east": {
					"uv": [3, 0, 6, 3],
					"texture": "#0"
				},
				"south": {
					"uv": [1, 0, 2, 3],
					"texture": "#0"
				},
				"west": {
					"uv": [3, 0, 6, 3],
					"texture": "#0"
				},
				"up": {
					"uv": [1, 0, 2, 3],
					"texture": "#0"
				},
				"down": {
					"uv": [1, 0, 2, 3],
					"texture": "#0"
				}
			}
		},
		{
			"from": [12.40816, 6.04082, 10.69388],
			"to": [12.89796, 9.95918, 12.16327],
			"rotation": {
				"angle": 0,
				"axis": "y",
				"origin": [8, 2.61224, 11.18367]
			},
			"faces": {
				"north": {
					"uv": [1, 0, 2, 8],
					"texture": "#0"
				},
				"east": {
					"uv": [3, 0, 6, 8],
					"texture": "#0"
				},
				"south": {
					"uv": [1, 0, 2, 8],
					"texture": "#0"
				},
				"west": {
					"uv": [3, 0, 6, 8],
					"texture": "#0"
				},
				"up": {
					"uv": [1, 0, 2, 3],
					"texture": "#0"
				},
				"down": {
					"uv": [1, 0, 2, 3],
					"texture": "#0"
				}
			}
		},
		{
			"from": [3.59184, 6.53061, 10.20408],
			"to": [12.40816, 9.46939, 10.69388],
			"rotation": {
				"angle": 0,
				"axis": "y",
				"origin": [7.5102, 2.61224, 9.71429]
			},
			"faces": {
				"north": {
					"uv": [0, 0, 16, 6],
					"texture": "#0"
				},
				"east": {
					"uv": [3, 0, 4, 6],
					"texture": "#0"
				},
				"south": {
					"uv": [0, 0, 16, 6],
					"texture": "#0"
				},
				"west": {
					"uv": [3, 0, 4, 6],
					"texture": "#0"
				},
				"up": {
					"uv": [0, 0, 16, 1],
					"texture": "#0"
				},
				"down": {
					"uv": [0, 0, 16, 1],
					"texture": "#0"
				}
			}
		},
		{
			"from": [7.02041, 8, -4.4898],
			"to": [8.97959, 8.97959, -4],
			"rotation": {
				"angle": 0,
				"axis": "y",
				"origin": [7.5102, 2.61224, -2.53061]
			},
			"faces": {
				"north": {
					"uv": [0, 0, 4, 2],
					"texture": "#1"
				},
				"east": {
					"uv": [0, 0, 1, 2],
					"texture": "#1"
				},
				"south": {
					"uv": [0, 0, 4, 2],
					"texture": "#1"
				},
				"west": {
					"uv": [0, 0, 1, 2],
					"texture": "#1"
				},
				"up": {
					"uv": [0, 0, 4, 1],
					"texture": "#1"
				},
				"down": {
					"uv": [0, 0, 4, 1],
					"texture": "#1"
				}
			}
		},
		{
			"from": [7.02041, 8, -4],
			"to": [8.97959, 9.95918, -3.02041],
			"rotation": {
				"angle": 0,
				"axis": "y",
				"origin": [7.5102, 4.57143, -1.55102]
			},
			"faces": {
				"north": {
					"uv": [0, 0, 4, 4],
					"texture": "#1"
				},
				"east": {
					"uv": [0, 0, 2, 4],
					"texture": "#1"
				},
				"south": {
					"uv": [0, 0, 4, 4],
					"texture": "#1"
				},
				"west": {
					"uv": [0, 0, 2, 4],
					"texture": "#1"
				},
				"up": {
					"uv": [0, 0, 4, 2],
					"texture": "#1"
				},
				"down": {
					"uv": [0, 0, 4, 2],
					"texture": "#1"
				}
			}
		},
		{
			"from": [7.02041, 9.95918, -3.5102],
			"to": [8.97959, 10.44898, 9.71429],
			"rotation": {
				"angle": 0,
				"axis": "y",
				"origin": [7.5102, 8.4898, -1.55102]
			},
			"faces": {
				"north": {
					"uv": [0, 0, 4, 1],
					"texture": "#1"
				},
				"east": {
					"uv": [0, 0, 16, 1],
					"texture": "#1"
				},
				"south": {
					"uv": [0, 0, 4, 1],
					"texture": "#1"
				},
				"west": {
					"uv": [0, 0, 16, 1],
					"texture": "#1"
				},
				"up": {
					"uv": [0, 0, 4, 16],
					"texture": "#1"
				},
				"down": {
					"uv": [0, 0, 4, 16],
					"texture": "#1"
				}
			}
		},
		{
			"from": [7.02041, 10.44898, -3.02041],
			"to": [8.97959, 10.93878, 9.71429],
			"rotation": {
				"angle": 0,
				"axis": "y",
				"origin": [7.5102, 8.97959, -1.55102]
			},
			"faces": {
				"north": {
					"uv": [0, 0, 4, 1],
					"texture": "#1"
				},
				"east": {
					"uv": [0, 0, 16, 1],
					"texture": "#1"
				},
				"south": {
					"uv": [0, 0, 4, 1],
					"texture": "#1"
				},
				"west": {
					"uv": [0, 0, 16, 1],
					"texture": "#1"
				},
				"up": {
					"uv": [0, 0, 4, 16],
					"texture": "#1"
				},
				"down": {
					"uv": [0, 0, 4, 16],
					"texture": "#1"
				}
			}
		},
		{
			"from": [7.02041, 10.93878, -2.04082],
			"to": [8.97959, 11.42857, 9.71429],
			"rotation": {
				"angle": 0,
				"axis": "y",
				"origin": [7.5102, 9.46939, -1.55102]
			},
			"faces": {
				"north": {
					"uv": [0, 0, 4, 1],
					"texture": "#1"
				},
				"east": {
					"uv": [0, 0, 16, 1],
					"texture": "#1"
				},
				"south": {
					"uv": [0, 0, 4, 1],
					"texture": "#1"
				},
				"west": {
					"uv": [0, 0, 16, 1],
					"texture": "#1"
				},
				"up": {
					"uv": [0, 0, 4, 16],
					"texture": "#1"
				},
				"down": {
					"uv": [0, 0, 4, 16],
					"texture": "#1"
				}
			}
		},
		{
			"from": [6.53061, 11.42857, 0.40816],
			"to": [9.46939, 11.91837, 9.71429],
			"rotation": {
				"angle": 0,
				"axis": "y",
				"origin": [7.5102, 9.95918, -1.55102]
			},
			"faces": {
				"north": {
					"uv": [0, 0, 6, 1],
					"texture": "#1"
				},
				"east": {
					"uv": [0, 0, 16, 1],
					"texture": "#1"
				},
				"south": {
					"uv": [0, 0, 6, 1],
					"texture": "#1"
				},
				"west": {
					"uv": [0, 0, 16, 1],
					"texture": "#1"
				},
				"up": {
					"uv": [0, 0, 6, 16],
					"texture": "#1"
				},
				"down": {
					"uv": [0, 0, 6, 16],
					"texture": "#1"
				}
			}
		},
		{
			"from": [6.53061, 11.91837, 3.34694],
			"to": [9.46939, 12.40816, 9.71429],
			"rotation": {
				"angle": 0,
				"axis": "y",
				"origin": [7.5102, 10.44898, -1.55102]
			},
			"faces": {
				"north": {
					"uv": [0, 0, 6, 1],
					"texture": "#1"
				},
				"east": {
					"uv": [0, 0, 13, 1],
					"texture": "#1"
				},
				"south": {
					"uv": [0, 0, 6, 1],
					"texture": "#1"
				},
				"west": {
					"uv": [0, 0, 13, 1],
					"texture": "#1"
				},
				"up": {
					"uv": [0, 0, 6, 13],
					"texture": "#1"
				},
				"down": {
					"uv": [0, 0, 6, 13],
					"texture": "#1"
				}
			}
		},
		{
			"from": [11.91837, 8, 3.34694],
			"to": [12.40816, 9.46939, 9.71429],
			"rotation": {
				"angle": 0,
				"axis": "y",
				"origin": [10.44898, 7.5102, -1.55102]
			},
			"faces": {
				"north": {
					"uv": [0, 1, 3, 2],
					"rotation": 90,
					"texture": "#1"
				},
				"east": {
					"uv": [0, 2, 3, 15],
					"rotation": 270,
					"texture": "#1"
				},
				"south": {
					"uv": [0, 1, 3, 2],
					"rotation": 270,
					"texture": "#1"
				},
				"west": {
					"uv": [0, 2, 3, 15],
					"rotation": 270,
					"texture": "#1"
				},
				"up": {
					"uv": [0, 1, 13, 2],
					"rotation": 270,
					"texture": "#1"
				},
				"down": {
					"uv": [0, 1, 13, 2],
					"rotation": 270,
					"texture": "#1"
				}
			}
		},
		{
			"from": [11.42857, 8, 0.40816],
			"to": [11.91837, 9.46939, 9.71429],
			"rotation": {
				"angle": 0,
				"axis": "y",
				"origin": [9.95918, 7.5102, -1.55102]
			},
			"faces": {
				"north": {
					"uv": [0, 1, 3, 2],
					"rotation": 90,
					"texture": "#1"
				},
				"east": {
					"uv": [0, 0, 3, 16],
					"rotation": 270,
					"texture": "#1"
				},
				"south": {
					"uv": [0, 1, 3, 2],
					"rotation": 270,
					"texture": "#1"
				},
				"west": {
					"uv": [0, 0, 3, 16],
					"rotation": 270,
					"texture": "#1"
				},
				"up": {
					"uv": [0, 1, 16, 2],
					"rotation": 270,
					"texture": "#1"
				},
				"down": {
					"uv": [0, 1, 16, 2],
					"rotation": 270,
					"texture": "#1"
				}
			}
		},
		{
			"from": [10.93878, 8, -2.04082],
			"to": [11.42857, 8.97959, 9.71429],
			"rotation": {
				"angle": 0,
				"axis": "y",
				"origin": [9.46939, 7.5102, -1.55102]
			},
			"faces": {
				"north": {
					"uv": [0, 1, 2, 2],
					"rotation": 90,
					"texture": "#1"
				},
				"east": {
					"uv": [0, 0, 2, 16],
					"rotation": 270,
					"texture": "#1"
				},
				"south": {
					"uv": [0, 1, 2, 2],
					"rotation": 270,
					"texture": "#1"
				},
				"west": {
					"uv": [0, 0, 2, 16],
					"rotation": 270,
					"texture": "#1"
				},
				"up": {
					"uv": [0, 1, 16, 2],
					"rotation": 270,
					"texture": "#1"
				},
				"down": {
					"uv": [0, 1, 16, 2],
					"rotation": 270,
					"texture": "#1"
				}
			}
		},
		{
			"from": [10.44898, 8, -3.02041],
			"to": [10.93878, 8.97959, 9.71429],
			"rotation": {
				"angle": 0,
				"axis": "y",
				"origin": [8.97959, 7.5102, -1.55102]
			},
			"faces": {
				"north": {
					"uv": [0, 1, 2, 2],
					"rotation": 90,
					"texture": "#1"
				},
				"east": {
					"uv": [0, 0, 2, 16],
					"rotation": 270,
					"texture": "#1"
				},
				"south": {
					"uv": [0, 1, 2, 2],
					"rotation": 270,
					"texture": "#1"
				},
				"west": {
					"uv": [0, 0, 2, 16],
					"rotation": 270,
					"texture": "#1"
				},
				"up": {
					"uv": [0, 1, 16, 2],
					"rotation": 270,
					"texture": "#1"
				},
				"down": {
					"uv": [0, 1, 16, 2],
					"rotation": 270,
					"texture": "#1"
				}
			}
		},
		{
			"from": [9.95918, 8, -3.5102],
			"to": [10.44898, 8.97959, 9.71429],
			"rotation": {
				"angle": 0,
				"axis": "y",
				"origin": [8.4898, 7.5102, -1.55102]
			},
			"faces": {
				"north": {
					"uv": [0, 1, 2, 2],
					"rotation": 90,
					"texture": "#1"
				},
				"east": {
					"uv": [0, 0, 2, 16],
					"rotation": 270,
					"texture": "#1"
				},
				"south": {
					"uv": [0, 1, 2, 2],
					"rotation": 270,
					"texture": "#1"
				},
				"west": {
					"uv": [0, 0, 2, 16],
					"rotation": 270,
					"texture": "#1"
				},
				"up": {
					"uv": [0, 1, 16, 2],
					"rotation": 270,
					"texture": "#1"
				},
				"down": {
					"uv": [0, 1, 16, 2],
					"rotation": 270,
					"texture": "#1"
				}
			}
		},
		{
			"from": [6.04082, 8, -4],
			"to": [9.95918, 8.97959, 9.71429],
			"rotation": {
				"angle": 0,
				"axis": "y",
				"origin": [11.42857, 7.5102, -1.55102]
			},
			"faces": {
				"north": {
					"uv": [0, 0, 2, 8],
					"rotation": 90,
					"texture": "#1"
				},
				"east": {
					"uv": [0, 0, 2, 16],
					"rotation": 270,
					"texture": "#1"
				},
				"south": {
					"uv": [0, 0, 2, 8],
					"rotation": 270,
					"texture": "#1"
				},
				"west": {
					"uv": [0, 0, 2, 16],
					"rotation": 270,
					"texture": "#1"
				},
				"up": {
					"uv": [0, 0, 16, 8],
					"rotation": 270,
					"texture": "#1"
				},
				"down": {
					"uv": [0, 0, 16, 8],
					"rotation": 270,
					"texture": "#1"
				}
			}
		},
		{
			"from": [6.53061, 8, -3.96327],
			"to": [9.46939, 9.46939, 9.71429],
			"rotation": {
				"angle": 0,
				"axis": "y",
				"origin": [10.93878, 8, -1.55102]
			},
			"faces": {
				"north": {
					"uv": [0, 0, 3, 6],
					"rotation": 90,
					"texture": "#1"
				},
				"east": {
					"uv": [0, 0, 3, 16],
					"rotation": 270,
					"texture": "#1"
				},
				"south": {
					"uv": [0, 0, 3, 6],
					"rotation": 270,
					"texture": "#1"
				},
				"west": {
					"uv": [0, 0, 3, 16],
					"rotation": 270,
					"texture": "#1"
				},
				"up": {
					"uv": [0, 0, 16, 6],
					"rotation": 270,
					"texture": "#1"
				},
				"down": {
					"uv": [0, 0, 16, 6],
					"rotation": 270,
					"texture": "#1"
				}
			}
		},
		{
			"from": [6.04082, 8, -3.47347],
			"to": [9.95918, 9.46939, 9.71429],
			"rotation": {
				"angle": 0,
				"axis": "y",
				"origin": [10.93878, 8, -1.06122]
			},
			"faces": {
				"north": {
					"uv": [0, 0, 3, 8],
					"rotation": 90,
					"texture": "#1"
				},
				"east": {
					"uv": [0, 0, 3, 16],
					"rotation": 270,
					"texture": "#1"
				},
				"south": {
					"uv": [0, 0, 3, 8],
					"rotation": 270,
					"texture": "#1"
				},
				"west": {
					"uv": [0, 0, 3, 16],
					"rotation": 270,
					"texture": "#1"
				},
				"up": {
					"uv": [0, 0, 16, 8],
					"rotation": 270,
					"texture": "#1"
				},
				"down": {
					"uv": [0, 0, 16, 8],
					"rotation": 270,
					"texture": "#1"
				}
			}
		},
		{
			"from": [6.53061, 8, -3.47347],
			"to": [9.46939, 9.95918, 9.71429],
			"rotation": {
				"angle": 0,
				"axis": "y",
				"origin": [10.44898, 8, -1.06122]
			},
			"faces": {
				"north": {
					"uv": [0, 0, 4, 6],
					"rotation": 90,
					"texture": "#1"
				},
				"east": {
					"uv": [0, 0, 4, 16],
					"rotation": 270,
					"texture": "#1"
				},
				"south": {
					"uv": [0, 0, 4, 6],
					"rotation": 270,
					"texture": "#1"
				},
				"west": {
					"uv": [0, 0, 4, 16],
					"rotation": 270,
					"texture": "#1"
				},
				"up": {
					"uv": [0, 0, 16, 6],
					"rotation": 270,
					"texture": "#1"
				},
				"down": {
					"uv": [0, 0, 16, 6],
					"rotation": 270,
					"texture": "#1"
				}
			}
		},
		{
			"from": [5.55102, 8, -2.98367],
			"to": [10.44898, 9.95918, -2.04082],
			"rotation": {
				"angle": 0,
				"axis": "y",
				"origin": [11.42857, 8, -0.57143]
			},
			"faces": {
				"north": {
					"uv": [0, 0, 4, 10],
					"rotation": 90,
					"texture": "#1"
				},
				"east": {
					"uv": [0, 0, 4, 1.925],
					"rotation": 270,
					"texture": "#1"
				},
				"south": {
					"uv": [0, 0, 4, 10],
					"rotation": 270,
					"texture": "#1"
				},
				"west": {
					"uv": [0, 0, 4, 1.925],
					"rotation": 270,
					"texture": "#1"
				},
				"up": {
					"uv": [0, 0, 1.925, 10],
					"rotation": 270,
					"texture": "#1"
				},
				"down": {
					"uv": [0, 0, 1.925, 10],
					"rotation": 270,
					"texture": "#1"
				}
			}
		},
		{
			"from": [6.04082, 9.95918, -2.98367],
			"to": [9.95918, 10.44898, -2.04082],
			"rotation": {
				"angle": 0,
				"axis": "y",
				"origin": [11.42857, 8.4898, -0.57143]
			},
			"faces": {
				"north": {
					"uv": [0, 0, 1, 8],
					"rotation": 90,
					"texture": "#1"
				},
				"east": {
					"uv": [0, 0, 1, 1.925],
					"rotation": 270,
					"texture": "#1"
				},
				"south": {
					"uv": [0, 0, 1, 8],
					"rotation": 270,
					"texture": "#1"
				},
				"west": {
					"uv": [0, 0, 1, 1.925],
					"rotation": 270,
					"texture": "#1"
				},
				"up": {
					"uv": [0, 0, 1.925, 8],
					"rotation": 270,
					"texture": "#1"
				},
				"down": {
					"uv": [0, 0, 1.925, 8],
					"rotation": 270,
					"texture": "#1"
				}
			}
		},
		{
			"from": [5.55102, 8, -2.00408],
			"to": [10.44898, 10.93878, 0.40816],
			"rotation": {
				"angle": 0,
				"axis": "y",
				"origin": [11.42857, 8.4898, 0.40816]
			},
			"faces": {
				"north": {
					"uv": [0, 0, 6, 10],
					"rotation": 90,
					"texture": "#1"
				},
				"east": {
					"uv": [0, 0, 6, 4.925],
					"rotation": 270,
					"texture": "#1"
				},
				"south": {
					"uv": [0, 0, 6, 10],
					"rotation": 270,
					"texture": "#1"
				},
				"west": {
					"uv": [0, 0, 6, 4.925],
					"rotation": 270,
					"texture": "#1"
				},
				"up": {
					"uv": [0, 0, 4.925, 10],
					"rotation": 270,
					"texture": "#1"
				},
				"down": {
					"uv": [0, 0, 4.925, 10],
					"rotation": 270,
					"texture": "#1"
				}
			}
		},
		{
			"from": [5.06122, 8, -2.00408],
			"to": [10.93878, 10.44898, 0.40816],
			"rotation": {
				"angle": 0,
				"axis": "y",
				"origin": [11.91837, 8.4898, 0.40816]
			},
			"faces": {
				"north": {
					"uv": [0, 0, 5, 12],
					"rotation": 90,
					"texture": "#1"
				},
				"east": {
					"uv": [0, 0, 5, 4.925],
					"rotation": 270,
					"texture": "#1"
				},
				"south": {
					"uv": [0, 0, 5, 12],
					"rotation": 270,
					"texture": "#1"
				},
				"west": {
					"uv": [0, 0, 5, 4.925],
					"rotation": 270,
					"texture": "#1"
				},
				"up": {
					"uv": [0, 0, 4.925, 12],
					"rotation": 270,
					"texture": "#1"
				},
				"down": {
					"uv": [0, 0, 4.925, 12],
					"rotation": 270,
					"texture": "#1"
				}
			}
		},
		{
			"from": [5.55102, 8, 0.4449],
			"to": [10.44898, 11.42857, 9.71429],
			"rotation": {
				"angle": 0,
				"axis": "y",
				"origin": [11.42857, 8.97959, 2.85714]
			},
			"faces": {
				"north": {
					"uv": [0, 0, 7, 10],
					"rotation": 90,
					"texture": "#1"
				},
				"east": {
					"uv": [0, 0, 7, 16],
					"rotation": 270,
					"texture": "#1"
				},
				"south": {
					"uv": [0, 0, 7, 10],
					"rotation": 270,
					"texture": "#1"
				},
				"west": {
					"uv": [0, 0, 7, 16],
					"rotation": 270,
					"texture": "#1"
				},
				"up": {
					"uv": [0, 0, 16, 10],
					"rotation": 270,
					"texture": "#1"
				},
				"down": {
					"uv": [0, 0, 16, 10],
					"rotation": 270,
					"texture": "#1"
				}
			}
		},
		{
			"from": [4.57143, 8, 0.4449],
			"to": [11.42857, 10.44898, 9.71429],
			"rotation": {
				"angle": 0,
				"axis": "y",
				"origin": [10.93878, 8.97959, 2.85714]
			},
			"faces": {
				"north": {
					"uv": [0, 0, 5, 14],
					"rotation": 90,
					"texture": "#1"
				},
				"east": {
					"uv": [0, 0, 5, 16],
					"rotation": 270,
					"texture": "#1"
				},
				"south": {
					"uv": [0, 0, 5, 14],
					"rotation": 270,
					"texture": "#1"
				},
				"west": {
					"uv": [0, 0, 5, 16],
					"rotation": 270,
					"texture": "#1"
				},
				"up": {
					"uv": [0, 0, 16, 14],
					"rotation": 270,
					"texture": "#1"
				},
				"down": {
					"uv": [0, 0, 16, 14],
					"rotation": 270,
					"texture": "#1"
				}
			}
		},
		{
			"from": [4.57143, 8, 3.38367],
			"to": [11.42857, 11.42857, 9.71429],
			"rotation": {
				"angle": 0,
				"axis": "y",
				"origin": [10.93878, 8.97959, 2.85714]
			},
			"faces": {
				"north": {
					"uv": [0, 0, 7, 14],
					"rotation": 90,
					"texture": "#1"
				},
				"east": {
					"uv": [0, 0, 7, 12.925],
					"rotation": 270,
					"texture": "#1"
				},
				"south": {
					"uv": [0, 0, 7, 14],
					"rotation": 270,
					"texture": "#1"
				},
				"west": {
					"uv": [0, 0, 7, 12.925],
					"rotation": 270,
					"texture": "#1"
				},
				"up": {
					"uv": [0, 0, 12.925, 14],
					"rotation": 270,
					"texture": "#1"
				},
				"down": {
					"uv": [0, 0, 12.925, 14],
					"rotation": 270,
					"texture": "#1"
				}
			}
		},
		{
			"from": [5.55102, 8, 3.38367],
			"to": [10.44898, 11.91837, 9.71429],
			"rotation": {
				"angle": 0,
				"axis": "y",
				"origin": [11.42857, 8.97959, 2.85714]
			},
			"faces": {
				"north": {
					"uv": [0, 0, 8, 10],
					"rotation": 90,
					"texture": "#1"
				},
				"east": {
					"uv": [0, 0, 8, 12.925],
					"rotation": 270,
					"texture": "#1"
				},
				"south": {
					"uv": [0, 0, 8, 10],
					"rotation": 270,
					"texture": "#1"
				},
				"west": {
					"uv": [0, 0, 8, 12.925],
					"rotation": 270,
					"texture": "#1"
				},
				"up": {
					"uv": [0, 0, 12.925, 10],
					"rotation": 270,
					"texture": "#1"
				},
				"down": {
					"uv": [0, 0, 12.925, 10],
					"rotation": 270,
					"texture": "#1"
				}
			}
		},
		{
			"from": [4.08163, 8, 3.38367],
			"to": [11.91837, 10.44898, 9.71429],
			"rotation": {
				"angle": 0,
				"axis": "y",
				"origin": [11.91837, 8.97959, 2.85714]
			},
			"faces": {
				"north": {
					"uv": [0, 0, 5, 16],
					"rotation": 90,
					"texture": "#1"
				},
				"east": {
					"uv": [0, 0, 5, 12.925],
					"rotation": 270,
					"texture": "#1"
				},
				"south": {
					"uv": [0, 0, 5, 16],
					"rotation": 270,
					"texture": "#1"
				},
				"west": {
					"uv": [0, 0, 5, 12.925],
					"rotation": 270,
					"texture": "#1"
				},
				"up": {
					"uv": [0, 0, 12.925, 16],
					"rotation": 270,
					"texture": "#1"
				},
				"down": {
					"uv": [0, 0, 12.925, 16],
					"rotation": 270,
					"texture": "#1"
				}
			}
		},
		{
			"from": [5.55102, 8, -3.5102],
			"to": [6.04082, 8.97959, 9.71429],
			"rotation": {
				"angle": 0,
				"axis": "y",
				"origin": [7.5102, 7.5102, -1.55102]
			},
			"faces": {
				"north": {
					"uv": [0, 0, 2, 1],
					"rotation": 90,
					"texture": "#1"
				},
				"east": {
					"uv": [0, 0, 2, 16],
					"rotation": 270,
					"texture": "#1"
				},
				"south": {
					"uv": [0, 0, 2, 1],
					"rotation": 270,
					"texture": "#1"
				},
				"west": {
					"uv": [0, 0, 2, 16],
					"rotation": 270,
					"texture": "#1"
				},
				"up": {
					"uv": [0, 0, 16, 1],
					"rotation": 270,
					"texture": "#1"
				},
				"down": {
					"uv": [0, 0, 16, 1],
					"rotation": 270,
					"texture": "#1"
				}
			}
		},
		{
			"from": [5.06122, 8, -3.02041],
			"to": [5.55102, 8.97959, 9.71429],
			"rotation": {
				"angle": 0,
				"axis": "y",
				"origin": [7.02041, 7.5102, -1.55102]
			},
			"faces": {
				"north": {
					"uv": [0, 0, 2, 1],
					"rotation": 90,
					"texture": "#1"
				},
				"east": {
					"uv": [0, 0, 2, 16],
					"rotation": 270,
					"texture": "#1"
				},
				"south": {
					"uv": [0, 0, 2, 1],
					"rotation": 270,
					"texture": "#1"
				},
				"west": {
					"uv": [0, 0, 2, 16],
					"rotation": 270,
					"texture": "#1"
				},
				"up": {
					"uv": [0, 0, 16, 1],
					"rotation": 270,
					"texture": "#1"
				},
				"down": {
					"uv": [0, 0, 16, 1],
					"rotation": 270,
					"texture": "#1"
				}
			}
		},
		{
			"from": [4.57143, 8, -2.04082],
			"to": [5.06122, 8.97959, 9.71429],
			"rotation": {
				"angle": 0,
				"axis": "y",
				"origin": [6.53061, 7.5102, -1.55102]
			},
			"faces": {
				"north": {
					"uv": [0, 0, 2, 1],
					"rotation": 90,
					"texture": "#1"
				},
				"east": {
					"uv": [0, 0, 2, 16],
					"rotation": 270,
					"texture": "#1"
				},
				"south": {
					"uv": [0, 0, 2, 1],
					"rotation": 270,
					"texture": "#1"
				},
				"west": {
					"uv": [0, 0, 2, 16],
					"rotation": 270,
					"texture": "#1"
				},
				"up": {
					"uv": [0, 0, 16, 1],
					"rotation": 270,
					"texture": "#1"
				},
				"down": {
					"uv": [0, 0, 16, 1],
					"rotation": 270,
					"texture": "#1"
				}
			}
		},
		{
			"from": [4.08163, 8, 0.40816],
			"to": [4.57143, 9.46939, 9.71429],
			"rotation": {
				"angle": 0,
				"axis": "y",
				"origin": [6.04082, 7.5102, -1.55102]
			},
			"faces": {
				"north": {
					"uv": [0, 0, 3, 1],
					"rotation": 90,
					"texture": "#1"
				},
				"east": {
					"uv": [0, 0, 3, 16],
					"rotation": 270,
					"texture": "#1"
				},
				"south": {
					"uv": [0, 0, 3, 1],
					"rotation": 270,
					"texture": "#1"
				},
				"west": {
					"uv": [0, 0, 3, 16],
					"rotation": 270,
					"texture": "#1"
				},
				"up": {
					"uv": [0, 0, 16, 1],
					"rotation": 270,
					"texture": "#1"
				},
				"down": {
					"uv": [0, 0, 16, 1],
					"rotation": 270,
					"texture": "#1"
				}
			}
		},
		{
			"from": [3.59184, 8, 3.34694],
			"to": [4.08163, 9.46939, 9.71429],
			"rotation": {
				"angle": 0,
				"axis": "y",
				"origin": [5.55102, 7.5102, -1.55102]
			},
			"faces": {
				"north": {
					"uv": [0, 0, 3, 1],
					"rotation": 90,
					"texture": "#1"
				},
				"east": {
					"uv": [0, 0, 3, 13],
					"rotation": 270,
					"texture": "#1"
				},
				"south": {
					"uv": [0, 0, 3, 1],
					"rotation": 270,
					"texture": "#1"
				},
				"west": {
					"uv": [0, 0, 3, 13],
					"rotation": 270,
					"texture": "#1"
				},
				"up": {
					"uv": [0, 0, 13, 1],
					"rotation": 270,
					"texture": "#1"
				},
				"down": {
					"uv": [0, 0, 13, 1],
					"rotation": 270,
					"texture": "#1"
				}
			}
		},
		{
			"from": [7.02041, 7.02041, -4.4898],
			"to": [8.97959, 8, -4],
			"rotation": {
				"angle": 0,
				"axis": "y",
				"origin": [7.5102, 13.38776, -2.53061]
			},
			"faces": {
				"north": {
					"uv": [0, 2, 4, 4],
					"texture": "#1"
				},
				"east": {
					"uv": [0, 2, 1, 4],
					"texture": "#1"
				},
				"south": {
					"uv": [0, 2, 4, 4],
					"texture": "#1"
				},
				"west": {
					"uv": [0, 2, 1, 4],
					"texture": "#1"
				},
				"up": {
					"uv": [0, 1, 4, 2],
					"texture": "#1"
				},
				"down": {
					"uv": [0, 1, 4, 2],
					"texture": "#1"
				}
			}
		},
		{
			"from": [7.02041, 6.04082, -4],
			"to": [8.97959, 8, -3.02041],
			"rotation": {
				"angle": 0,
				"axis": "y",
				"origin": [7.5102, 11.42857, -1.55102]
			},
			"faces": {
				"north": {
					"uv": [0, 4, 4, 8],
					"texture": "#1"
				},
				"east": {
					"uv": [0, 4, 2, 8],
					"texture": "#1"
				},
				"south": {
					"uv": [0, 4, 4, 8],
					"texture": "#1"
				},
				"west": {
					"uv": [0, 4, 2, 8],
					"texture": "#1"
				},
				"up": {
					"uv": [0, 2, 4, 4],
					"texture": "#1"
				},
				"down": {
					"uv": [0, 2, 4, 4],
					"texture": "#1"
				}
			}
		},
		{
			"from": [7.02041, 5.55102, -3.5102],
			"to": [8.97959, 6.04082, 9.71429],
			"rotation": {
				"angle": 0,
				"axis": "y",
				"origin": [7.5102, 7.5102, -1.55102]
			},
			"faces": {
				"north": {
					"uv": [0, 1, 4, 2],
					"texture": "#1"
				},
				"east": {
					"uv": [0, 1, 16, 2],
					"texture": "#1"
				},
				"south": {
					"uv": [0, 1, 4, 2],
					"texture": "#1"
				},
				"west": {
					"uv": [0, 1, 16, 2],
					"texture": "#1"
				},
				"up": {
					"uv": [0, 0, 4, 16],
					"texture": "#1"
				},
				"down": {
					"uv": [0, 0, 4, 16],
					"texture": "#1"
				}
			}
		},
		{
			"from": [7.02041, 5.06122, -3.02041],
			"to": [8.97959, 5.55102, 9.71429],
			"rotation": {
				"angle": 0,
				"axis": "y",
				"origin": [7.5102, 7.02041, -1.55102]
			},
			"faces": {
				"north": {
					"uv": [0, 1, 4, 2],
					"texture": "#1"
				},
				"east": {
					"uv": [0, 1, 16, 2],
					"texture": "#1"
				},
				"south": {
					"uv": [0, 1, 4, 2],
					"texture": "#1"
				},
				"west": {
					"uv": [0, 1, 16, 2],
					"texture": "#1"
				},
				"up": {
					"uv": [0, 0, 4, 16],
					"texture": "#1"
				},
				"down": {
					"uv": [0, 0, 4, 16],
					"texture": "#1"
				}
			}
		},
		{
			"from": [7.02041, 4.57143, -2.04082],
			"to": [8.97959, 5.06122, 9.71429],
			"rotation": {
				"angle": 0,
				"axis": "y",
				"origin": [7.5102, 6.53061, -1.55102]
			},
			"faces": {
				"north": {
					"uv": [0, 1, 4, 2],
					"texture": "#1"
				},
				"east": {
					"uv": [0, 1, 16, 2],
					"texture": "#1"
				},
				"south": {
					"uv": [0, 1, 4, 2],
					"texture": "#1"
				},
				"west": {
					"uv": [0, 1, 16, 2],
					"texture": "#1"
				},
				"up": {
					"uv": [0, 0, 4, 16],
					"texture": "#1"
				},
				"down": {
					"uv": [0, 0, 4, 16],
					"texture": "#1"
				}
			}
		},
		{
			"from": [6.53061, 4.08163, 0.40816],
			"to": [9.46939, 4.57143, 9.71429],
			"rotation": {
				"angle": 0,
				"axis": "y",
				"origin": [7.5102, 6.04082, -1.55102]
			},
			"faces": {
				"north": {
					"uv": [0, 1, 6, 2],
					"texture": "#1"
				},
				"east": {
					"uv": [0, 1, 16, 2],
					"texture": "#1"
				},
				"south": {
					"uv": [0, 1, 6, 2],
					"texture": "#1"
				},
				"west": {
					"uv": [0, 1, 16, 2],
					"texture": "#1"
				},
				"up": {
					"uv": [0, 0, 6, 16],
					"texture": "#1"
				},
				"down": {
					"uv": [0, 0, 6, 16],
					"texture": "#1"
				}
			}
		},
		{
			"from": [6.53061, 3.59184, 3.34694],
			"to": [9.46939, 4.08163, 9.71429],
			"rotation": {
				"angle": 0,
				"axis": "y",
				"origin": [7.5102, 5.55102, -1.55102]
			},
			"faces": {
				"north": {
					"uv": [0, 1, 6, 2],
					"texture": "#1"
				},
				"east": {
					"uv": [0, 1, 13, 2],
					"texture": "#1"
				},
				"south": {
					"uv": [0, 1, 6, 2],
					"texture": "#1"
				},
				"west": {
					"uv": [0, 1, 13, 2],
					"texture": "#1"
				},
				"up": {
					"uv": [0, 3, 6, 16],
					"texture": "#1"
				},
				"down": {
					"uv": [0, 3, 6, 16],
					"texture": "#1"
				}
			}
		},
		{
			"from": [3.59184, 6.53061, 3.34694],
			"to": [4.08163, 8, 9.71429],
			"rotation": {
				"angle": 0,
				"axis": "y",
				"origin": [5.55102, 8.4898, -1.55102]
			},
			"faces": {
				"north": {
					"uv": [3, 0, 6, 1],
					"rotation": 90,
					"texture": "#1"
				},
				"east": {
					"uv": [3, 0, 6, 13],
					"rotation": 270,
					"texture": "#1"
				},
				"south": {
					"uv": [3, 0, 6, 1],
					"rotation": 270,
					"texture": "#1"
				},
				"west": {
					"uv": [3, 0, 6, 13],
					"rotation": 270,
					"texture": "#1"
				},
				"up": {
					"uv": [3, 0, 16, 1],
					"rotation": 270,
					"texture": "#1"
				},
				"down": {
					"uv": [3, 0, 16, 1],
					"rotation": 270,
					"texture": "#1"
				}
			}
		},
		{
			"from": [4.08163, 6.53061, 0.40816],
			"to": [4.57143, 8, 9.71429],
			"rotation": {
				"angle": 0,
				"axis": "y",
				"origin": [6.04082, 8.4898, -1.55102]
			},
			"faces": {
				"north": {
					"uv": [3, 0, 6, 1],
					"rotation": 90,
					"texture": "#1"
				},
				"east": {
					"uv": [3, 0, 6, 16],
					"rotation": 270,
					"texture": "#1"
				},
				"south": {
					"uv": [3, 0, 6, 1],
					"rotation": 270,
					"texture": "#1"
				},
				"west": {
					"uv": [3, 0, 6, 16],
					"rotation": 270,
					"texture": "#1"
				},
				"up": {
					"uv": [0, 0, 16, 1],
					"rotation": 270,
					"texture": "#1"
				},
				"down": {
					"uv": [0, 0, 16, 1],
					"rotation": 270,
					"texture": "#1"
				}
			}
		},
		{
			"from": [4.57143, 7.02041, -2.04082],
			"to": [5.06122, 8, 9.71429],
			"rotation": {
				"angle": 0,
				"axis": "y",
				"origin": [6.53061, 8.4898, -1.55102]
			},
			"faces": {
				"north": {
					"uv": [2, 0, 4, 1],
					"rotation": 90,
					"texture": "#1"
				},
				"east": {
					"uv": [2, 0, 4, 16],
					"rotation": 270,
					"texture": "#1"
				},
				"south": {
					"uv": [2, 0, 4, 1],
					"rotation": 270,
					"texture": "#1"
				},
				"west": {
					"uv": [2, 0, 4, 16],
					"rotation": 270,
					"texture": "#1"
				},
				"up": {
					"uv": [0, 0, 16, 1],
					"rotation": 270,
					"texture": "#1"
				},
				"down": {
					"uv": [0, 0, 16, 1],
					"rotation": 270,
					"texture": "#1"
				}
			}
		},
		{
			"from": [5.06122, 7.02041, -3.02041],
			"to": [5.55102, 8, 9.71429],
			"rotation": {
				"angle": 0,
				"axis": "y",
				"origin": [7.02041, 8.4898, -1.55102]
			},
			"faces": {
				"north": {
					"uv": [2, 0, 4, 1],
					"rotation": 90,
					"texture": "#1"
				},
				"east": {
					"uv": [2, 0, 4, 16],
					"rotation": 270,
					"texture": "#1"
				},
				"south": {
					"uv": [2, 0, 4, 1],
					"rotation": 270,
					"texture": "#1"
				},
				"west": {
					"uv": [2, 0, 4, 16],
					"rotation": 270,
					"texture": "#1"
				},
				"up": {
					"uv": [0, 0, 16, 1],
					"rotation": 270,
					"texture": "#1"
				},
				"down": {
					"uv": [0, 0, 16, 1],
					"rotation": 270,
					"texture": "#1"
				}
			}
		},
		{
			"from": [5.55102, 7.02041, -3.5102],
			"to": [6.04082, 8, 9.71429],
			"rotation": {
				"angle": 0,
				"axis": "y",
				"origin": [7.5102, 8.4898, -1.55102]
			},
			"faces": {
				"north": {
					"uv": [2, 0, 4, 1],
					"rotation": 90,
					"texture": "#1"
				},
				"east": {
					"uv": [2, 0, 4, 16],
					"rotation": 270,
					"texture": "#1"
				},
				"south": {
					"uv": [2, 0, 4, 1],
					"rotation": 270,
					"texture": "#1"
				},
				"west": {
					"uv": [2, 0, 4, 16],
					"rotation": 270,
					"texture": "#1"
				},
				"up": {
					"uv": [0, 0, 16, 1],
					"rotation": 270,
					"texture": "#1"
				},
				"down": {
					"uv": [0, 0, 16, 1],
					"rotation": 270,
					"texture": "#1"
				}
			}
		},
		{
			"from": [6.04082, 7.02041, -4],
			"to": [9.95918, 8, 9.71429],
			"rotation": {
				"angle": 0,
				"axis": "y",
				"origin": [11.42857, 8.4898, -1.55102]
			},
			"faces": {
				"north": {
					"uv": [2, 0, 4, 8],
					"rotation": 90,
					"texture": "#1"
				},
				"east": {
					"uv": [2, 0, 4, 16],
					"rotation": 270,
					"texture": "#1"
				},
				"south": {
					"uv": [2, 0, 4, 8],
					"rotation": 270,
					"texture": "#1"
				},
				"west": {
					"uv": [2, 0, 4, 16],
					"rotation": 270,
					"texture": "#1"
				},
				"up": {
					"uv": [0, 0, 16, 8],
					"rotation": 270,
					"texture": "#1"
				},
				"down": {
					"uv": [0, 0, 16, 8],
					"rotation": 270,
					"texture": "#1"
				}
			}
		},
		{
			"from": [9.95918, 7.02041, -3.5102],
			"to": [10.44898, 8, 9.71429],
			"rotation": {
				"angle": 0,
				"axis": "y",
				"origin": [8.4898, 8.4898, -1.55102]
			},
			"faces": {
				"north": {
					"uv": [2, 1, 4, 2],
					"rotation": 90,
					"texture": "#1"
				},
				"east": {
					"uv": [2, 0, 4, 16],
					"rotation": 270,
					"texture": "#1"
				},
				"south": {
					"uv": [2, 1, 4, 2],
					"rotation": 270,
					"texture": "#1"
				},
				"west": {
					"uv": [2, 0, 4, 16],
					"rotation": 270,
					"texture": "#1"
				},
				"up": {
					"uv": [0, 1, 16, 2],
					"rotation": 270,
					"texture": "#1"
				},
				"down": {
					"uv": [0, 1, 16, 2],
					"rotation": 270,
					"texture": "#1"
				}
			}
		},
		{
			"from": [10.44898, 7.02041, -3.02041],
			"to": [10.93878, 8, 9.71429],
			"rotation": {
				"angle": 0,
				"axis": "y",
				"origin": [8.97959, 8.4898, -1.55102]
			},
			"faces": {
				"north": {
					"uv": [2, 1, 4, 2],
					"rotation": 90,
					"texture": "#1"
				},
				"east": {
					"uv": [2, 0, 4, 16],
					"rotation": 270,
					"texture": "#1"
				},
				"south": {
					"uv": [2, 1, 4, 2],
					"rotation": 270,
					"texture": "#1"
				},
				"west": {
					"uv": [2, 0, 4, 16],
					"rotation": 270,
					"texture": "#1"
				},
				"up": {
					"uv": [0, 1, 16, 2],
					"rotation": 270,
					"texture": "#1"
				},
				"down": {
					"uv": [0, 1, 16, 2],
					"rotation": 270,
					"texture": "#1"
				}
			}
		},
		{
			"from": [10.93878, 7.02041, -2.04082],
			"to": [11.42857, 8, 9.71429],
			"rotation": {
				"angle": 0,
				"axis": "y",
				"origin": [9.46939, 8.4898, -1.55102]
			},
			"faces": {
				"north": {
					"uv": [2, 1, 4, 2],
					"rotation": 90,
					"texture": "#1"
				},
				"east": {
					"uv": [2, 0, 4, 16],
					"rotation": 270,
					"texture": "#1"
				},
				"south": {
					"uv": [2, 1, 4, 2],
					"rotation": 270,
					"texture": "#1"
				},
				"west": {
					"uv": [2, 0, 4, 16],
					"rotation": 270,
					"texture": "#1"
				},
				"up": {
					"uv": [0, 1, 16, 2],
					"rotation": 270,
					"texture": "#1"
				},
				"down": {
					"uv": [0, 1, 16, 2],
					"rotation": 270,
					"texture": "#1"
				}
			}
		},
		{
			"from": [11.42857, 6.53061, 0.40816],
			"to": [11.91837, 8, 9.71429],
			"rotation": {
				"angle": 0,
				"axis": "y",
				"origin": [9.95918, 8.4898, -1.55102]
			},
			"faces": {
				"north": {
					"uv": [3, 1, 6, 2],
					"rotation": 90,
					"texture": "#1"
				},
				"east": {
					"uv": [3, 0, 6, 16],
					"rotation": 270,
					"texture": "#1"
				},
				"south": {
					"uv": [3, 1, 6, 2],
					"rotation": 270,
					"texture": "#1"
				},
				"west": {
					"uv": [3, 0, 6, 16],
					"rotation": 270,
					"texture": "#1"
				},
				"up": {
					"uv": [0, 1, 16, 2],
					"rotation": 270,
					"texture": "#1"
				},
				"down": {
					"uv": [0, 1, 16, 2],
					"rotation": 270,
					"texture": "#1"
				}
			}
		},
		{
			"from": [11.91837, 6.53061, 3.34694],
			"to": [12.40816, 8, 9.71429],
			"rotation": {
				"angle": 0,
				"axis": "y",
				"origin": [10.44898, 8.4898, -1.55102]
			},
			"faces": {
				"north": {
					"uv": [3, 1, 6, 2],
					"rotation": 90,
					"texture": "#1"
				},
				"east": {
					"uv": [3, 2, 6, 15],
					"rotation": 270,
					"texture": "#1"
				},
				"south": {
					"uv": [3, 1, 6, 2],
					"rotation": 270,
					"texture": "#1"
				},
				"west": {
					"uv": [3, 2, 6, 15],
					"rotation": 270,
					"texture": "#1"
				},
				"up": {
					"uv": [3, 1, 16, 2],
					"rotation": 270,
					"texture": "#1"
				},
				"down": {
					"uv": [3, 1, 16, 2],
					"rotation": 270,
					"texture": "#1"
				}
			}
		},
		{
			"from": [6.53061, 6.53061, -3.96327],
			"to": [9.46939, 8, 9.71429],
			"rotation": {
				"angle": 0,
				"axis": "y",
				"origin": [10.93878, 8, -1.55102]
			},
			"faces": {
				"north": {
					"uv": [3, 0, 6, 6],
					"rotation": 90,
					"texture": "#1"
				},
				"east": {
					"uv": [3, 0, 6, 16],
					"rotation": 270,
					"texture": "#1"
				},
				"south": {
					"uv": [3, 0, 6, 6],
					"rotation": 270,
					"texture": "#1"
				},
				"west": {
					"uv": [3, 0, 6, 16],
					"rotation": 270,
					"texture": "#1"
				},
				"up": {
					"uv": [0, 0, 16, 6],
					"rotation": 270,
					"texture": "#1"
				},
				"down": {
					"uv": [0, 0, 16, 6],
					"rotation": 270,
					"texture": "#1"
				}
			}
		},
		{
			"from": [6.04082, 6.53061, -3.47347],
			"to": [9.95918, 8, 9.71429],
			"rotation": {
				"angle": 0,
				"axis": "y",
				"origin": [10.93878, 8, -1.06122]
			},
			"faces": {
				"north": {
					"uv": [3, 0, 6, 8],
					"rotation": 90,
					"texture": "#1"
				},
				"east": {
					"uv": [3, 0, 6, 16],
					"rotation": 270,
					"texture": "#1"
				},
				"south": {
					"uv": [3, 0, 6, 8],
					"rotation": 270,
					"texture": "#1"
				},
				"west": {
					"uv": [3, 0, 6, 16],
					"rotation": 270,
					"texture": "#1"
				},
				"up": {
					"uv": [0, 0, 16, 8],
					"rotation": 270,
					"texture": "#1"
				},
				"down": {
					"uv": [0, 0, 16, 8],
					"rotation": 270,
					"texture": "#1"
				}
			}
		},
		{
			"from": [5.55102, 6.04082, -2.98367],
			"to": [10.44898, 8, -2.04082],
			"rotation": {
				"angle": 0,
				"axis": "y",
				"origin": [11.42857, 8, -0.57143]
			},
			"faces": {
				"north": {
					"uv": [4, 0, 8, 10],
					"rotation": 90,
					"texture": "#1"
				},
				"east": {
					"uv": [4, 0, 8, 1.925],
					"rotation": 270,
					"texture": "#1"
				},
				"south": {
					"uv": [4, 0, 8, 10],
					"rotation": 270,
					"texture": "#1"
				},
				"west": {
					"uv": [4, 0, 8, 1.925],
					"rotation": 270,
					"texture": "#1"
				},
				"up": {
					"uv": [1.925, 0, 3.85, 10],
					"rotation": 270,
					"texture": "#1"
				},
				"down": {
					"uv": [1.925, 0, 3.85, 10],
					"rotation": 270,
					"texture": "#1"
				}
			}
		},
		{
			"from": [5.55102, 5.06122, -2.00408],
			"to": [10.44898, 8, 0.40816],
			"rotation": {
				"angle": 0,
				"axis": "y",
				"origin": [11.42857, 7.5102, 0.40816]
			},
			"faces": {
				"north": {
					"uv": [6, 0, 12, 10],
					"rotation": 90,
					"texture": "#1"
				},
				"east": {
					"uv": [6, 0, 12, 4.925],
					"rotation": 270,
					"texture": "#1"
				},
				"south": {
					"uv": [6, 0, 12, 10],
					"rotation": 270,
					"texture": "#1"
				},
				"west": {
					"uv": [6, 0, 12, 4.925],
					"rotation": 270,
					"texture": "#1"
				},
				"up": {
					"uv": [4.925, 0, 9.85, 10],
					"rotation": 270,
					"texture": "#1"
				},
				"down": {
					"uv": [4.925, 0, 9.85, 10],
					"rotation": 270,
					"texture": "#1"
				}
			}
		},
		{
			"from": [5.55102, 4.57143, 0.4449],
			"to": [10.44898, 8, 9.71429],
			"rotation": {
				"angle": 0,
				"axis": "y",
				"origin": [11.42857, 7.02041, 2.85714]
			},
			"faces": {
				"north": {
					"uv": [7, 0, 14, 10],
					"rotation": 90,
					"texture": "#1"
				},
				"east": {
					"uv": [7, 0, 14, 16],
					"rotation": 270,
					"texture": "#1"
				},
				"south": {
					"uv": [7, 0, 14, 10],
					"rotation": 270,
					"texture": "#1"
				},
				"west": {
					"uv": [7, 0, 14, 16],
					"rotation": 270,
					"texture": "#1"
				},
				"up": {
					"uv": [0, 0, 16, 10],
					"rotation": 270,
					"texture": "#1"
				},
				"down": {
					"uv": [0, 0, 16, 10],
					"rotation": 270,
					"texture": "#1"
				}
			}
		},
		{
			"from": [5.55102, 4.08163, 3.38367],
			"to": [10.44898, 8, 9.71429],
			"rotation": {
				"angle": 0,
				"axis": "y",
				"origin": [11.42857, 7.02041, 2.85714]
			},
			"faces": {
				"north": {
					"uv": [8, 0, 16, 10],
					"rotation": 90,
					"texture": "#1"
				},
				"east": {
					"uv": [8, 0, 16, 12.925],
					"rotation": 270,
					"texture": "#1"
				},
				"south": {
					"uv": [8, 0, 16, 10],
					"rotation": 270,
					"texture": "#1"
				},
				"west": {
					"uv": [8, 0, 16, 12.925],
					"rotation": 270,
					"texture": "#1"
				},
				"up": {
					"uv": [3.075, 0, 16, 10],
					"rotation": 270,
					"texture": "#1"
				},
				"down": {
					"uv": [3.075, 0, 16, 10],
					"rotation": 270,
					"texture": "#1"
				}
			}
		},
		{
			"from": [4.08163, 5.55102, 3.38367],
			"to": [11.91837, 8, 9.71429],
			"rotation": {
				"angle": 0,
				"axis": "y",
				"origin": [11.91837, 7.02041, 2.85714]
			},
			"faces": {
				"north": {
					"uv": [5, 0, 10, 16],
					"rotation": 90,
					"texture": "#1"
				},
				"east": {
					"uv": [5, 0, 10, 12.925],
					"rotation": 270,
					"texture": "#1"
				},
				"south": {
					"uv": [5, 0, 10, 16],
					"rotation": 270,
					"texture": "#1"
				},
				"west": {
					"uv": [5, 0, 10, 12.925],
					"rotation": 270,
					"texture": "#1"
				},
				"up": {
					"uv": [3.075, 0, 16, 16],
					"rotation": 270,
					"texture": "#1"
				},
				"down": {
					"uv": [3.075, 0, 16, 16],
					"rotation": 270,
					"texture": "#1"
				}
			}
		},
		{
			"from": [4.57143, 4.57143, 3.38367],
			"to": [11.42857, 8, 9.71429],
			"rotation": {
				"angle": 0,
				"axis": "y",
				"origin": [10.93878, 7.02041, 2.85714]
			},
			"faces": {
				"north": {
					"uv": [7, 0, 14, 14],
					"rotation": 90,
					"texture": "#1"
				},
				"east": {
					"uv": [7, 0, 14, 12.925],
					"rotation": 270,
					"texture": "#1"
				},
				"south": {
					"uv": [7, 0, 14, 14],
					"rotation": 270,
					"texture": "#1"
				},
				"west": {
					"uv": [7, 0, 14, 12.925],
					"rotation": 270,
					"texture": "#1"
				},
				"up": {
					"uv": [3.075, 0, 16, 14],
					"rotation": 270,
					"texture": "#1"
				},
				"down": {
					"uv": [3.075, 0, 16, 14],
					"rotation": 270,
					"texture": "#1"
				}
			}
		},
		{
			"from": [4.57143, 5.55102, 0.4449],
			"to": [11.42857, 8, 9.71429],
			"rotation": {
				"angle": 0,
				"axis": "y",
				"origin": [10.93878, 7.02041, 2.85714]
			},
			"faces": {
				"north": {
					"uv": [5, 0, 10, 14],
					"rotation": 90,
					"texture": "#1"
				},
				"east": {
					"uv": [5, 0, 10, 16],
					"rotation": 270,
					"texture": "#1"
				},
				"south": {
					"uv": [5, 0, 10, 14],
					"rotation": 270,
					"texture": "#1"
				},
				"west": {
					"uv": [5, 0, 10, 16],
					"rotation": 270,
					"texture": "#1"
				},
				"up": {
					"uv": [0, 0, 16, 14],
					"rotation": 270,
					"texture": "#1"
				},
				"down": {
					"uv": [0, 0, 16, 14],
					"rotation": 270,
					"texture": "#1"
				}
			}
		},
		{
			"from": [6.53061, 6.04082, -3.47347],
			"to": [9.46939, 8, 9.71429],
			"rotation": {
				"angle": 0,
				"axis": "y",
				"origin": [10.44898, 8, -1.06122]
			},
			"faces": {
				"north": {
					"uv": [4, 0, 8, 6],
					"rotation": 90,
					"texture": "#1"
				},
				"east": {
					"uv": [4, 0, 8, 16],
					"rotation": 270,
					"texture": "#1"
				},
				"south": {
					"uv": [4, 0, 8, 6],
					"rotation": 270,
					"texture": "#1"
				},
				"west": {
					"uv": [4, 0, 8, 16],
					"rotation": 270,
					"texture": "#1"
				},
				"up": {
					"uv": [0, 0, 16, 6],
					"rotation": 270,
					"texture": "#1"
				},
				"down": {
					"uv": [0, 0, 16, 6],
					"rotation": 270,
					"texture": "#1"
				}
			}
		},
		{
			"from": [5.06122, 5.55102, -2.00408],
			"to": [10.93878, 8, 0.40816],
			"rotation": {
				"angle": 0,
				"axis": "y",
				"origin": [11.91837, 7.5102, 0.40816]
			},
			"faces": {
				"north": {
					"uv": [5, 0, 10, 12],
					"rotation": 90,
					"texture": "#1"
				},
				"east": {
					"uv": [5, 0, 10, 4.925],
					"rotation": 270,
					"texture": "#1"
				},
				"south": {
					"uv": [5, 0, 10, 12],
					"rotation": 270,
					"texture": "#1"
				},
				"west": {
					"uv": [5, 0, 10, 4.925],
					"rotation": 270,
					"texture": "#1"
				},
				"up": {
					"uv": [4.925, 0, 9.85, 12],
					"rotation": 270,
					"texture": "#1"
				},
				"down": {
					"uv": [4.925, 0, 9.85, 12],
					"rotation": 270,
					"texture": "#1"
				}
			}
		},
		{
			"from": [6.04082, 5.55102, -2.98367],
			"to": [9.95918, 6.04082, -2.04082],
			"rotation": {
				"angle": 0,
				"axis": "y",
				"origin": [11.42857, 7.5102, -0.57143]
			},
			"faces": {
				"north": {
					"uv": [1, 0, 2, 8],
					"rotation": 90,
					"texture": "#1"
				},
				"east": {
					"uv": [1, 0, 2, 1.925],
					"rotation": 270,
					"texture": "#1"
				},
				"south": {
					"uv": [1, 0, 2, 8],
					"rotation": 270,
					"texture": "#1"
				},
				"west": {
					"uv": [1, 0, 2, 1.925],
					"rotation": 270,
					"texture": "#1"
				},
				"up": {
					"uv": [1.925, 0, 3.85, 8],
					"rotation": 270,
					"texture": "#1"
				},
				"down": {
					"uv": [1.925, 0, 3.85, 8],
					"rotation": 270,
					"texture": "#1"
				}
			}
		},
		{
			"from": [4.08163, 9.46939, 10.20408],
			"to": [11.91837, 10.44898, 10.69388],
			"rotation": {
				"angle": 0,
				"axis": "y",
				"origin": [7.5102, 5.55102, 9.71429]
			},
			"faces": {
				"north": {
					"uv": [0, 0, 16, 2],
					"texture": "#0"
				},
				"east": {
					"uv": [3, 0, 4, 2],
					"texture": "#0"
				},
				"south": {
					"uv": [0, 0, 16, 2],
					"texture": "#0"
				},
				"west": {
					"uv": [3, 0, 4, 2],
					"texture": "#0"
				},
				"up": {
					"uv": [0, 0, 16, 1],
					"texture": "#0"
				},
				"down": {
					"uv": [0, 0, 16, 1],
					"texture": "#0"
				}
			}
		},
		{
			"from": [4.08163, 5.55102, 10.20408],
			"to": [11.91837, 6.53061, 10.69388],
			"rotation": {
				"angle": 0,
				"axis": "y",
				"origin": [7.5102, 1.63265, 9.71429]
			},
			"faces": {
				"north": {
					"uv": [0, 0, 16, 2],
					"texture": "#0"
				},
				"east": {
					"uv": [3, 0, 4, 2],
					"texture": "#0"
				},
				"south": {
					"uv": [0, 0, 16, 2],
					"texture": "#0"
				},
				"west": {
					"uv": [3, 0, 4, 2],
					"texture": "#0"
				},
				"up": {
					"uv": [0, 0, 16, 1],
					"texture": "#0"
				},
				"down": {
					"uv": [0, 0, 16, 1],
					"texture": "#0"
				}
			}
		},
		{
			"from": [4.57143, 4.57143, 10.20408],
			"to": [11.42857, 5.55102, 10.69388],
			"rotation": {
				"angle": 0,
				"axis": "y",
				"origin": [7.5102, 0.65306, 9.71429]
			},
			"faces": {
				"north": {
					"uv": [0, 0, 14, 2],
					"texture": "#0"
				},
				"east": {
					"uv": [3, 0, 4, 2],
					"texture": "#0"
				},
				"south": {
					"uv": [0, 0, 14, 2],
					"texture": "#0"
				},
				"west": {
					"uv": [3, 0, 4, 2],
					"texture": "#0"
				},
				"up": {
					"uv": [0, 0, 14, 1],
					"texture": "#0"
				},
				"down": {
					"uv": [0, 0, 14, 1],
					"texture": "#0"
				}
			}
		},
		{
			"from": [5.55102, 4.08163, 10.20408],
			"to": [10.44898, 4.57143, 10.69388],
			"rotation": {
				"angle": 0,
				"axis": "y",
				"origin": [7.5102, 0.16327, 9.71429]
			},
			"faces": {
				"north": {
					"uv": [0, 0, 10, 1],
					"texture": "#0"
				},
				"east": {
					"uv": [3, 0, 4, 1],
					"texture": "#0"
				},
				"south": {
					"uv": [0, 0, 10, 1],
					"texture": "#0"
				},
				"west": {
					"uv": [3, 0, 4, 1],
					"texture": "#0"
				},
				"up": {
					"uv": [0, 0, 10, 1],
					"texture": "#0"
				},
				"down": {
					"uv": [0, 0, 10, 1],
					"texture": "#0"
				}
			}
		},
		{
			"from": [6.53061, 3.59184, 10.20408],
			"to": [9.46939, 4.08163, 10.69388],
			"rotation": {
				"angle": 0,
				"axis": "y",
				"origin": [7.5102, -0.32653, 9.71429]
			},
			"faces": {
				"north": {
					"uv": [0, 0, 6, 1],
					"texture": "#0"
				},
				"east": {
					"uv": [3, 0, 4, 1],
					"texture": "#0"
				},
				"south": {
					"uv": [0, 0, 6, 1],
					"texture": "#0"
				},
				"west": {
					"uv": [3, 0, 4, 1],
					"texture": "#0"
				},
				"up": {
					"uv": [0, 0, 6, 1],
					"texture": "#0"
				},
				"down": {
					"uv": [0, 0, 6, 1],
					"texture": "#0"
				}
			}
		},
		{
			"from": [6.53061, 11.91837, 10.20408],
			"to": [9.46939, 12.40816, 10.69388],
			"rotation": {
				"angle": 0,
				"axis": "y",
				"origin": [7.5102, 8, 9.71429]
			},
			"faces": {
				"north": {
					"uv": [0, 0, 6, 1],
					"texture": "#0"
				},
				"east": {
					"uv": [3, 0, 4, 1],
					"texture": "#0"
				},
				"south": {
					"uv": [0, 0, 6, 1],
					"texture": "#0"
				},
				"west": {
					"uv": [3, 0, 4, 1],
					"texture": "#0"
				},
				"up": {
					"uv": [0, 0, 6, 1],
					"texture": "#0"
				},
				"down": {
					"uv": [0, 0, 6, 1],
					"texture": "#0"
				}
			}
		},
		{
			"from": [5.55102, 11.42857, 10.20408],
			"to": [10.44898, 11.91837, 10.69388],
			"rotation": {
				"angle": 0,
				"axis": "y",
				"origin": [7.5102, 7.5102, 9.71429]
			},
			"faces": {
				"north": {
					"uv": [0, 0, 10, 1],
					"texture": "#0"
				},
				"east": {
					"uv": [3, 0, 4, 1],
					"texture": "#0"
				},
				"south": {
					"uv": [0, 0, 10, 1],
					"texture": "#0"
				},
				"west": {
					"uv": [3, 0, 4, 1],
					"texture": "#0"
				},
				"up": {
					"uv": [0, 0, 10, 1],
					"texture": "#0"
				},
				"down": {
					"uv": [0, 0, 10, 1],
					"texture": "#0"
				}
			}
		},
		{
			"from": [4.57143, 10.44898, 10.20408],
			"to": [11.42857, 11.42857, 10.69388],
			"rotation": {
				"angle": 0,
				"axis": "y",
				"origin": [7.5102, 6.53061, 9.71429]
			},
			"faces": {
				"north": {
					"uv": [0, 0, 14, 2],
					"texture": "#0"
				},
				"east": {
					"uv": [3, 0, 4, 2],
					"texture": "#0"
				},
				"south": {
					"uv": [0, 0, 14, 2],
					"texture": "#0"
				},
				"west": {
					"uv": [3, 0, 4, 2],
					"texture": "#0"
				},
				"up": {
					"uv": [0, 0, 14, 1],
					"texture": "#0"
				},
				"down": {
					"uv": [0, 0, 14, 1],
					"texture": "#0"
				}
			}
		},
		{
			"from": [11.91837, 9.46939, 10.69388],
			"to": [12.40816, 10.93878, 12.16327],
			"rotation": {
				"angle": 0,
				"axis": "y",
				"origin": [7.5102, 2.61224, 11.18367]
			},
			"faces": {
				"north": {
					"uv": [1, 0, 2, 3],
					"texture": "#0"
				},
				"east": {
					"uv": [3, 0, 6, 3],
					"texture": "#0"
				},
				"south": {
					"uv": [1, 0, 2, 3],
					"texture": "#0"
				},
				"west": {
					"uv": [3, 0, 6, 3],
					"texture": "#0"
				},
				"up": {
					"uv": [1, 0, 2, 3],
					"texture": "#0"
				},
				"down": {
					"uv": [1, 0, 2, 3],
					"texture": "#0"
				}
			}
		},
		{
			"from": [11.42857, 10.44898, 10.69388],
			"to": [11.91837, 11.91837, 12.16327],
			"rotation": {
				"angle": 0,
				"axis": "y",
				"origin": [7.02041, 3.59184, 11.18367]
			},
			"faces": {
				"north": {
					"uv": [1, 0, 2, 3],
					"texture": "#0"
				},
				"east": {
					"uv": [3, 0, 6, 3],
					"texture": "#0"
				},
				"south": {
					"uv": [1, 0, 2, 3],
					"texture": "#0"
				},
				"west": {
					"uv": [3, 0, 6, 3],
					"texture": "#0"
				},
				"up": {
					"uv": [1, 0, 2, 3],
					"texture": "#0"
				},
				"down": {
					"uv": [1, 0, 2, 3],
					"texture": "#0"
				}
			}
		},
		{
			"from": [10.44898, 11.42857, 10.69388],
			"to": [11.42857, 11.91837, 12.16327],
			"rotation": {
				"angle": 0,
				"axis": "y",
				"origin": [6.53061, 4.57143, 11.18367]
			},
			"faces": {
				"north": {
					"uv": [2, 0, 4, 1],
					"texture": "#0"
				},
				"east": {
					"uv": [3, 0, 6, 1],
					"texture": "#0"
				},
				"south": {
					"uv": [2, 0, 4, 1],
					"texture": "#0"
				},
				"west": {
					"uv": [3, 0, 6, 1],
					"texture": "#0"
				},
				"up": {
					"uv": [2, 0, 4, 3],
					"texture": "#0"
				},
				"down": {
					"uv": [2, 0, 4, 3],
					"texture": "#0"
				}
			}
		},
		{
			"from": [9.46939, 11.91837, 10.69388],
			"to": [10.93878, 12.40816, 12.16327],
			"rotation": {
				"angle": 0,
				"axis": "y",
				"origin": [5.55102, 5.06122, 11.18367]
			},
			"faces": {
				"north": {
					"uv": [3, 0, 6, 1],
					"texture": "#0"
				},
				"east": {
					"uv": [3, 0, 6, 1],
					"texture": "#0"
				},
				"south": {
					"uv": [3, 0, 6, 1],
					"texture": "#0"
				},
				"west": {
					"uv": [3, 0, 6, 1],
					"texture": "#0"
				},
				"up": {
					"uv": [3, 0, 6, 3],
					"texture": "#0"
				},
				"down": {
					"uv": [3, 0, 6, 3],
					"texture": "#0"
				}
			}
		},
		{
			"from": [6.04082, 12.40816, 10.69388],
			"to": [9.95918, 12.89796, 12.16327],
			"rotation": {
				"angle": 0,
				"axis": "y",
				"origin": [11.42857, 5.55102, 11.18367]
			},
			"faces": {
				"north": {
					"uv": [0, 0, 8, 1],
					"texture": "#0"
				},
				"east": {
					"uv": [0, 0, 3, 1],
					"texture": "#0"
				},
				"south": {
					"uv": [0, 0, 8, 1],
					"texture": "#0"
				},
				"west": {
					"uv": [0, 0, 3, 1],
					"texture": "#0"
				},
				"up": {
					"uv": [0, 0, 8, 3],
					"texture": "#0"
				},
				"down": {
					"uv": [0, 0, 8, 3],
					"texture": "#0"
				}
			}
		},
		{
			"from": [6.04082, 3.10204, 10.69388],
			"to": [9.95918, 3.59184, 12.16327],
			"rotation": {
				"angle": 0,
				"axis": "y",
				"origin": [11.42857, -3.7551, 11.18367]
			},
			"faces": {
				"north": {
					"uv": [0, 0, 8, 1],
					"texture": "#0"
				},
				"east": {
					"uv": [0, 0, 3, 1],
					"texture": "#0"
				},
				"south": {
					"uv": [0, 0, 8, 1],
					"texture": "#0"
				},
				"west": {
					"uv": [0, 0, 3, 1],
					"texture": "#0"
				},
				"up": {
					"uv": [0, 0, 8, 3],
					"texture": "#0"
				},
				"down": {
					"uv": [0, 0, 8, 3],
					"texture": "#0"
				}
			}
		},
		{
			"from": [6.04082, 3.10204, 9.71429],
			"to": [9.95918, 3.59184, 10.20408],
			"rotation": {
				"angle": 0,
				"axis": "y",
				"origin": [11.42857, -3.7551, 9.22449]
			},
			"faces": {
				"north": {
					"uv": [0, 0, 8, 1],
					"texture": "#0"
				},
				"east": {
					"uv": [0, 0, 1, 1],
					"texture": "#0"
				},
				"south": {
					"uv": [0, 0, 8, 1],
					"texture": "#0"
				},
				"west": {
					"uv": [0, 0, 1, 1],
					"texture": "#0"
				},
				"up": {
					"uv": [0, 0, 8, 1],
					"texture": "#0"
				},
				"down": {
					"uv": [0, 0, 8, 1],
					"texture": "#0"
				}
			}
		},
		{
			"from": [9.46939, 3.59184, 9.71429],
			"to": [10.93878, 4.08163, 10.20408],
			"rotation": {
				"angle": 0,
				"axis": "y",
				"origin": [5.55102, -3.26531, 9.22449]
			},
			"faces": {
				"north": {
					"uv": [3, 0, 6, 1],
					"texture": "#0"
				},
				"east": {
					"uv": [3, 0, 4, 1],
					"texture": "#0"
				},
				"south": {
					"uv": [3, 0, 6, 1],
					"texture": "#0"
				},
				"west": {
					"uv": [3, 0, 4, 1],
					"texture": "#0"
				},
				"up": {
					"uv": [3, 0, 6, 1],
					"texture": "#0"
				},
				"down": {
					"uv": [3, 0, 6, 1],
					"texture": "#0"
				}
			}
		},
		{
			"from": [10.44898, 4.08163, 9.71429],
			"to": [11.42857, 4.57143, 10.20408],
			"rotation": {
				"angle": 0,
				"axis": "y",
				"origin": [6.53061, -2.77551, 9.22449]
			},
			"faces": {
				"north": {
					"uv": [2, 0, 4, 1],
					"texture": "#0"
				},
				"east": {
					"uv": [3, 0, 4, 1],
					"texture": "#0"
				},
				"south": {
					"uv": [2, 0, 4, 1],
					"texture": "#0"
				},
				"west": {
					"uv": [3, 0, 4, 1],
					"texture": "#0"
				},
				"up": {
					"uv": [2, 0, 4, 1],
					"texture": "#0"
				},
				"down": {
					"uv": [2, 0, 4, 1],
					"texture": "#0"
				}
			}
		},
		{
			"from": [11.42857, 4.08163, 9.71429],
			"to": [11.91837, 5.55102, 10.20408],
			"rotation": {
				"angle": 0,
				"axis": "y",
				"origin": [7.02041, -2.77551, 9.22449]
			},
			"faces": {
				"north": {
					"uv": [1, 0, 2, 3],
					"texture": "#0"
				},
				"east": {
					"uv": [3, 0, 4, 3],
					"texture": "#0"
				},
				"south": {
					"uv": [1, 0, 2, 3],
					"texture": "#0"
				},
				"west": {
					"uv": [3, 0, 4, 3],
					"texture": "#0"
				},
				"up": {
					"uv": [1, 0, 2, 1],
					"texture": "#0"
				},
				"down": {
					"uv": [1, 0, 2, 1],
					"texture": "#0"
				}
			}
		},
		{
			"from": [11.91837, 5.06122, 9.71429],
			"to": [12.40816, 6.53061, 10.20408],
			"rotation": {
				"angle": 0,
				"axis": "y",
				"origin": [7.5102, -1.79592, 9.22449]
			},
			"faces": {
				"north": {
					"uv": [1, 0, 2, 3],
					"texture": "#0"
				},
				"east": {
					"uv": [3, 0, 4, 3],
					"texture": "#0"
				},
				"south": {
					"uv": [1, 0, 2, 3],
					"texture": "#0"
				},
				"west": {
					"uv": [3, 0, 4, 3],
					"texture": "#0"
				},
				"up": {
					"uv": [1, 0, 2, 1],
					"texture": "#0"
				},
				"down": {
					"uv": [1, 0, 2, 1],
					"texture": "#0"
				}
			}
		},
		{
			"from": [12.40816, 6.04082, 9.71429],
			"to": [12.89796, 9.95918, 10.20408],
			"rotation": {
				"angle": 0,
				"axis": "y",
				"origin": [8, 2.61224, 9.22449]
			},
			"faces": {
				"north": {
					"uv": [1, 0, 2, 8],
					"texture": "#0"
				},
				"east": {
					"uv": [3, 0, 4, 8],
					"texture": "#0"
				},
				"south": {
					"uv": [1, 0, 2, 8],
					"texture": "#0"
				},
				"west": {
					"uv": [3, 0, 4, 8],
					"texture": "#0"
				},
				"up": {
					"uv": [1, 0, 2, 1],
					"texture": "#0"
				},
				"down": {
					"uv": [1, 0, 2, 1],
					"texture": "#0"
				}
			}
		},
		{
			"from": [11.91837, 9.46939, 9.71429],
			"to": [12.40816, 10.93878, 10.20408],
			"rotation": {
				"angle": 0,
				"axis": "y",
				"origin": [7.5102, 2.61224, 9.22449]
			},
			"faces": {
				"north": {
					"uv": [1, 0, 2, 3],
					"texture": "#0"
				},
				"east": {
					"uv": [3, 0, 4, 3],
					"texture": "#0"
				},
				"south": {
					"uv": [1, 0, 2, 3],
					"texture": "#0"
				},
				"west": {
					"uv": [3, 0, 4, 3],
					"texture": "#0"
				},
				"up": {
					"uv": [1, 0, 2, 1],
					"texture": "#0"
				},
				"down": {
					"uv": [1, 0, 2, 1],
					"texture": "#0"
				}
			}
		},
		{
			"from": [11.42857, 10.44898, 9.71429],
			"to": [11.91837, 11.91837, 10.20408],
			"rotation": {
				"angle": 0,
				"axis": "y",
				"origin": [7.02041, 3.59184, 9.22449]
			},
			"faces": {
				"north": {
					"uv": [1, 0, 2, 3],
					"texture": "#0"
				},
				"east": {
					"uv": [3, 0, 4, 3],
					"texture": "#0"
				},
				"south": {
					"uv": [1, 0, 2, 3],
					"texture": "#0"
				},
				"west": {
					"uv": [3, 0, 4, 3],
					"texture": "#0"
				},
				"up": {
					"uv": [1, 0, 2, 1],
					"texture": "#0"
				},
				"down": {
					"uv": [1, 0, 2, 1],
					"texture": "#0"
				}
			}
		},
		{
			"from": [10.44898, 11.42857, 9.71429],
			"to": [11.42857, 11.91837, 10.20408],
			"rotation": {
				"angle": 0,
				"axis": "y",
				"origin": [6.53061, 4.57143, 9.22449]
			},
			"faces": {
				"north": {
					"uv": [2, 0, 4, 1],
					"texture": "#0"
				},
				"east": {
					"uv": [3, 0, 4, 1],
					"texture": "#0"
				},
				"south": {
					"uv": [2, 0, 4, 1],
					"texture": "#0"
				},
				"west": {
					"uv": [3, 0, 4, 1],
					"texture": "#0"
				},
				"up": {
					"uv": [2, 0, 4, 1],
					"texture": "#0"
				},
				"down": {
					"uv": [2, 0, 4, 1],
					"texture": "#0"
				}
			}
		},
		{
			"from": [9.46939, 11.91837, 9.71429],
			"to": [10.93878, 12.40816, 10.20408],
			"rotation": {
				"angle": 0,
				"axis": "y",
				"origin": [5.55102, 5.06122, 9.22449]
			},
			"faces": {
				"north": {
					"uv": [3, 0, 6, 1],
					"texture": "#0"
				},
				"east": {
					"uv": [3, 0, 4, 1],
					"texture": "#0"
				},
				"south": {
					"uv": [3, 0, 6, 1],
					"texture": "#0"
				},
				"west": {
					"uv": [3, 0, 4, 1],
					"texture": "#0"
				},
				"up": {
					"uv": [3, 0, 6, 1],
					"texture": "#0"
				},
				"down": {
					"uv": [3, 0, 6, 1],
					"texture": "#0"
				}
			}
		},
		{
			"from": [6.04082, 12.40816, 9.71429],
			"to": [9.95918, 12.89796, 10.20408],
			"rotation": {
				"angle": 0,
				"axis": "y",
				"origin": [11.42857, 5.55102, 9.22449]
			},
			"faces": {
				"north": {
					"uv": [0, 0, 8, 1],
					"texture": "#0"
				},
				"east": {
					"uv": [0, 0, 1, 1],
					"texture": "#0"
				},
				"south": {
					"uv": [0, 0, 8, 1],
					"texture": "#0"
				},
				"west": {
					"uv": [0, 0, 1, 1],
					"texture": "#0"
				},
				"up": {
					"uv": [0, 0, 8, 1],
					"texture": "#0"
				},
				"down": {
					"uv": [0, 0, 8, 1],
					"texture": "#0"
				}
			}
		},
		{
			"from": [5.06122, 11.91837, 9.71429],
			"to": [6.53061, 12.40816, 10.20408],
			"rotation": {
				"angle": 0,
				"axis": "y",
				"origin": [10.44898, 5.06122, 9.22449]
			},
			"faces": {
				"north": {
					"uv": [0, 0, 3, 1],
					"texture": "#0"
				},
				"east": {
					"uv": [0, 0, 1, 1],
					"texture": "#0"
				},
				"south": {
					"uv": [0, 0, 3, 1],
					"texture": "#0"
				},
				"west": {
					"uv": [0, 0, 1, 1],
					"texture": "#0"
				},
				"up": {
					"uv": [0, 0, 3, 1],
					"texture": "#0"
				},
				"down": {
					"uv": [0, 0, 3, 1],
					"texture": "#0"
				}
			}
		},
		{
			"from": [4.57143, 11.42857, 9.71429],
			"to": [5.55102, 11.91837, 10.20408],
			"rotation": {
				"angle": 0,
				"axis": "y",
				"origin": [9.46939, 4.57143, 9.22449]
			},
			"faces": {
				"north": {
					"uv": [0, 0, 2, 1],
					"texture": "#0"
				},
				"east": {
					"uv": [0, 0, 1, 1],
					"texture": "#0"
				},
				"south": {
					"uv": [0, 0, 2, 1],
					"texture": "#0"
				},
				"west": {
					"uv": [0, 0, 1, 1],
					"texture": "#0"
				},
				"up": {
					"uv": [0, 0, 2, 1],
					"texture": "#0"
				},
				"down": {
					"uv": [0, 0, 2, 1],
					"texture": "#0"
				}
			}
		},
		{
			"from": [4.08163, 10.44898, 9.71429],
			"to": [4.57143, 11.91837, 10.20408],
			"rotation": {
				"angle": 0,
				"axis": "y",
				"origin": [8.97959, 3.59184, 9.22449]
			},
			"faces": {
				"north": {
					"uv": [0, 0, 1, 3],
					"texture": "#0"
				},
				"east": {
					"uv": [0, 0, 1, 3],
					"texture": "#0"
				},
				"south": {
					"uv": [0, 0, 1, 3],
					"texture": "#0"
				},
				"west": {
					"uv": [0, 0, 1, 3],
					"texture": "#0"
				},
				"up": {
					"uv": [0, 0, 1, 1],
					"texture": "#0"
				},
				"down": {
					"uv": [0, 0, 1, 1],
					"texture": "#0"
				}
			}
		},
		{
			"from": [3.59184, 9.46939, 9.71429],
			"to": [4.08163, 10.93878, 10.20408],
			"rotation": {
				"angle": 0,
				"axis": "y",
				"origin": [8.4898, 2.61224, 9.22449]
			},
			"faces": {
				"north": {
					"uv": [0, 0, 1, 3],
					"texture": "#0"
				},
				"east": {
					"uv": [0, 0, 1, 3],
					"texture": "#0"
				},
				"south": {
					"uv": [0, 0, 1, 3],
					"texture": "#0"
				},
				"west": {
					"uv": [0, 0, 1, 3],
					"texture": "#0"
				},
				"up": {
					"uv": [0, 0, 1, 1],
					"texture": "#0"
				},
				"down": {
					"uv": [0, 0, 1, 1],
					"texture": "#0"
				}
			}
		},
		{
			"from": [3.10204, 6.04082, 9.71429],
			"to": [3.59184, 9.95918, 10.20408],
			"rotation": {
				"angle": 0,
				"axis": "y",
				"origin": [8, 2.61224, 9.22449]
			},
			"faces": {
				"north": {
					"uv": [0, 0, 1, 8],
					"texture": "#0"
				},
				"east": {
					"uv": [0, 0, 1, 8],
					"texture": "#0"
				},
				"south": {
					"uv": [0, 0, 1, 8],
					"texture": "#0"
				},
				"west": {
					"uv": [0, 0, 1, 8],
					"texture": "#0"
				},
				"up": {
					"uv": [0, 0, 1, 1],
					"texture": "#0"
				},
				"down": {
					"uv": [0, 0, 1, 1],
					"texture": "#0"
				}
			}
		},
		{
			"from": [4.08163, 4.08163, 9.71429],
			"to": [4.57143, 5.55102, 10.20408],
			"rotation": {
				"angle": 0,
				"axis": "y",
				"origin": [8.97959, -2.77551, 9.22449]
			},
			"faces": {
				"north": {
					"uv": [0, 0, 1, 3],
					"texture": "#0"
				},
				"east": {
					"uv": [0, 0, 1, 3],
					"texture": "#0"
				},
				"south": {
					"uv": [0, 0, 1, 3],
					"texture": "#0"
				},
				"west": {
					"uv": [0, 0, 1, 3],
					"texture": "#0"
				},
				"up": {
					"uv": [0, 0, 1, 1],
					"texture": "#0"
				},
				"down": {
					"uv": [0, 0, 1, 1],
					"texture": "#0"
				}
			}
		},
		{
			"from": [3.59184, 5.06122, 9.71429],
			"to": [4.08163, 6.53061, 10.20408],
			"rotation": {
				"angle": 0,
				"axis": "y",
				"origin": [8.4898, -1.79592, 9.22449]
			},
			"faces": {
				"north": {
					"uv": [0, 0, 1, 3],
					"texture": "#0"
				},
				"east": {
					"uv": [0, 0, 1, 3],
					"texture": "#0"
				},
				"south": {
					"uv": [0, 0, 1, 3],
					"texture": "#0"
				},
				"west": {
					"uv": [0, 0, 1, 3],
					"texture": "#0"
				},
				"up": {
					"uv": [0, 0, 1, 1],
					"texture": "#0"
				},
				"down": {
					"uv": [0, 0, 1, 1],
					"texture": "#0"
				}
			}
		},
		{
			"from": [4.57143, 4.08163, 9.71429],
			"to": [5.55102, 4.57143, 10.20408],
			"rotation": {
				"angle": 0,
				"axis": "y",
				"origin": [9.46939, -2.77551, 9.22449]
			},
			"faces": {
				"north": {
					"uv": [0, 0, 2, 1],
					"texture": "#0"
				},
				"east": {
					"uv": [0, 0, 1, 1],
					"texture": "#0"
				},
				"south": {
					"uv": [0, 0, 2, 1],
					"texture": "#0"
				},
				"west": {
					"uv": [0, 0, 1, 1],
					"texture": "#0"
				},
				"up": {
					"uv": [0, 0, 2, 1],
					"texture": "#0"
				},
				"down": {
					"uv": [0, 0, 2, 1],
					"texture": "#0"
				}
			}
		},
		{
			"from": [5.06122, 3.59184, 9.71429],
			"to": [6.53061, 4.08163, 10.20408],
			"rotation": {
				"angle": 0,
				"axis": "y",
				"origin": [10.44898, -3.26531, 9.22449]
			},
			"faces": {
				"north": {
					"uv": [0, 0, 3, 1],
					"texture": "#0"
				},
				"east": {
					"uv": [0, 0, 1, 1],
					"texture": "#0"
				},
				"south": {
					"uv": [0, 0, 3, 1],
					"texture": "#0"
				},
				"west": {
					"uv": [0, 0, 1, 1],
					"texture": "#0"
				},
				"up": {
					"uv": [0, 0, 3, 1],
					"texture": "#0"
				},
				"down": {
					"uv": [0, 0, 3, 1],
					"texture": "#0"
				}
			}
		},
		{
			"from": [9.46939, 6.53061, 10.93878],
			"to": [12.40816, 9.46939, 11.91837],
			"rotation": {
				"angle": 0,
				"axis": "y",
				"origin": [14.36735, 2.61224, 11.42857]
			},
			"faces": {
				"north": {
					"uv": [0, 0, 6, 6],
					"texture": "#1"
				},
				"east": {
					"uv": [0, 0, 2, 6],
					"texture": "#1"
				},
				"south": {
					"uv": [0, 0, 6, 6],
					"texture": "#1"
				},
				"west": {
					"uv": [0, 0, 2, 6],
					"texture": "#1"
				},
				"up": {
					"uv": [0, 0, 6, 2],
					"texture": "#1"
				},
				"down": {
					"uv": [0, 0, 6, 2],
					"texture": "#1"
				}
			}
		},
		{
			"from": [5.55102, 4.08163, 10.93878],
			"to": [6.53061, 5.55102, 11.91837],
			"rotation": {
				"angle": 0,
				"axis": "y",
				"origin": [8.4898, -0.81633, 11.42857]
			},
			"faces": {
				"north": {
					"uv": [0, 0, 2, 3],
					"texture": "#1"
				},
				"east": {
					"uv": [0, 0, 2, 3],
					"texture": "#1"
				},
				"south": {
					"uv": [0, 0, 2, 3],
					"texture": "#1"
				},
				"west": {
					"uv": [0, 0, 2, 3],
					"texture": "#1"
				},
				"up": {
					"uv": [0, 0, 2, 2],
					"texture": "#1"
				},
				"down": {
					"uv": [0, 0, 2, 2],
					"texture": "#1"
				}
			}
		},
		{
			"from": [4.08163, 5.55102, 10.93878],
			"to": [6.53061, 6.53061, 11.91837],
			"rotation": {
				"angle": 0,
				"axis": "y",
				"origin": [8, -0.32653, 11.42857]
			},
			"faces": {
				"north": {
					"uv": [0, 0, 5, 2],
					"texture": "#1"
				},
				"east": {
					"uv": [0, 0, 2, 2],
					"texture": "#1"
				},
				"south": {
					"uv": [0, 0, 5, 2],
					"texture": "#1"
				},
				"west": {
					"uv": [0, 0, 2, 2],
					"texture": "#1"
				},
				"up": {
					"uv": [0, 0, 5, 2],
					"texture": "#1"
				},
				"down": {
					"uv": [0, 0, 5, 2],
					"texture": "#1"
				}
			}
		},
		{
			"from": [9.46939, 5.55102, 10.93878],
			"to": [11.91837, 6.53061, 11.91837],
			"rotation": {
				"angle": 0,
				"axis": "y",
				"origin": [12.89796, -0.32653, 11.42857]
			},
			"faces": {
				"north": {
					"uv": [0, 0, 5, 2],
					"texture": "#1"
				},
				"east": {
					"uv": [0, 0, 2, 2],
					"texture": "#1"
				},
				"south": {
					"uv": [0, 0, 5, 2],
					"texture": "#1"
				},
				"west": {
					"uv": [0, 0, 2, 2],
					"texture": "#1"
				},
				"up": {
					"uv": [0, 0, 5, 2],
					"texture": "#1"
				},
				"down": {
					"uv": [0, 0, 5, 2],
					"texture": "#1"
				}
			}
		},
		{
			"from": [9.46939, 4.08163, 10.93878],
			"to": [10.44898, 5.55102, 11.91837],
			"rotation": {
				"angle": 0,
				"axis": "y",
				"origin": [12.89796, -0.81633, 11.42857]
			},
			"faces": {
				"north": {
					"uv": [0, 0, 2, 3],
					"texture": "#1"
				},
				"east": {
					"uv": [0, 0, 2, 3],
					"texture": "#1"
				},
				"south": {
					"uv": [0, 0, 2, 3],
					"texture": "#1"
				},
				"west": {
					"uv": [0, 0, 2, 3],
					"texture": "#1"
				},
				"up": {
					"uv": [0, 0, 2, 2],
					"texture": "#1"
				},
				"down": {
					"uv": [0, 0, 2, 2],
					"texture": "#1"
				}
			}
		},
		{
			"from": [10.44898, 4.57143, 10.93878],
			"to": [11.42857, 5.55102, 11.91837],
			"rotation": {
				"angle": 0,
				"axis": "y",
				"origin": [13.87755, -0.81633, 11.42857]
			},
			"faces": {
				"north": {
					"uv": [0, 0, 2, 2],
					"texture": "#1"
				},
				"east": {
					"uv": [0, 0, 2, 2],
					"texture": "#1"
				},
				"south": {
					"uv": [0, 0, 2, 2],
					"texture": "#1"
				},
				"west": {
					"uv": [0, 0, 2, 2],
					"texture": "#1"
				},
				"up": {
					"uv": [0, 0, 2, 2],
					"texture": "#1"
				},
				"down": {
					"uv": [0, 0, 2, 2],
					"texture": "#1"
				}
			}
		},
		{
			"from": [4.57143, 4.57143, 10.93878],
			"to": [5.55102, 5.55102, 11.91837],
			"rotation": {
				"angle": 0,
				"axis": "y",
				"origin": [8, -0.81633, 11.42857]
			},
			"faces": {
				"north": {
					"uv": [0, 0, 2, 2],
					"texture": "#1"
				},
				"east": {
					"uv": [0, 0, 2, 2],
					"texture": "#1"
				},
				"south": {
					"uv": [0, 0, 2, 2],
					"texture": "#1"
				},
				"west": {
					"uv": [0, 0, 2, 2],
					"texture": "#1"
				},
				"up": {
					"uv": [0, 0, 2, 2],
					"texture": "#1"
				},
				"down": {
					"uv": [0, 0, 2, 2],
					"texture": "#1"
				}
			}
		},
		{
			"from": [4.57143, 10.44898, 10.93878],
			"to": [5.55102, 11.42857, 11.91837],
			"rotation": {
				"angle": 0,
				"axis": "y",
				"origin": [8, 5.06122, 11.42857]
			},
			"faces": {
				"north": {
					"uv": [0, 0, 2, 2],
					"texture": "#1"
				},
				"east": {
					"uv": [0, 0, 2, 2],
					"texture": "#1"
				},
				"south": {
					"uv": [0, 0, 2, 2],
					"texture": "#1"
				},
				"west": {
					"uv": [0, 0, 2, 2],
					"texture": "#1"
				},
				"up": {
					"uv": [0, 0, 2, 2],
					"texture": "#1"
				},
				"down": {
					"uv": [0, 0, 2, 2],
					"texture": "#1"
				}
			}
		},
		{
			"from": [5.55102, 10.44898, 10.93878],
			"to": [6.53061, 11.91837, 11.91837],
			"rotation": {
				"angle": 0,
				"axis": "y",
				"origin": [8.4898, 5.55102, 11.42857]
			},
			"faces": {
				"north": {
					"uv": [0, 0, 2, 3],
					"texture": "#1"
				},
				"east": {
					"uv": [0, 0, 2, 3],
					"texture": "#1"
				},
				"south": {
					"uv": [0, 0, 2, 3],
					"texture": "#1"
				},
				"west": {
					"uv": [0, 0, 2, 3],
					"texture": "#1"
				},
				"up": {
					"uv": [0, 0, 2, 2],
					"texture": "#1"
				},
				"down": {
					"uv": [0, 0, 2, 2],
					"texture": "#1"
				}
			}
		},
		{
			"from": [4.08163, 9.46939, 10.93878],
			"to": [6.53061, 10.44898, 11.91837],
			"rotation": {
				"angle": 0,
				"axis": "y",
				"origin": [8, 3.59184, 11.42857]
			},
			"faces": {
				"north": {
					"uv": [0, 0, 5, 2],
					"texture": "#1"
				},
				"east": {
					"uv": [0, 0, 2, 2],
					"texture": "#1"
				},
				"south": {
					"uv": [0, 0, 5, 2],
					"texture": "#1"
				},
				"west": {
					"uv": [0, 0, 2, 2],
					"texture": "#1"
				},
				"up": {
					"uv": [0, 0, 5, 2],
					"texture": "#1"
				},
				"down": {
					"uv": [0, 0, 5, 2],
					"texture": "#1"
				}
			}
		},
		{
			"from": [9.46939, 10.44898, 10.93878],
			"to": [10.44898, 11.91837, 11.91837],
			"rotation": {
				"angle": 0,
				"axis": "y",
				"origin": [12.89796, 5.55102, 11.42857]
			},
			"faces": {
				"north": {
					"uv": [0, 0, 2, 3],
					"texture": "#1"
				},
				"east": {
					"uv": [0, 0, 2, 3],
					"texture": "#1"
				},
				"south": {
					"uv": [0, 0, 2, 3],
					"texture": "#1"
				},
				"west": {
					"uv": [0, 0, 2, 3],
					"texture": "#1"
				},
				"up": {
					"uv": [0, 0, 2, 2],
					"texture": "#1"
				},
				"down": {
					"uv": [0, 0, 2, 2],
					"texture": "#1"
				}
			}
		},
		{
			"from": [10.44898, 10.44898, 10.93878],
			"to": [11.42857, 11.42857, 11.91837],
			"rotation": {
				"angle": 0,
				"axis": "y",
				"origin": [13.87755, 5.06122, 11.42857]
			},
			"faces": {
				"north": {
					"uv": [0, 0, 2, 2],
					"texture": "#1"
				},
				"east": {
					"uv": [0, 0, 2, 2],
					"texture": "#1"
				},
				"south": {
					"uv": [0, 0, 2, 2],
					"texture": "#1"
				},
				"west": {
					"uv": [0, 0, 2, 2],
					"texture": "#1"
				},
				"up": {
					"uv": [0, 0, 2, 2],
					"texture": "#1"
				},
				"down": {
					"uv": [0, 0, 2, 2],
					"texture": "#1"
				}
			}
		},
		{
			"from": [9.46939, 9.46939, 10.93878],
			"to": [11.91837, 10.44898, 11.91837],
			"rotation": {
				"angle": 0,
				"axis": "y",
				"origin": [12.89796, 3.59184, 11.42857]
			},
			"faces": {
				"north": {
					"uv": [0, 0, 5, 2],
					"texture": "#1"
				},
				"east": {
					"uv": [0, 0, 2, 2],
					"texture": "#1"
				},
				"south": {
					"uv": [0, 0, 5, 2],
					"texture": "#1"
				},
				"west": {
					"uv": [0, 0, 2, 2],
					"texture": "#1"
				},
				"up": {
					"uv": [0, 0, 5, 2],
					"texture": "#1"
				},
				"down": {
					"uv": [0, 0, 5, 2],
					"texture": "#1"
				}
			}
		}
	]
}
