{"parent":"item/generated","textures":{"layer0":"minecraft:item/pink_dye"},"overrides":[{"predicate":{"custom_model_data":1},"model":"animated_java:empty"},{"predicate":{"custom_model_data":4654465},"model":"animated_java:item/omegaflowey_flowercontributor/default/bone"},{"predicate":{"custom_model_data":4654466},"model":"animated_java:item/omegaflowey_flowercontributor/adahy/bone"},{"predicate":{"custom_model_data":4654467},"model":"animated_java:item/omegaflowey_flowercontributor/natia/bone"},{"predicate":{"custom_model_data":4654468},"model":"animated_java:item/omegaflowey_flowercontributor/wes/bone"},{"predicate":{"custom_model_data":4654469},"model":"animated_java:item/omegaflowey_summitflowerbed/default/flowers"},{"predicate":{"custom_model_data":4654470},"model":"animated_java:item/omegaflowey_summitpetalpipeleft/default/root"},{"predicate":{"custom_model_data":4654471},"model":"animated_java:item/omegaflowey_summitpetalpiperight/default/root"},{"predicate":{"custom_model_data":4654472},"model":"animated_java:item/omegaflowey_summitpetalpipetop/default/root"},{"predicate":{"custom_model_data":4654473},"model":"animated_java:item/omegaflowey_arena_box/default/root"},{"predicate":{"custom_model_data":4654474},"model":"animated_java:item/omegaflowey_arena_box/intro_flashing_red/root"},{"predicate":{"custom_model_data":4654475},"model":"animated_java:item/omegaflowey_bomb/default/bomb"},{"predicate":{"custom_model_data":4654476},"model":"animated_java:item/omegaflowey_bomb/default/fire"},{"predicate":{"custom_model_data":4654477},"model":"animated_java:item/omegaflowey_bomb/explode/bomb"},{"predicate":{"custom_model_data":4654478},"model":"animated_java:item/omegaflowey_bomb/explode/fire"},{"predicate":{"custom_model_data":4654479},"model":"animated_java:item/omegaflowey_dentata_snake_ball/default/root"},{"predicate":{"custom_model_data":4654480},"model":"animated_java:item/omegaflowey_dentata_snake_ball/default/spikes"},{"predicate":{"custom_model_data":4654481},"model":"animated_java:item/omegaflowey_dentata_snake_ball/default/mouth"},{"predicate":{"custom_model_data":4654482},"model":"animated_java:item/omegaflowey_dentata_snake_ball/default/lower"},{"predicate":{"custom_model_data":4654483},"model":"animated_java:item/omegaflowey_dentata_snake_ball/default/upper"},{"predicate":{"custom_model_data":4654484},"model":"animated_java:item/omegaflowey_dentata_snake_ball/tail/spikes"},{"predicate":{"custom_model_data":4654485},"model":"animated_java:item/omegaflowey_dentata_snake_ball/tail/root"},{"predicate":{"custom_model_data":4654486},"model":"animated_java:item/omegaflowey_dentata_snake_ball/tail/lower"},{"predicate":{"custom_model_data":4654487},"model":"animated_java:item/omegaflowey_dentata_snake_ball/tail/upper"},{"predicate":{"custom_model_data":4654488},"model":"animated_java:item/omegaflowey_dentata_snake_ball/tail/mouth"},{"predicate":{"custom_model_data":4654489},"model":"animated_java:item/omegaflowey_finger_gun_bullet/default/hack"},{"predicate":{"custom_model_data":4654490},"model":"animated_java:item/omegaflowey_finger_gun_laser/default/root"},{"predicate":{"custom_model_data":4654491},"model":"animated_java:item/omegaflowey_finger_gun/default/bone"},{"predicate":{"custom_model_data":4654492},"model":"animated_java:item/omegaflowey_finger_gun/default/bone1"},{"predicate":{"custom_model_data":4654493},"model":"animated_java:item/omegaflowey_finger_gun/default/bone2"},{"predicate":{"custom_model_data":4654494},"model":"animated_java:item/omegaflowey_finger_gun/default/bone3"},{"predicate":{"custom_model_data":4654495},"model":"animated_java:item/omegaflowey_finger_gun/default/bone4"},{"predicate":{"custom_model_data":4654496},"model":"animated_java:item/omegaflowey_finger_gun/default/bone5"},{"predicate":{"custom_model_data":4654497},"model":"animated_java:item/omegaflowey_finger_gun/default/bone6"},{"predicate":{"custom_model_data":4654498},"model":"animated_java:item/omegaflowey_finger_gun/default/bone7"},{"predicate":{"custom_model_data":4654499},"model":"animated_java:item/omegaflowey_finger_gun/default/hand"},{"predicate":{"custom_model_data":4654500},"model":"animated_java:item/omegaflowey_finger_gun/default/flame"},{"predicate":{"custom_model_data":4654501},"model":"animated_java:item/omegaflowey_finger_gun/cocked/bone"},{"predicate":{"custom_model_data":4654502},"model":"animated_java:item/omegaflowey_finger_gun/cocked/bone1"},{"predicate":{"custom_model_data":4654503},"model":"animated_java:item/omegaflowey_finger_gun/cocked/bone2"},{"predicate":{"custom_model_data":4654504},"model":"animated_java:item/omegaflowey_finger_gun/cocked/bone3"},{"predicate":{"custom_model_data":4654505},"model":"animated_java:item/omegaflowey_finger_gun/cocked/bone4"},{"predicate":{"custom_model_data":4654506},"model":"animated_java:item/omegaflowey_finger_gun/cocked/bone5"},{"predicate":{"custom_model_data":4654507},"model":"animated_java:item/omegaflowey_finger_gun/cocked/bone6"},{"predicate":{"custom_model_data":4654508},"model":"animated_java:item/omegaflowey_finger_gun/cocked/bone7"},{"predicate":{"custom_model_data":4654509},"model":"animated_java:item/omegaflowey_finger_gun/cocked/hand"},{"predicate":{"custom_model_data":4654510},"model":"animated_java:item/omegaflowey_finger_gun/cocked/flame"},{"predicate":{"custom_model_data":4654511},"model":"animated_java:item/omegaflowey_friendliness_pellet_ring/default/root"},{"predicate":{"custom_model_data":4654512},"model":"animated_java:item/omegaflowey_friendliness_pellet_ring/finished_blinking/root"},{"predicate":{"custom_model_data":4654513},"model":"animated_java:item/omegaflowey_friendliness_pellet/default/root"},{"predicate":{"custom_model_data":4654514},"model":"animated_java:item/omegaflowey_homing_vine_blinking_lane/default/root"},{"predicate":{"custom_model_data":4654515},"model":"animated_java:item/omegaflowey_homing_vine/default/hand"},{"predicate":{"custom_model_data":4654516},"model":"animated_java:item/omegaflowey_homing_vine/default/vine"},{"predicate":{"custom_model_data":4654519},"model":"animated_java:item/omegaflowey_projectile_star/default/root"},{"predicate":{"custom_model_data":4654522},"model":"animated_java:item/omegaflowey_large_side_vine/default/root"},{"predicate":{"custom_model_data":4654523},"model":"animated_java:item/omegaflowey_large_side_vine/black/root"},{"predicate":{"custom_model_data":4654524},"model":"animated_java:item/omegaflowey_lower_eye/default/sclera"},{"predicate":{"custom_model_data":4654525},"model":"animated_java:item/omegaflowey_lower_eye/default/lid"},{"predicate":{"custom_model_data":4654526},"model":"animated_java:item/omegaflowey_lower_eye/default/iris"},{"predicate":{"custom_model_data":4654527},"model":"animated_java:item/omegaflowey_lower_eye/default/pupil"},{"predicate":{"custom_model_data":4654528},"model":"animated_java:item/omegaflowey_lower_eye/default/outer_lid"},{"predicate":{"custom_model_data":4654529},"model":"animated_java:item/omegaflowey_lower_eye/bright/sclera"},{"predicate":{"custom_model_data":4654530},"model":"animated_java:item/omegaflowey_lower_eye/bright/lid"},{"predicate":{"custom_model_data":4654531},"model":"animated_java:item/omegaflowey_lower_eye/bright/pupil"},{"predicate":{"custom_model_data":4654532},"model":"animated_java:item/omegaflowey_lower_eye/bright/iris"},{"predicate":{"custom_model_data":4654533},"model":"animated_java:item/omegaflowey_lower_eye/bright/outer_lid"},{"predicate":{"custom_model_data":4654534},"model":"animated_java:item/omegaflowey_lower_eye/colorful/sclera"},{"predicate":{"custom_model_data":4654535},"model":"animated_java:item/omegaflowey_lower_eye/colorful/lid"},{"predicate":{"custom_model_data":4654536},"model":"animated_java:item/omegaflowey_lower_eye/colorful/pupil"},{"predicate":{"custom_model_data":4654537},"model":"animated_java:item/omegaflowey_lower_eye/colorful/iris"},{"predicate":{"custom_model_data":4654538},"model":"animated_java:item/omegaflowey_lower_eye/colorful/outer_lid"},{"predicate":{"custom_model_data":4654539},"model":"animated_java:item/omegaflowey_lower_eye/dark/sclera"},{"predicate":{"custom_model_data":4654540},"model":"animated_java:item/omegaflowey_lower_eye/dark/lid"},{"predicate":{"custom_model_data":4654541},"model":"animated_java:item/omegaflowey_lower_eye/dark/pupil"},{"predicate":{"custom_model_data":4654542},"model":"animated_java:item/omegaflowey_lower_eye/dark/iris"},{"predicate":{"custom_model_data":4654543},"model":"animated_java:item/omegaflowey_lower_eye/dark/outer_lid"},{"predicate":{"custom_model_data":4654544},"model":"animated_java:item/omegaflowey_lower_eye/black/sclera"},{"predicate":{"custom_model_data":4654545},"model":"animated_java:item/omegaflowey_lower_eye/black/lid"},{"predicate":{"custom_model_data":4654546},"model":"animated_java:item/omegaflowey_lower_eye/black/pupil"},{"predicate":{"custom_model_data":4654547},"model":"animated_java:item/omegaflowey_lower_eye/black/iris"},{"predicate":{"custom_model_data":4654548},"model":"animated_java:item/omegaflowey_lower_eye/black/outer_lid"},{"predicate":{"custom_model_data":4654549},"model":"animated_java:item/omegaflowey_mouth/default/left_in_out_animator"},{"predicate":{"custom_model_data":4654550},"model":"animated_java:item/omegaflowey_mouth/default/right_in_out_animator"},{"predicate":{"custom_model_data":4654551},"model":"animated_java:item/omegaflowey_mouth/black/left_in_out_animator"},{"predicate":{"custom_model_data":4654552},"model":"animated_java:item/omegaflowey_mouth/black/right_in_out_animator"},{"predicate":{"custom_model_data":4654553},"model":"animated_java:item/omegaflowey_nose/default/left"},{"predicate":{"custom_model_data":4654554},"model":"animated_java:item/omegaflowey_nose/default/right"},{"predicate":{"custom_model_data":4654555},"model":"animated_java:item/omegaflowey_nose/default/base"},{"predicate":{"custom_model_data":4654556},"model":"animated_java:item/omegaflowey_nose/black/left"},{"predicate":{"custom_model_data":4654557},"model":"animated_java:item/omegaflowey_nose/black/right"},{"predicate":{"custom_model_data":4654558},"model":"animated_java:item/omegaflowey_nose/black/base"},{"predicate":{"custom_model_data":4654559},"model":"animated_java:item/omegaflowey_petal_pipe_circle_simplified/default/root"},{"predicate":{"custom_model_data":4654560},"model":"animated_java:item/omegaflowey_petal_pipe_circle_simplified/disabled/root"},{"predicate":{"custom_model_data":4654561},"model":"animated_java:item/omegaflowey_petal_pipe_circle_simplified/soul_0/root"},{"predicate":{"custom_model_data":4654562},"model":"animated_java:item/omegaflowey_petal_pipe_circle_simplified/soul_1/root"},{"predicate":{"custom_model_data":4654563},"model":"animated_java:item/omegaflowey_petal_pipe_circle_simplified/soul_4/root"},{"predicate":{"custom_model_data":4654564},"model":"animated_java:item/omegaflowey_petal_pipe_circle_simplified/soul_5/root"},{"predicate":{"custom_model_data":4654565},"model":"animated_java:item/omegaflowey_petal_pipe_circle_simplified/black/root"},{"predicate":{"custom_model_data":4654790},"model":"animated_java:item/omegaflowey_petal_pipe_middle_simplified/default/root"},{"predicate":{"custom_model_data":4654791},"model":"animated_java:item/omegaflowey_petal_pipe_middle_simplified/disabled/root"},{"predicate":{"custom_model_data":4654792},"model":"animated_java:item/omegaflowey_petal_pipe_middle_simplified/soul_2/root"},{"predicate":{"custom_model_data":4654793},"model":"animated_java:item/omegaflowey_petal_pipe_middle_simplified/soul_3/root"},{"predicate":{"custom_model_data":4654794},"model":"animated_java:item/omegaflowey_petal_pipe_middle_simplified/black/root"},{"predicate":{"custom_model_data":4655010},"model":"animated_java:item/omegaflowey_tv_screen/default/box"},{"predicate":{"custom_model_data":4655011},"model":"animated_java:item/omegaflowey_tv_screen/default/screen"},{"predicate":{"custom_model_data":4655012},"model":"animated_java:item/omegaflowey_tv_screen/static/box"},{"predicate":{"custom_model_data":4655013},"model":"animated_java:item/omegaflowey_tv_screen/static/screen"},{"predicate":{"custom_model_data":4655014},"model":"animated_java:item/omegaflowey_tv_screen/warning/box"},{"predicate":{"custom_model_data":4655015},"model":"animated_java:item/omegaflowey_tv_screen/warning/screen"},{"predicate":{"custom_model_data":4655016},"model":"animated_java:item/omegaflowey_tv_screen/smiling/box"},{"predicate":{"custom_model_data":4655017},"model":"animated_java:item/omegaflowey_tv_screen/smiling/screen"},{"predicate":{"custom_model_data":4655018},"model":"animated_java:item/omegaflowey_tv_screen/smiling_noglow/box"},{"predicate":{"custom_model_data":4655019},"model":"animated_java:item/omegaflowey_tv_screen/smiling_noglow/screen"},{"predicate":{"custom_model_data":4655020},"model":"animated_java:item/omegaflowey_tv_screen/soul_idle/box"},{"predicate":{"custom_model_data":4655021},"model":"animated_java:item/omegaflowey_tv_screen/soul_idle/screen"},{"predicate":{"custom_model_data":4655022},"model":"animated_java:item/omegaflowey_tv_screen/soul_break/box"},{"predicate":{"custom_model_data":4655023},"model":"animated_java:item/omegaflowey_tv_screen/soul_break/screen"},{"predicate":{"custom_model_data":4655024},"model":"animated_java:item/omegaflowey_tv_screen/soul_shatter_0/box"},{"predicate":{"custom_model_data":4655025},"model":"animated_java:item/omegaflowey_tv_screen/soul_shatter_0/screen"},{"predicate":{"custom_model_data":4655026},"model":"animated_java:item/omegaflowey_tv_screen/soul_shatter_1/box"},{"predicate":{"custom_model_data":4655027},"model":"animated_java:item/omegaflowey_tv_screen/soul_shatter_1/screen"},{"predicate":{"custom_model_data":4655028},"model":"animated_java:item/omegaflowey_tv_screen/soul_shatter_2/box"},{"predicate":{"custom_model_data":4655029},"model":"animated_java:item/omegaflowey_tv_screen/soul_shatter_2/screen"},{"predicate":{"custom_model_data":4655030},"model":"animated_java:item/omegaflowey_tv_screen/soul_shatter_3/box"},{"predicate":{"custom_model_data":4655031},"model":"animated_java:item/omegaflowey_tv_screen/soul_shatter_3/screen"},{"predicate":{"custom_model_data":4655032},"model":"animated_java:item/omegaflowey_tv_screen/soul_shatter_4/box"},{"predicate":{"custom_model_data":4655033},"model":"animated_java:item/omegaflowey_tv_screen/soul_shatter_4/screen"},{"predicate":{"custom_model_data":4655034},"model":"animated_java:item/omegaflowey_tv_screen/soul_shatter_5/box"},{"predicate":{"custom_model_data":4655035},"model":"animated_java:item/omegaflowey_tv_screen/soul_shatter_5/screen"},{"predicate":{"custom_model_data":4655036},"model":"animated_java:item/omegaflowey_tv_screen/soul_shatter_6/box"},{"predicate":{"custom_model_data":4655037},"model":"animated_java:item/omegaflowey_tv_screen/soul_shatter_6/screen"},{"predicate":{"custom_model_data":4655038},"model":"animated_java:item/omegaflowey_tv_screen/soul_shatter_7/box"},{"predicate":{"custom_model_data":4655039},"model":"animated_java:item/omegaflowey_tv_screen/soul_shatter_7/screen"},{"predicate":{"custom_model_data":4655040},"model":"animated_java:item/omegaflowey_tv_screen/soul_shatter_8/box"},{"predicate":{"custom_model_data":4655041},"model":"animated_java:item/omegaflowey_tv_screen/soul_shatter_8/screen"},{"predicate":{"custom_model_data":4655042},"model":"animated_java:item/omegaflowey_tv_screen/soul_shatter_9/box"},{"predicate":{"custom_model_data":4655043},"model":"animated_java:item/omegaflowey_tv_screen/soul_shatter_9/screen"},{"predicate":{"custom_model_data":4655044},"model":"animated_java:item/omegaflowey_tv_screen/soul_shatter_10/box"},{"predicate":{"custom_model_data":4655045},"model":"animated_java:item/omegaflowey_tv_screen/soul_shatter_10/screen"},{"predicate":{"custom_model_data":4655046},"model":"animated_java:item/omegaflowey_tv_screen/black/box"},{"predicate":{"custom_model_data":4655047},"model":"animated_java:item/omegaflowey_tv_screen/black/screen"},{"predicate":{"custom_model_data":4655048},"model":"animated_java:item/omegaflowey_tv_screen/intro_laughing/box"},{"predicate":{"custom_model_data":4655049},"model":"animated_java:item/omegaflowey_tv_screen/intro_laughing/screen"},{"predicate":{"custom_model_data":4655050},"model":"animated_java:item/omegaflowey_tv_screen/static_noglow/box"},{"predicate":{"custom_model_data":4655051},"model":"animated_java:item/omegaflowey_tv_screen/static_noglow/screen"},{"predicate":{"custom_model_data":4655052},"model":"animated_java:item/omegaflowey_tv_screen/smiling_wide/box"},{"predicate":{"custom_model_data":4655053},"model":"animated_java:item/omegaflowey_tv_screen/smiling_wide/screen"},{"predicate":{"custom_model_data":4655054},"model":"animated_java:item/omegaflowey_tv_screen/reveal_1/box"},{"predicate":{"custom_model_data":4655055},"model":"animated_java:item/omegaflowey_tv_screen/reveal_1/screen"},{"predicate":{"custom_model_data":4655056},"model":"animated_java:item/omegaflowey_tv_screen/reveal_2/box"},{"predicate":{"custom_model_data":4655057},"model":"animated_java:item/omegaflowey_tv_screen/reveal_2/screen"},{"predicate":{"custom_model_data":4655058},"model":"animated_java:item/omegaflowey_tv_screen/reveal_3/box"},{"predicate":{"custom_model_data":4655059},"model":"animated_java:item/omegaflowey_tv_screen/reveal_3/screen"},{"predicate":{"custom_model_data":4655060},"model":"animated_java:item/omegaflowey_tv_screen/reveal_4/box"},{"predicate":{"custom_model_data":4655061},"model":"animated_java:item/omegaflowey_tv_screen/reveal_4/screen"},{"predicate":{"custom_model_data":4655062},"model":"animated_java:item/omegaflowey_tv_screen/reveal_5/box"},{"predicate":{"custom_model_data":4655063},"model":"animated_java:item/omegaflowey_tv_screen/reveal_5/screen"},{"predicate":{"custom_model_data":4655064},"model":"animated_java:item/omegaflowey_tv_screen/reveal_6/box"},{"predicate":{"custom_model_data":4655065},"model":"animated_java:item/omegaflowey_tv_screen/reveal_6/screen"},{"predicate":{"custom_model_data":4655066},"model":"animated_java:item/omegaflowey_tv_screen/reveal_7/box"},{"predicate":{"custom_model_data":4655067},"model":"animated_java:item/omegaflowey_tv_screen/reveal_7/screen"},{"predicate":{"custom_model_data":4655068},"model":"animated_java:item/omegaflowey_tv_screen/reveal_8/box"},{"predicate":{"custom_model_data":4655069},"model":"animated_java:item/omegaflowey_tv_screen/reveal_8/screen"},{"predicate":{"custom_model_data":4655070},"model":"animated_java:item/omegaflowey_tv_screen/reveal_9/box"},{"predicate":{"custom_model_data":4655071},"model":"animated_java:item/omegaflowey_tv_screen/reveal_9/screen"},{"predicate":{"custom_model_data":4655072},"model":"animated_java:item/omegaflowey_tv_screen/reveal_10/box"},{"predicate":{"custom_model_data":4655073},"model":"animated_java:item/omegaflowey_tv_screen/reveal_10/screen"},{"predicate":{"custom_model_data":4655074},"model":"animated_java:item/omegaflowey_tv_screen/reveal_11/box"},{"predicate":{"custom_model_data":4655075},"model":"animated_java:item/omegaflowey_tv_screen/reveal_11/screen"},{"predicate":{"custom_model_data":4655076},"model":"animated_java:item/omegaflowey_tv_screen/thumbs_up/box"},{"predicate":{"custom_model_data":4655077},"model":"animated_java:item/omegaflowey_tv_screen/thumbs_up/screen"},{"predicate":{"custom_model_data":4655078},"model":"animated_java:item/omegaflowey_upper_eye/default/root"},{"predicate":{"custom_model_data":4655079},"model":"animated_java:item/omegaflowey_upper_eye/default/sclera"},{"predicate":{"custom_model_data":4655080},"model":"animated_java:item/omegaflowey_upper_eye/default/iris"},{"predicate":{"custom_model_data":4655081},"model":"animated_java:item/omegaflowey_upper_eye/default/pupil"},{"predicate":{"custom_model_data":4655082},"model":"animated_java:item/omegaflowey_upper_eye/bright/sclera"},{"predicate":{"custom_model_data":4655083},"model":"animated_java:item/omegaflowey_upper_eye/bright/pupil"},{"predicate":{"custom_model_data":4655084},"model":"animated_java:item/omegaflowey_upper_eye/bright/iris"},{"predicate":{"custom_model_data":4655085},"model":"animated_java:item/omegaflowey_upper_eye/bright/root"},{"predicate":{"custom_model_data":4655086},"model":"animated_java:item/omegaflowey_upper_eye/colorful/sclera"},{"predicate":{"custom_model_data":4655087},"model":"animated_java:item/omegaflowey_upper_eye/colorful/pupil"},{"predicate":{"custom_model_data":4655088},"model":"animated_java:item/omegaflowey_upper_eye/colorful/iris"},{"predicate":{"custom_model_data":4655089},"model":"animated_java:item/omegaflowey_upper_eye/colorful/root"},{"predicate":{"custom_model_data":4655090},"model":"animated_java:item/omegaflowey_upper_eye/dark/sclera"},{"predicate":{"custom_model_data":4655091},"model":"animated_java:item/omegaflowey_upper_eye/dark/pupil"},{"predicate":{"custom_model_data":4655092},"model":"animated_java:item/omegaflowey_upper_eye/dark/iris"},{"predicate":{"custom_model_data":4655093},"model":"animated_java:item/omegaflowey_upper_eye/dark/root"},{"predicate":{"custom_model_data":4655094},"model":"animated_java:item/omegaflowey_upper_eye/black/sclera"},{"predicate":{"custom_model_data":4655095},"model":"animated_java:item/omegaflowey_upper_eye/black/pupil"},{"predicate":{"custom_model_data":4655096},"model":"animated_java:item/omegaflowey_upper_eye/black/iris"},{"predicate":{"custom_model_data":4655097},"model":"animated_java:item/omegaflowey_upper_eye/black/root"},{"predicate":{"custom_model_data":4655098},"model":"animated_java:item/omegaflowey_act_button/default/root"},{"predicate":{"custom_model_data":4655099},"model":"animated_java:item/omegaflowey_act_button/selected/root"},{"predicate":{"custom_model_data":4655102},"model":"animated_java:item/omegaflowey_soul_5_bullet/default/root"},{"predicate":{"custom_model_data":4655103},"model":"animated_java:item/omegaflowey_soul_5_crosshair/default/root"},{"predicate":{"custom_model_data":4655104},"model":"animated_java:item/omegaflowey_soul_5_crosshair/default/heart"},{"predicate":{"custom_model_data":4655105},"model":"animated_java:item/omegaflowey_soul_5_crosshair/heart/heart"},{"predicate":{"custom_model_data":4655106},"model":"animated_java:item/omegaflowey_soul_5_crosshair/heart/root"},{"predicate":{"custom_model_data":4655107},"model":"animated_java:item/omegaflowey_soul_5_flower/default/root"},{"predicate":{"custom_model_data":4655108},"model":"animated_java:item/omegaflowey_soul_5_gun/default/root"},{"predicate":{"custom_model_data":4655109},"model":"animated_java:item/omegaflowey_soul/default/root"},{"predicate":{"custom_model_data":4655110},"model":"animated_java:item/omegaflowey_soul/0/root"},{"predicate":{"custom_model_data":4655111},"model":"animated_java:item/omegaflowey_soul/1/root"},{"predicate":{"custom_model_data":4655112},"model":"animated_java:item/omegaflowey_soul/2/root"},{"predicate":{"custom_model_data":4655113},"model":"animated_java:item/omegaflowey_soul/3/root"},{"predicate":{"custom_model_data":4655114},"model":"animated_java:item/omegaflowey_soul/4/root"},{"predicate":{"custom_model_data":4655115},"model":"animated_java:item/omegaflowey_soul/5/root"}]}
