{"textures":{"3":"omega-flowey:custom/black","10":"minecraft:block/granite"},"display":{"head":{"rotation":[0,180,0]}},"elements":[{"from":[8.9317,8.9317,5.47232],"to":[10.79511,16.38533,9.50971],"rotation":{"angle":0,"axis":"y","origin":[9.86341,9.86341,7.95687]},"faces":{"north":{"uv":[8,9,7,10],"rotation":90,"texture":"#10"},"east":{"uv":[8,9,7,10],"rotation":90,"texture":"#10"},"south":{"uv":[8,9,7,10],"rotation":90,"texture":"#10"},"west":{"uv":[8,9,7,10],"rotation":90,"texture":"#10"},"up":{"uv":[8,9,7,10],"rotation":90,"texture":"#10"},"down":{"uv":[8,9,7,10],"rotation":90,"texture":"#10"}}},{"from":[8,3.34148,5.47232],"to":[9.34579,8.9317,9.50971],"rotation":{"angle":0,"axis":"y","origin":[9.86341,9.86341,7.95687]},"faces":{"north":{"uv":[8,9,7,10],"rotation":90,"texture":"#10"},"east":{"uv":[8,9,7,10],"rotation":90,"texture":"#10"},"south":{"uv":[8,9,7,10],"rotation":90,"texture":"#10"},"west":{"uv":[8,9,7,10],"rotation":90,"texture":"#10"},"up":{"uv":[8,9,7,10],"rotation":90,"texture":"#10"},"down":{"uv":[8,9,7,10],"rotation":90,"texture":"#10"}}},{"from":[6.13659,1.37455,5.47232],"to":[8,3.34148,9.50971],"rotation":{"angle":0,"axis":"y","origin":[9.86341,9.86341,7.95687]},"faces":{"north":{"uv":[8,9,7,10],"rotation":90,"texture":"#10"},"east":{"uv":[8,9,7,10],"rotation":90,"texture":"#10"},"south":{"uv":[8,9,7,10],"rotation":90,"texture":"#10"},"west":{"uv":[8,9,7,10],"rotation":90,"texture":"#10"},"up":{"uv":[8,9,7,10],"rotation":90,"texture":"#10"},"down":{"uv":[8,9,7,10],"rotation":90,"texture":"#10"}}},{"from":[4.23868,0.27031,5.47232],"to":[6.13659,1.37455,9.50971],"rotation":{"angle":0,"axis":"y","origin":[9.86341,9.86341,7.95687]},"faces":{"north":{"uv":[8,9,7,10],"rotation":90,"texture":"#10"},"east":{"uv":[8,9,7,10],"rotation":90,"texture":"#10"},"south":{"uv":[8,9,7,10],"rotation":90,"texture":"#10"},"west":{"uv":[8,9,7,10],"rotation":90,"texture":"#10"},"up":{"uv":[8,9,7,10],"rotation":90,"texture":"#10"},"down":{"uv":[8,9,7,10],"rotation":90,"texture":"#10"}}},{"from":[8,16.38533,5.47232],"to":[9.86341,20.11215,9.50971],"rotation":{"angle":0,"axis":"y","origin":[9.86341,9.86341,7.95687]},"faces":{"north":{"uv":[8,9,7,10],"rotation":90,"texture":"#10"},"east":{"uv":[8,9,7,10],"rotation":90,"texture":"#10"},"south":{"uv":[8,9,7,10],"rotation":90,"texture":"#10"},"west":{"uv":[8,9,7,10],"rotation":90,"texture":"#10"},"up":{"uv":[8,9,7,10],"rotation":90,"texture":"#10"},"down":{"uv":[8,9,7,10],"rotation":90,"texture":"#10"}}},{"from":[4.27318,20.11215,5.47232],"to":[8,21.68052,9.50971],"rotation":{"angle":0,"axis":"y","origin":[9.86341,9.86341,7.95687]},"faces":{"north":{"uv":[8,9,7,10],"rotation":90,"texture":"#10"},"east":{"uv":[8,9,7,10],"rotation":90,"texture":"#10"},"south":{"uv":[8,9,7,10],"rotation":90,"texture":"#10"},"west":{"uv":[8,9,7,10],"rotation":90,"texture":"#10"},"up":{"uv":[8,9,7,10],"rotation":90,"texture":"#10"},"down":{"uv":[8,9,7,10],"rotation":90,"texture":"#10"}}},{"from":[-3.18045,21.06111,5.47232],"to":[4.27318,22.30338,9.50971],"rotation":{"angle":0,"axis":"y","origin":[9.86341,9.86341,7.95687]},"faces":{"north":{"uv":[8,9,7,10],"rotation":90,"texture":"#10"},"east":{"uv":[8,9,7,10],"rotation":90,"texture":"#10"},"south":{"uv":[8,9,7,10],"rotation":90,"texture":"#10"},"west":{"uv":[8,9,7,10],"rotation":90,"texture":"#10"},"up":{"uv":[8,9,7,10],"rotation":90,"texture":"#10"},"down":{"uv":[8,9,7,10],"rotation":90,"texture":"#10"}}},{"from":[-4.11215,16.38533,5.47232],"to":[-3.18045,21.66499,9.50971],"rotation":{"angle":0,"axis":"y","origin":[9.86341,9.86341,7.95687]},"faces":{"north":{"uv":[8,9,7,10],"rotation":90,"texture":"#10"},"east":{"uv":[8,9,7,10],"rotation":90,"texture":"#10"},"south":{"uv":[8,9,7,10],"rotation":90,"texture":"#10"},"west":{"uv":[8,9,7,10],"rotation":90,"texture":"#10"},"up":{"uv":[8,9,7,10],"rotation":90,"texture":"#10"},"down":{"uv":[8,9,7,10],"rotation":90,"texture":"#10"}}},{"from":[-5.04385,8.86269,5.47232],"to":[-4.11215,16.38533,9.50971],"rotation":{"angle":0,"axis":"y","origin":[9.86341,9.86341,7.95687]},"faces":{"north":{"uv":[8,9,7,10],"rotation":90,"texture":"#10"},"east":{"uv":[8,9,7,10],"rotation":90,"texture":"#10"},"south":{"uv":[8,9,7,10],"rotation":90,"texture":"#10"},"west":{"uv":[8,9,7,10],"rotation":90,"texture":"#10"},"up":{"uv":[8,9,7,10],"rotation":90,"texture":"#10"},"down":{"uv":[8,9,7,10],"rotation":90,"texture":"#10"}}},{"from":[-4.11215,3.27247,5.47232],"to":[-3.18045,8.86269,9.50971],"rotation":{"angle":0,"axis":"y","origin":[9.86341,9.86341,7.95687]},"faces":{"north":{"uv":[8,9,7,10],"rotation":90,"texture":"#10"},"east":{"uv":[8,9,7,10],"rotation":90,"texture":"#10"},"south":{"uv":[8,9,7,10],"rotation":90,"texture":"#10"},"west":{"uv":[8,9,7,10],"rotation":90,"texture":"#10"},"up":{"uv":[8,9,7,10],"rotation":90,"texture":"#10"},"down":{"uv":[8,9,7,10],"rotation":90,"texture":"#10"}}},{"from":[-3.18045,0.85694,5.47232],"to":[-1.8174,3.27247,9.50971],"rotation":{"angle":0,"axis":"y","origin":[9.86341,9.86341,7.95687]},"faces":{"north":{"uv":[8,9,7,10],"rotation":90,"texture":"#10"},"east":{"uv":[8,9,7,10],"rotation":90,"texture":"#10"},"south":{"uv":[8,9,7,10],"rotation":90,"texture":"#10"},"west":{"uv":[8,9,7,10],"rotation":90,"texture":"#10"},"up":{"uv":[8,9,7,10],"rotation":90,"texture":"#10"},"down":{"uv":[8,9,7,10],"rotation":90,"texture":"#10"}}},{"from":[0.44285,-0.48886,5.47232],"to":[4.23868,0.85694,9.50971],"rotation":{"angle":0,"axis":"y","origin":[9.86341,9.86341,7.95687]},"faces":{"north":{"uv":[8,9,7,10],"rotation":90,"texture":"#10"},"east":{"uv":[8,9,7,10],"rotation":90,"texture":"#10"},"south":{"uv":[8,9,7,10],"rotation":90,"texture":"#10"},"west":{"uv":[8,9,7,10],"rotation":90,"texture":"#10"},"up":{"uv":[8,9,7,10],"rotation":90,"texture":"#10"},"down":{"uv":[8,9,7,10],"rotation":90,"texture":"#10"}}},{"from":[-2.49029,-1.69662,5.47232],"to":[0.44285,0.85694,9.50971],"rotation":{"angle":0,"axis":"y","origin":[9.86341,9.86341,7.95687]},"faces":{"north":{"uv":[8,9,7,10],"rotation":90,"texture":"#10"},"east":{"uv":[8,9,7,10],"rotation":90,"texture":"#10"},"south":{"uv":[8,9,7,10],"rotation":90,"texture":"#10"},"west":{"uv":[8,9,7,10],"rotation":90,"texture":"#10"},"up":{"uv":[8,9,7,10],"rotation":90,"texture":"#10"},"down":{"uv":[8,9,7,10],"rotation":90,"texture":"#10"}}},{"from":[-4.11215,8.86269,7.33573],"to":[-3.18045,16.38533,7.6463],"rotation":{"angle":0,"axis":"y","origin":[4.27318,0.70165,7.72394]},"faces":{"north":{"uv":[8,1,1,3],"rotation":90,"texture":"#3"},"east":{"uv":[8,1,1,3],"rotation":270,"texture":"#3"},"south":{"uv":[8,1,1,3],"rotation":270,"texture":"#3"},"west":{"uv":[8,1,1,3],"rotation":270,"texture":"#3"},"up":{"uv":[8,1,1,3],"rotation":270,"texture":"#3"},"down":{"uv":[8,1,1,3],"rotation":270,"texture":"#3"}}},{"from":[-1.80403,0.79655,7.33573],"to":[6.11934,3.27247,7.6463],"rotation":{"angle":0,"axis":"y","origin":[4.27318,0.70165,7.72394]},"faces":{"north":{"uv":[8,1,1,3],"rotation":270,"texture":"#3"},"east":{"uv":[8,1,1,3],"rotation":270,"texture":"#3"},"south":{"uv":[8,1,1,3],"rotation":270,"texture":"#3"},"west":{"uv":[8,1,1,3],"rotation":270,"texture":"#3"},"up":{"uv":[8,1,1,3],"rotation":270,"texture":"#3"},"down":{"uv":[8,1,1,3],"rotation":270,"texture":"#3"}}},{"from":[8.33257,8.94033,7.33573],"to":[10.77786,16.35945,7.6463],"rotation":{"angle":0,"axis":"y","origin":[4.27318,0.70165,7.72394]},"faces":{"north":{"uv":[8,1,1,3],"rotation":90,"texture":"#3"},"east":{"uv":[8,1,1,3],"rotation":270,"texture":"#3"},"south":{"uv":[1.9275,0,16,16],"rotation":270,"texture":"#3"},"west":{"uv":[8,1,1,3],"rotation":270,"texture":"#3"},"up":{"uv":[8,1,1,3],"rotation":270,"texture":"#3"},"down":{"uv":[8,1,1,3],"rotation":270,"texture":"#3"}}},{"from":[-3.18433,3.27247,7.33573],"to":[7.97412,21.14738,7.6463],"rotation":{"angle":0,"axis":"y","origin":[4.27318,0.70165,7.72394]},"faces":{"north":{"uv":[0,0,11,16],"rotation":270,"texture":"#3"},"east":{"uv":[8,1,1,3],"rotation":270,"texture":"#3"},"south":{"uv":[0,0,11,16],"rotation":270,"texture":"#3"},"west":{"uv":[8,1,1,3],"rotation":270,"texture":"#3"},"up":{"uv":[8,1,1,3],"rotation":270,"texture":"#3"},"down":{"uv":[8,1,1,3],"rotation":270,"texture":"#3"}}}]}
