{"textures":{"0":"omega-flowey:custom/pipe/polished_andesite"},"display":{"head":{"rotation":[0,180,0]}},"elements":[{"from":[-5.05882,12.23529,5.52941],"to":[-3.64706,13.64706,9.76471],"rotation":{"angle":0,"axis":"y","origin":[-2.23529,-5.41176,7.64706]},"faces":{"north":{"uv":[4,0,0,4],"rotation":180,"texture":"#0"},"east":{"uv":[4,0,0,12],"rotation":90,"texture":"#0"},"south":{"uv":[4,0,0,4],"rotation":180,"texture":"#0"},"west":{"uv":[4,0,0,12],"rotation":90,"texture":"#0"},"up":{"uv":[12,0,0,4],"rotation":90,"texture":"#0"},"down":{"uv":[12,0,0,4],"rotation":90,"texture":"#0"}}},{"from":[-5.05882,10.82353,6.94118],"to":[-3.64706,15.05882,8.35294],"rotation":{"angle":0,"axis":"y","origin":[-1.88235,0.23529,8]},"faces":{"north":{"uv":[4,0,0,12],"texture":"#0"},"east":{"uv":[4,0,0,12],"texture":"#0"},"south":{"uv":[4,0,0,12],"texture":"#0"},"west":{"uv":[4,0,0,12],"texture":"#0"},"up":{"uv":[4,0,0,4],"texture":"#0"},"down":{"uv":[4,0,0,4],"texture":"#0"}}},{"from":[-3.64706,10.82353,6.94118],"to":[-2.23529,15.05882,8.35294],"rotation":{"angle":0,"axis":"y","origin":[-0.47059,0.23529,8]},"faces":{"north":{"uv":[4,0,0,12],"texture":"#0"},"east":{"uv":[4,0,0,12],"texture":"#0"},"south":{"uv":[4,0,0,12],"texture":"#0"},"west":{"uv":[4,0,0,12],"texture":"#0"},"up":{"uv":[4,0,0,4],"texture":"#0"},"down":{"uv":[4,0,0,4],"texture":"#0"}}},{"from":[-3.64706,12.23529,5.52941],"to":[-2.23529,13.64706,9.76471],"rotation":{"angle":0,"axis":"y","origin":[-0.82353,-5.41176,7.64706]},"faces":{"north":{"uv":[4,0,0,4],"rotation":180,"texture":"#0"},"east":{"uv":[4,0,0,12],"rotation":90,"texture":"#0"},"south":{"uv":[4,0,0,4],"rotation":180,"texture":"#0"},"west":{"uv":[4,0,0,12],"rotation":90,"texture":"#0"},"up":{"uv":[12,0,0,4],"rotation":90,"texture":"#0"},"down":{"uv":[12,0,0,4],"rotation":90,"texture":"#0"}}},{"from":[-2.23529,10.82353,6.94118],"to":[-0.82353,15.05882,8.35294],"rotation":{"angle":0,"axis":"y","origin":[0.94118,0.23529,8]},"faces":{"north":{"uv":[4,0,0,12],"texture":"#0"},"east":{"uv":[4,0,0,12],"texture":"#0"},"south":{"uv":[4,0,0,12],"texture":"#0"},"west":{"uv":[4,0,0,12],"texture":"#0"},"up":{"uv":[4,0,0,4],"texture":"#0"},"down":{"uv":[4,0,0,4],"texture":"#0"}}},{"from":[-2.23529,12.23529,5.52941],"to":[-0.82353,13.64706,9.76471],"rotation":{"angle":0,"axis":"y","origin":[0.58824,-5.41176,7.64706]},"faces":{"north":{"uv":[4,0,0,4],"rotation":180,"texture":"#0"},"east":{"uv":[4,0,0,12],"rotation":90,"texture":"#0"},"south":{"uv":[4,0,0,4],"rotation":180,"texture":"#0"},"west":{"uv":[4,0,0,12],"rotation":90,"texture":"#0"},"up":{"uv":[12,0,0,4],"rotation":90,"texture":"#0"},"down":{"uv":[12,0,0,4],"rotation":90,"texture":"#0"}}},{"from":[11.88235,-0.47059,6.94118],"to":[13.29412,3.76471,8.35294],"rotation":{"angle":0,"axis":"y","origin":[15.05882,-11.05882,8]},"faces":{"north":{"uv":[4,0,0,12],"texture":"#0"},"east":{"uv":[4,0,0,12],"texture":"#0"},"south":{"uv":[4,0,0,12],"texture":"#0"},"west":{"uv":[4,0,0,12],"texture":"#0"},"up":{"uv":[4,0,0,4],"texture":"#0"},"down":{"uv":[4,0,0,4],"texture":"#0"}}},{"from":[11.88235,0.94118,5.52941],"to":[13.29412,2.35294,9.76471],"rotation":{"angle":0,"axis":"y","origin":[14.70588,-16.70588,7.64706]},"faces":{"north":{"uv":[4,0,0,4],"rotation":180,"texture":"#0"},"east":{"uv":[4,0,0,12],"rotation":90,"texture":"#0"},"south":{"uv":[4,0,0,4],"rotation":180,"texture":"#0"},"west":{"uv":[4,0,0,12],"rotation":90,"texture":"#0"},"up":{"uv":[12,0,0,4],"rotation":90,"texture":"#0"},"down":{"uv":[12,0,0,4],"rotation":90,"texture":"#0"}}},{"from":[13.29412,0.94118,5.52941],"to":[14.70588,2.35294,9.76471],"rotation":{"angle":0,"axis":"y","origin":[16.11765,-16.70588,7.64706]},"faces":{"north":{"uv":[4,0,0,4],"rotation":180,"texture":"#0"},"east":{"uv":[4,0,0,12],"rotation":90,"texture":"#0"},"south":{"uv":[4,0,0,4],"rotation":180,"texture":"#0"},"west":{"uv":[4,0,0,12],"rotation":90,"texture":"#0"},"up":{"uv":[12,0,0,4],"rotation":90,"texture":"#0"},"down":{"uv":[12,0,0,4],"rotation":90,"texture":"#0"}}},{"from":[13.29412,-0.47059,6.94118],"to":[14.70588,3.76471,8.35294],"rotation":{"angle":0,"axis":"y","origin":[16.47059,-11.05882,8]},"faces":{"north":{"uv":[4,0,0,12],"texture":"#0"},"east":{"uv":[4,0,0,12],"texture":"#0"},"south":{"uv":[4,0,0,12],"texture":"#0"},"west":{"uv":[4,0,0,12],"texture":"#0"},"up":{"uv":[4,0,0,4],"texture":"#0"},"down":{"uv":[4,0,0,4],"texture":"#0"}}},{"from":[14.70588,0.94118,5.52941],"to":[16.11765,2.35294,9.76471],"rotation":{"angle":0,"axis":"y","origin":[17.52941,-16.70588,7.64706]},"faces":{"north":{"uv":[4,0,0,4],"rotation":180,"texture":"#0"},"east":{"uv":[4,0,0,12],"rotation":90,"texture":"#0"},"south":{"uv":[4,0,0,4],"rotation":180,"texture":"#0"},"west":{"uv":[4,0,0,12],"rotation":90,"texture":"#0"},"up":{"uv":[12,0,0,4],"rotation":90,"texture":"#0"},"down":{"uv":[12,0,0,4],"rotation":90,"texture":"#0"}}},{"from":[14.70588,-0.47059,6.94118],"to":[16.11765,3.76471,8.35294],"rotation":{"angle":0,"axis":"y","origin":[17.88235,-11.05882,8]},"faces":{"north":{"uv":[4,0,0,12],"texture":"#0"},"east":{"uv":[4,0,0,12],"texture":"#0"},"south":{"uv":[4,0,0,12],"texture":"#0"},"west":{"uv":[4,0,0,12],"texture":"#0"},"up":{"uv":[4,0,0,4],"texture":"#0"},"down":{"uv":[4,0,0,4],"texture":"#0"}}},{"from":[-0.82353,9.41176,6.94118],"to":[0.58824,13.64706,8.35294],"rotation":{"angle":0,"axis":"y","origin":[2.35294,-1.17647,8]},"faces":{"north":{"uv":[4,0,0,12],"texture":"#0"},"east":{"uv":[4,0,0,12],"texture":"#0"},"south":{"uv":[4,0,0,12],"texture":"#0"},"west":{"uv":[4,0,0,12],"texture":"#0"},"up":{"uv":[4,0,0,4],"texture":"#0"},"down":{"uv":[4,0,0,4],"texture":"#0"}}},{"from":[-0.82353,10.82353,5.52941],"to":[0.58824,12.23529,9.76471],"rotation":{"angle":0,"axis":"y","origin":[2,-6.82353,7.64706]},"faces":{"north":{"uv":[4,0,0,4],"rotation":180,"texture":"#0"},"east":{"uv":[4,0,0,12],"rotation":90,"texture":"#0"},"south":{"uv":[4,0,0,4],"rotation":180,"texture":"#0"},"west":{"uv":[4,0,0,12],"rotation":90,"texture":"#0"},"up":{"uv":[12,0,0,4],"rotation":90,"texture":"#0"},"down":{"uv":[12,0,0,4],"rotation":90,"texture":"#0"}}},{"from":[0.58824,10.82353,5.52941],"to":[2,12.23529,9.76471],"rotation":{"angle":0,"axis":"y","origin":[3.41176,-6.82353,7.64706]},"faces":{"north":{"uv":[4,0,0,4],"rotation":180,"texture":"#0"},"east":{"uv":[4,0,0,12],"rotation":90,"texture":"#0"},"south":{"uv":[4,0,0,4],"rotation":180,"texture":"#0"},"west":{"uv":[4,0,0,12],"rotation":90,"texture":"#0"},"up":{"uv":[12,0,0,4],"rotation":90,"texture":"#0"},"down":{"uv":[12,0,0,4],"rotation":90,"texture":"#0"}}},{"from":[0.58824,9.41176,6.94118],"to":[2,13.64706,8.35294],"rotation":{"angle":0,"axis":"y","origin":[3.76471,-1.17647,8]},"faces":{"north":{"uv":[4,0,0,12],"texture":"#0"},"east":{"uv":[4,0,0,12],"texture":"#0"},"south":{"uv":[4,0,0,12],"texture":"#0"},"west":{"uv":[4,0,0,12],"texture":"#0"},"up":{"uv":[4,0,0,4],"texture":"#0"},"down":{"uv":[4,0,0,4],"texture":"#0"}}},{"from":[2,8,6.94118],"to":[3.41176,12.23529,8.35294],"rotation":{"angle":0,"axis":"y","origin":[5.17647,-2.58824,8]},"faces":{"north":{"uv":[4,0,0,12],"texture":"#0"},"east":{"uv":[4,0,0,12],"texture":"#0"},"south":{"uv":[4,0,0,12],"texture":"#0"},"west":{"uv":[4,0,0,12],"texture":"#0"},"up":{"uv":[4,0,0,4],"texture":"#0"},"down":{"uv":[4,0,0,4],"texture":"#0"}}},{"from":[2,9.41176,5.52941],"to":[3.41176,10.82353,9.76471],"rotation":{"angle":0,"axis":"y","origin":[4.82353,-8.23529,7.64706]},"faces":{"north":{"uv":[4,0,0,4],"rotation":180,"texture":"#0"},"east":{"uv":[4,0,0,12],"rotation":90,"texture":"#0"},"south":{"uv":[4,0,0,4],"rotation":180,"texture":"#0"},"west":{"uv":[4,0,0,12],"rotation":90,"texture":"#0"},"up":{"uv":[12,0,0,4],"rotation":90,"texture":"#0"},"down":{"uv":[12,0,0,4],"rotation":90,"texture":"#0"}}},{"from":[3.41176,8,6.94118],"to":[4.82353,12.23529,8.35294],"rotation":{"angle":0,"axis":"y","origin":[6.58824,-2.58824,8]},"faces":{"north":{"uv":[4,0,0,12],"texture":"#0"},"east":{"uv":[4,0,0,12],"texture":"#0"},"south":{"uv":[4,0,0,12],"texture":"#0"},"west":{"uv":[4,0,0,12],"texture":"#0"},"up":{"uv":[4,0,0,4],"texture":"#0"},"down":{"uv":[4,0,0,4],"texture":"#0"}}},{"from":[3.41176,9.41176,5.52941],"to":[4.82353,10.82353,9.76471],"rotation":{"angle":0,"axis":"y","origin":[6.23529,-8.23529,7.64706]},"faces":{"north":{"uv":[4,0,0,4],"rotation":180,"texture":"#0"},"east":{"uv":[4,0,0,12],"rotation":90,"texture":"#0"},"south":{"uv":[4,0,0,4],"rotation":180,"texture":"#0"},"west":{"uv":[4,0,0,12],"rotation":90,"texture":"#0"},"up":{"uv":[12,0,0,4],"rotation":90,"texture":"#0"},"down":{"uv":[12,0,0,4],"rotation":90,"texture":"#0"}}},{"from":[7.64706,2.35294,6.94118],"to":[9.05882,6.58824,8.35294],"rotation":{"angle":0,"axis":"y","origin":[10.82353,-8.23529,8]},"faces":{"north":{"uv":[4,0,0,12],"texture":"#0"},"east":{"uv":[4,0,0,12],"texture":"#0"},"south":{"uv":[4,0,0,12],"texture":"#0"},"west":{"uv":[4,0,0,12],"texture":"#0"},"up":{"uv":[4,0,0,4],"texture":"#0"},"down":{"uv":[4,0,0,4],"texture":"#0"}}},{"from":[7.64706,3.76471,5.52941],"to":[9.05882,5.17647,9.76471],"rotation":{"angle":0,"axis":"y","origin":[10.47059,-13.88235,7.64706]},"faces":{"north":{"uv":[4,0,0,4],"rotation":180,"texture":"#0"},"east":{"uv":[4,0,0,12],"rotation":90,"texture":"#0"},"south":{"uv":[4,0,0,4],"rotation":180,"texture":"#0"},"west":{"uv":[4,0,0,12],"rotation":90,"texture":"#0"},"up":{"uv":[12,0,0,4],"rotation":90,"texture":"#0"},"down":{"uv":[12,0,0,4],"rotation":90,"texture":"#0"}}},{"from":[6.23529,5.17647,5.52941],"to":[7.64706,6.58824,9.76471],"rotation":{"angle":0,"axis":"y","origin":[9.05882,-12.47059,7.64706]},"faces":{"north":{"uv":[4,0,0,4],"rotation":180,"texture":"#0"},"east":{"uv":[4,0,0,12],"rotation":90,"texture":"#0"},"south":{"uv":[4,0,0,4],"rotation":180,"texture":"#0"},"west":{"uv":[4,0,0,12],"rotation":90,"texture":"#0"},"up":{"uv":[12,0,0,4],"rotation":90,"texture":"#0"},"down":{"uv":[12,0,0,4],"rotation":90,"texture":"#0"}}},{"from":[6.23529,3.76471,6.94118],"to":[7.64706,9.41176,8.35294],"rotation":{"angle":0,"axis":"y","origin":[9.41176,-6.82353,8]},"faces":{"north":{"uv":[4,0,0,16],"texture":"#0"},"east":{"uv":[4,0,0,16],"texture":"#0"},"south":{"uv":[4,0,0,16],"texture":"#0"},"west":{"uv":[4,0,0,16],"texture":"#0"},"up":{"uv":[4,0,0,4],"texture":"#0"},"down":{"uv":[4,0,0,4],"texture":"#0"}}},{"from":[9.05882,2.35294,5.52941],"to":[10.47059,3.76471,9.76471],"rotation":{"angle":0,"axis":"y","origin":[11.88235,-15.29412,7.64706]},"faces":{"north":{"uv":[4,0,0,4],"rotation":180,"texture":"#0"},"east":{"uv":[4,0,0,12],"rotation":90,"texture":"#0"},"south":{"uv":[4,0,0,4],"rotation":180,"texture":"#0"},"west":{"uv":[4,0,0,12],"rotation":90,"texture":"#0"},"up":{"uv":[12,0,0,4],"rotation":90,"texture":"#0"},"down":{"uv":[12,0,0,4],"rotation":90,"texture":"#0"}}},{"from":[9.05882,0.94118,6.94118],"to":[10.47059,5.17647,8.35294],"rotation":{"angle":0,"axis":"y","origin":[12.23529,-9.64706,8]},"faces":{"north":{"uv":[4,0,0,12],"texture":"#0"},"east":{"uv":[4,0,0,12],"texture":"#0"},"south":{"uv":[4,0,0,12],"texture":"#0"},"west":{"uv":[4,0,0,12],"texture":"#0"},"up":{"uv":[4,0,0,4],"texture":"#0"},"down":{"uv":[4,0,0,4],"texture":"#0"}}},{"from":[10.47059,2.35294,5.52941],"to":[11.88235,3.76471,9.76471],"rotation":{"angle":0,"axis":"y","origin":[13.29412,-15.29412,7.64706]},"faces":{"north":{"uv":[4,0,0,4],"rotation":180,"texture":"#0"},"east":{"uv":[4,0,0,12],"rotation":90,"texture":"#0"},"south":{"uv":[4,0,0,4],"rotation":180,"texture":"#0"},"west":{"uv":[4,0,0,12],"rotation":90,"texture":"#0"},"up":{"uv":[12,0,0,4],"rotation":90,"texture":"#0"},"down":{"uv":[12,0,0,4],"rotation":90,"texture":"#0"}}},{"from":[10.47059,0.94118,6.94118],"to":[11.88235,5.17647,8.35294],"rotation":{"angle":0,"axis":"y","origin":[13.64706,-9.64706,8]},"faces":{"north":{"uv":[4,0,0,12],"texture":"#0"},"east":{"uv":[4,0,0,12],"texture":"#0"},"south":{"uv":[4,0,0,12],"texture":"#0"},"west":{"uv":[4,0,0,12],"texture":"#0"},"up":{"uv":[4,0,0,4],"texture":"#0"},"down":{"uv":[4,0,0,4],"texture":"#0"}}},{"from":[16.11765,0.94118,6.94118],"to":[17.52941,5.17647,8.35294],"rotation":{"angle":0,"axis":"y","origin":[19.29412,-9.64706,8]},"faces":{"north":{"uv":[4,0,0,12],"texture":"#0"},"east":{"uv":[4,0,0,12],"texture":"#0"},"south":{"uv":[4,0,0,12],"texture":"#0"},"west":{"uv":[4,0,0,12],"texture":"#0"},"up":{"uv":[4,0,0,4],"texture":"#0"},"down":{"uv":[4,0,0,4],"texture":"#0"}}},{"from":[16.11765,2.35294,5.52941],"to":[17.52941,3.76471,9.76471],"rotation":{"angle":0,"axis":"y","origin":[18.94118,-15.29412,7.64706]},"faces":{"north":{"uv":[4,0,0,4],"rotation":180,"texture":"#0"},"east":{"uv":[4,0,0,12],"rotation":90,"texture":"#0"},"south":{"uv":[4,0,0,4],"rotation":180,"texture":"#0"},"west":{"uv":[4,0,0,12],"rotation":90,"texture":"#0"},"up":{"uv":[12,0,0,4],"rotation":90,"texture":"#0"},"down":{"uv":[12,0,0,4],"rotation":90,"texture":"#0"}}},{"from":[17.52941,0.94118,6.94118],"to":[18.94118,5.17647,8.35294],"rotation":{"angle":0,"axis":"y","origin":[20.70588,-9.64706,8]},"faces":{"north":{"uv":[4,0,0,12],"texture":"#0"},"east":{"uv":[4,0,0,12],"texture":"#0"},"south":{"uv":[4,0,0,12],"texture":"#0"},"west":{"uv":[4,0,0,12],"texture":"#0"},"up":{"uv":[4,0,0,4],"texture":"#0"},"down":{"uv":[4,0,0,4],"texture":"#0"}}},{"from":[17.52941,2.35294,5.52941],"to":[18.94118,3.76471,9.76471],"rotation":{"angle":0,"axis":"y","origin":[20.35294,-15.29412,7.64706]},"faces":{"north":{"uv":[4,0,0,4],"rotation":180,"texture":"#0"},"east":{"uv":[4,0,0,12],"rotation":90,"texture":"#0"},"south":{"uv":[4,0,0,4],"rotation":180,"texture":"#0"},"west":{"uv":[4,0,0,12],"rotation":90,"texture":"#0"},"up":{"uv":[12,0,0,4],"rotation":90,"texture":"#0"},"down":{"uv":[12,0,0,4],"rotation":90,"texture":"#0"}}},{"from":[4.82353,6.58824,5.52941],"to":[6.23529,8,9.76471],"rotation":{"angle":0,"axis":"y","origin":[7.64706,-11.05882,7.64706]},"faces":{"north":{"uv":[4,0,0,4],"rotation":180,"texture":"#0"},"east":{"uv":[4,0,0,12],"rotation":90,"texture":"#0"},"south":{"uv":[4,0,0,4],"rotation":180,"texture":"#0"},"west":{"uv":[4,0,0,12],"rotation":90,"texture":"#0"},"up":{"uv":[12,0,0,4],"rotation":90,"texture":"#0"},"down":{"uv":[12,0,0,4],"rotation":90,"texture":"#0"}}},{"from":[4.82353,8,5.52941],"to":[6.23529,9.41176,9.76471],"rotation":{"angle":0,"axis":"y","origin":[7.64706,-9.64706,7.64706]},"faces":{"north":{"uv":[4,0,0,4],"rotation":180,"texture":"#0"},"east":{"uv":[4,0,0,12],"rotation":90,"texture":"#0"},"south":{"uv":[4,0,0,4],"rotation":180,"texture":"#0"},"west":{"uv":[4,0,0,12],"rotation":90,"texture":"#0"},"up":{"uv":[12,0,0,4],"rotation":90,"texture":"#0"},"down":{"uv":[12,0,0,4],"rotation":90,"texture":"#0"}}},{"from":[4.83235,5.17647,6.94118],"to":[6.23529,10.82353,8.35294],"rotation":{"angle":0,"axis":"y","origin":[8,-5.41176,8]},"faces":{"north":{"uv":[4,0,0,16],"texture":"#0"},"east":{"uv":[4,0,0,16],"texture":"#0"},"south":{"uv":[4,0,0,16],"texture":"#0"},"west":{"uv":[4,0,0,16],"texture":"#0"},"up":{"uv":[4,0,0,4],"texture":"#0"},"down":{"uv":[4,0,0,4],"texture":"#0"}}}]}
