{"textures":{"0":"omega-flowey:custom/black","1":"omega-flowey:custom/white"},"display":{"head":{"rotation":[0,180,0]}},"elements":[{"from":[-2.8,8,8],"to":[-1.6,10.4,10.4],"rotation":{"angle":0,"axis":"y","origin":[11.6,8,-8.8]},"faces":{"north":{"uv":[4,4,6,6],"texture":"#1"},"east":{"uv":[4,4,6,6],"texture":"#1"},"south":{"uv":[4,4,6,6],"texture":"#1"},"west":{"uv":[4,4,6,6],"texture":"#1"},"up":{"uv":[4,4,6,6],"rotation":180,"texture":"#1"},"down":{"uv":[4,4,6,6],"rotation":180,"texture":"#1"}}},{"from":[-1.6,8,6.8],"to":[2,10.4,10.4],"rotation":{"angle":0,"axis":"y","origin":[11.6,8,-8.8]},"faces":{"north":{"uv":[4,4,6,6],"texture":"#1"},"east":{"uv":[4,4,6,6],"texture":"#1"},"south":{"uv":[4,4,6,6],"texture":"#1"},"west":{"uv":[4,4,6,6],"texture":"#1"},"up":{"uv":[4,4,6,6],"rotation":90,"texture":"#1"},"down":{"uv":[4,4,6,6],"rotation":270,"texture":"#1"}}},{"from":[2,8,5.6],"to":[4.4,10.4,10.4],"rotation":{"angle":0,"axis":"y","origin":[11.6,8,-8.8]},"faces":{"north":{"uv":[4,4,6,6],"texture":"#1"},"east":{"uv":[4,4,6,6],"texture":"#1"},"south":{"uv":[4,4,6,6],"texture":"#1"},"west":{"uv":[4,4,6,6],"texture":"#1"},"up":{"uv":[4,4,6,6],"rotation":90,"texture":"#1"},"down":{"uv":[4,4,6,6],"rotation":270,"texture":"#1"}}},{"from":[17.6,8,5.6],"to":[18.8,10.4,8],"rotation":{"angle":0,"axis":"y","origin":[-1.6,8,-1.6]},"faces":{"north":{"uv":[4,4,6,6],"texture":"#1"},"east":{"uv":[4,4,6,6],"texture":"#1"},"south":{"uv":[4,4,6,6],"texture":"#1"},"west":{"uv":[4,4,6,6],"texture":"#1"},"up":{"uv":[4,4,6,6],"texture":"#1"},"down":{"uv":[4,4,6,6],"texture":"#1"}}},{"from":[14,8,5.6],"to":[17.6,10.4,9.2],"rotation":{"angle":0,"axis":"y","origin":[-1.6,8,-1.6]},"faces":{"north":{"uv":[4,4,6,6],"texture":"#1"},"east":{"uv":[4,4,6,6],"texture":"#1"},"south":{"uv":[4,4,6,6],"texture":"#1"},"west":{"uv":[4,4,6,6],"texture":"#1"},"up":{"uv":[4,4,6,6],"texture":"#1"},"down":{"uv":[4,4,6,6],"texture":"#1"}}},{"from":[11.6,8,5.6],"to":[14,10.4,10.4],"rotation":{"angle":0,"axis":"y","origin":[-1.6,8,-1.6]},"faces":{"north":{"uv":[4,4,6,6],"texture":"#1"},"east":{"uv":[4,4,6,6],"texture":"#1"},"south":{"uv":[4,4,6,6],"texture":"#1"},"west":{"uv":[4,4,6,6],"texture":"#1"},"up":{"uv":[4,4,6,6],"texture":"#1"},"down":{"uv":[4,4,6,6],"texture":"#1"}}},{"from":[6.8,8,-1.6],"to":[8,10.4,-0.4],"rotation":{"angle":0,"axis":"y","origin":[-1.6,8,-1.6]},"faces":{"north":{"uv":[4,4,6,6],"texture":"#1"},"east":{"uv":[4,4,6,6],"texture":"#1"},"south":{"uv":[4,4,6,6],"texture":"#1"},"west":{"uv":[4,4,6,6],"texture":"#1"},"up":{"uv":[4,4,6,6],"texture":"#1"},"down":{"uv":[4,4,6,6],"texture":"#1"}}},{"from":[6.8,8,-0.4],"to":[9.2,10.4,0.8],"rotation":{"angle":0,"axis":"y","origin":[-1.6,8,-1.6]},"faces":{"north":{"uv":[4,4,6,6],"texture":"#1"},"east":{"uv":[4,4,6,6],"texture":"#1"},"south":{"uv":[4,4,6,6],"texture":"#1"},"west":{"uv":[4,4,6,6],"texture":"#1"},"up":{"uv":[4,4,6,6],"texture":"#1"},"down":{"uv":[4,4,6,6],"texture":"#1"}}},{"from":[3.2,8,-2.8],"to":[6.8,10.4,0.8],"rotation":{"angle":0,"axis":"y","origin":[-1.6,8,-1.6]},"faces":{"north":{"uv":[4,4,6,6],"texture":"#1"},"east":{"uv":[4,4,6,6],"texture":"#1"},"south":{"uv":[4,4,6,6],"texture":"#1"},"west":{"uv":[4,4,6,6],"texture":"#1"},"up":{"uv":[4,4,6,6],"texture":"#1"},"down":{"uv":[4,4,6,6],"texture":"#1"}}},{"from":[4.4,8,0.8],"to":[9.2,10.4,2],"rotation":{"angle":0,"axis":"y","origin":[-1.6,8,-1.6]},"faces":{"north":{"uv":[4,4,6,6],"texture":"#1"},"east":{"uv":[4,4,6,6],"texture":"#1"},"south":{"uv":[4,4,6,6],"texture":"#1"},"west":{"uv":[4,4,6,6],"texture":"#1"},"up":{"uv":[4,4,6,6],"texture":"#1"},"down":{"uv":[4,4,6,6],"texture":"#1"}}},{"from":[4.4,8,2],"to":[10.4,10.4,4.4],"rotation":{"angle":0,"axis":"y","origin":[-1.6,8,-1.6]},"faces":{"north":{"uv":[4,4,6,6],"texture":"#1"},"east":{"uv":[4,4,6,6],"texture":"#1"},"south":{"uv":[4,4,6,6],"texture":"#1"},"west":{"uv":[4,4,6,6],"texture":"#1"},"up":{"uv":[4,4,6,6],"texture":"#1"},"down":{"uv":[4,4,6,6],"texture":"#1"}}},{"from":[8,8,16.4],"to":[9.2,10.4,17.6],"rotation":{"angle":0,"axis":"y","origin":[-1.6,8,-1.6]},"faces":{"north":{"uv":[4,4,6,6],"texture":"#1"},"east":{"uv":[4,4,6,6],"texture":"#1"},"south":{"uv":[4,4,6,6],"texture":"#1"},"west":{"uv":[4,4,6,6],"texture":"#1"},"up":{"uv":[4,4,6,6],"texture":"#1"},"down":{"uv":[4,4,6,6],"texture":"#1"}}},{"from":[6.8,8,15.2],"to":[9.2,10.4,16.4],"rotation":{"angle":0,"axis":"y","origin":[-1.6,8,-1.6]},"faces":{"north":{"uv":[4,4,6,6],"texture":"#1"},"east":{"uv":[4,4,6,6],"texture":"#1"},"south":{"uv":[4,4,6,6],"texture":"#1"},"west":{"uv":[4,4,6,6],"texture":"#1"},"up":{"uv":[4,4,6,6],"texture":"#1"},"down":{"uv":[4,4,6,6],"texture":"#1"}}},{"from":[9.2,8,15.2],"to":[12.8,10.4,18.8],"rotation":{"angle":0,"axis":"y","origin":[-1.6,8,-1.6]},"faces":{"north":{"uv":[4,4,6,6],"texture":"#1"},"east":{"uv":[4,4,6,6],"texture":"#1"},"south":{"uv":[4,4,6,6],"texture":"#1"},"west":{"uv":[4,4,6,6],"texture":"#1"},"up":{"uv":[4,4,6,6],"texture":"#1"},"down":{"uv":[4,4,6,6],"texture":"#1"}}},{"from":[6.8,8,14],"to":[11.6,10.4,15.2],"rotation":{"angle":0,"axis":"y","origin":[-1.6,8,-1.6]},"faces":{"north":{"uv":[4,4,6,6],"texture":"#1"},"east":{"uv":[4,4,6,6],"texture":"#1"},"south":{"uv":[4,4,6,6],"texture":"#1"},"west":{"uv":[4,4,6,6],"texture":"#1"},"up":{"uv":[4,4,6,6],"texture":"#1"},"down":{"uv":[4,4,6,6],"texture":"#1"}}},{"from":[5.6,8,11.6],"to":[11.6,10.4,14],"rotation":{"angle":0,"axis":"y","origin":[-1.6,8,-1.6]},"faces":{"north":{"uv":[4,4,6,6],"texture":"#1"},"east":{"uv":[4,4,6,6],"texture":"#1"},"south":{"uv":[4,4,6,6],"texture":"#1"},"west":{"uv":[4,4,6,6],"texture":"#1"},"up":{"uv":[4,4,6,6],"texture":"#1"},"down":{"uv":[4,4,6,6],"texture":"#1"}}},{"from":[4.4,8,4.4],"to":[11.6,10.4,11.6],"rotation":{"angle":0,"axis":"y","origin":[-1.6,8,-1.6]},"faces":{"north":{"uv":[4,4,6,6],"texture":"#1"},"east":{"uv":[4,4,6,6],"texture":"#1"},"south":{"uv":[4,4,6,6],"texture":"#1"},"west":{"uv":[4,4,6,6],"texture":"#1"},"up":{"uv":[4,4,6,6],"texture":"#1"},"down":{"uv":[4,4,6,6],"texture":"#1"}}},{"from":[18.8,8.6,4.4],"to":[20,9.8,9.2],"rotation":{"angle":0,"axis":"y","origin":[-1.6,8,-1.6]},"faces":{"north":{"uv":[5.625,1.625,5.875,1.875],"texture":"#0"},"east":{"uv":[5.625,1.625,5.875,1.875],"texture":"#0"},"south":{"uv":[5.625,1.625,5.875,1.875],"texture":"#0"},"west":{"uv":[5.625,1.625,5.875,1.875],"texture":"#0"},"up":{"uv":[5.625,1.625,5.875,1.875],"texture":"#0"},"down":{"uv":[5.625,1.625,5.875,1.875],"texture":"#0"}}},{"from":[17.6,8.6,4.4],"to":[18.8,9.8,10.4],"rotation":{"angle":0,"axis":"y","origin":[-1.6,8,-1.6]},"faces":{"north":{"uv":[5.625,1.625,5.875,1.875],"texture":"#0"},"east":{"uv":[5.625,1.625,5.875,1.875],"texture":"#0"},"south":{"uv":[5.625,1.625,5.875,1.875],"texture":"#0"},"west":{"uv":[5.625,1.625,5.875,1.875],"texture":"#0"},"up":{"uv":[5.625,1.625,5.875,1.875],"texture":"#0"},"down":{"uv":[5.625,1.625,5.875,1.875],"texture":"#0"}}},{"from":[15.2,8.6,4.4],"to":[17.6,9.8,10.4],"rotation":{"angle":0,"axis":"y","origin":[-1.6,8,-1.6]},"faces":{"north":{"uv":[5.625,1.625,5.875,1.875],"texture":"#0"},"east":{"uv":[5.625,1.625,5.875,1.875],"texture":"#0"},"south":{"uv":[5.625,1.625,5.875,1.875],"texture":"#0"},"west":{"uv":[5.625,1.625,5.875,1.875],"texture":"#0"},"up":{"uv":[5.625,1.625,5.875,1.875],"texture":"#0"},"down":{"uv":[5.625,1.625,5.875,1.875],"texture":"#0"}}},{"from":[2,8.6,-4],"to":[8,9.8,-2.8],"rotation":{"angle":0,"axis":"y","origin":[-1.6,8,-1.6]},"faces":{"north":{"uv":[5.625,1.625,5.875,1.875],"texture":"#0"},"east":{"uv":[5.625,1.625,5.875,1.875],"texture":"#0"},"south":{"uv":[5.625,1.625,5.875,1.875],"texture":"#0"},"west":{"uv":[5.625,1.625,5.875,1.875],"texture":"#0"},"up":{"uv":[5.625,1.625,5.875,1.875],"texture":"#0"},"down":{"uv":[5.625,1.625,5.875,1.875],"texture":"#0"}}},{"from":[2,8.6,-2.8],"to":[9.2,9.8,2],"rotation":{"angle":0,"axis":"y","origin":[-1.6,8,-1.6]},"faces":{"north":{"uv":[5.625,1.625,5.875,1.875],"texture":"#0"},"east":{"uv":[5.625,1.625,5.875,1.875],"texture":"#0"},"south":{"uv":[5.625,1.625,5.875,1.875],"texture":"#0"},"west":{"uv":[5.625,1.625,5.875,1.875],"texture":"#0"},"up":{"uv":[5.625,1.625,5.875,1.875],"texture":"#0"},"down":{"uv":[5.625,1.625,5.875,1.875],"texture":"#0"}}},{"from":[9.2,8.6,-1.6],"to":[10.4,9.8,0.8],"rotation":{"angle":0,"axis":"y","origin":[-1.6,8,-1.6]},"faces":{"north":{"uv":[5.625,1.625,5.875,1.875],"texture":"#0"},"east":{"uv":[5.625,1.625,5.875,1.875],"texture":"#0"},"south":{"uv":[5.625,1.625,5.875,1.875],"texture":"#0"},"west":{"uv":[5.625,1.625,5.875,1.875],"texture":"#0"},"up":{"uv":[5.625,1.625,5.875,1.875],"texture":"#0"},"down":{"uv":[5.625,1.625,5.875,1.875],"texture":"#0"}}},{"from":[9.2,8.6,0.8],"to":[11.6,9.8,3.2],"rotation":{"angle":0,"axis":"y","origin":[-1.6,8,-1.6]},"faces":{"north":{"uv":[5.625,1.625,5.875,1.875],"texture":"#0"},"east":{"uv":[5.625,1.625,5.875,1.875],"texture":"#0"},"south":{"uv":[5.625,1.625,5.875,1.875],"texture":"#0"},"west":{"uv":[5.625,1.625,5.875,1.875],"texture":"#0"},"up":{"uv":[5.625,1.625,5.875,1.875],"texture":"#0"},"down":{"uv":[5.625,1.625,5.875,1.875],"texture":"#0"}}},{"from":[10.4,8.6,3.2],"to":[12.8,9.8,5.6],"rotation":{"angle":0,"axis":"y","origin":[-1.6,8,-1.6]},"faces":{"north":{"uv":[5.625,1.625,5.875,1.875],"texture":"#0"},"east":{"uv":[5.625,1.625,5.875,1.875],"texture":"#0"},"south":{"uv":[5.625,1.625,5.875,1.875],"texture":"#0"},"west":{"uv":[5.625,1.625,5.875,1.875],"texture":"#0"},"up":{"uv":[5.625,1.625,5.875,1.875],"texture":"#0"},"down":{"uv":[5.625,1.625,5.875,1.875],"texture":"#0"}}},{"from":[12.8,8.6,4.4],"to":[15.2,9.8,11.6],"rotation":{"angle":0,"axis":"y","origin":[-1.6,8,-1.6]},"faces":{"north":{"uv":[5.625,1.625,5.875,1.875],"texture":"#0"},"east":{"uv":[5.625,1.625,5.875,1.875],"texture":"#0"},"south":{"uv":[5.625,1.625,5.875,1.875],"texture":"#0"},"west":{"uv":[5.625,1.625,5.875,1.875],"texture":"#0"},"up":{"uv":[5.625,1.625,5.875,1.875],"texture":"#0"},"down":{"uv":[5.625,1.625,5.875,1.875],"texture":"#0"}}},{"from":[3.2,8.6,0.8],"to":[4.4,9.8,12.8],"rotation":{"angle":0,"axis":"y","origin":[-1.6,8,-1.6]},"faces":{"north":{"uv":[5.625,1.625,5.875,1.875],"texture":"#0"},"east":{"uv":[5.625,1.625,5.875,1.875],"texture":"#0"},"south":{"uv":[5.625,1.625,5.875,1.875],"texture":"#0"},"west":{"uv":[5.625,1.625,5.875,1.875],"texture":"#0"},"up":{"uv":[5.625,1.625,5.875,1.875],"texture":"#0"},"down":{"uv":[5.625,1.625,5.875,1.875],"texture":"#0"}}},{"from":[11.6,8.6,10.4],"to":[12.8,9.8,14],"rotation":{"angle":0,"axis":"y","origin":[-1.6,8,-1.6]},"faces":{"north":{"uv":[5.625,1.625,5.875,1.875],"texture":"#0"},"east":{"uv":[5.625,1.625,5.875,1.875],"texture":"#0"},"south":{"uv":[5.625,1.625,5.875,1.875],"texture":"#0"},"west":{"uv":[5.625,1.625,5.875,1.875],"texture":"#0"},"up":{"uv":[5.625,1.625,5.875,1.875],"texture":"#0"},"down":{"uv":[5.625,1.625,5.875,1.875],"texture":"#0"}}},{"from":[-2.8,8.6,5.6],"to":[0.8,9.8,6.8],"rotation":{"angle":0,"axis":"y","origin":[-1.6,8,-1.6]},"faces":{"north":{"uv":[5.625,1.625,5.875,1.875],"texture":"#0"},"east":{"uv":[5.625,1.625,5.875,1.875],"texture":"#0"},"south":{"uv":[5.625,1.625,5.875,1.875],"texture":"#0"},"west":{"uv":[5.625,1.625,5.875,1.875],"texture":"#0"},"up":{"uv":[5.625,1.625,5.875,1.875],"texture":"#0"},"down":{"uv":[5.625,1.625,5.875,1.875],"texture":"#0"}}},{"from":[0.8,8.6,4.4],"to":[3.2,9.8,6.8],"rotation":{"angle":0,"axis":"y","origin":[-1.6,8,-1.6]},"faces":{"north":{"uv":[5.625,1.625,5.875,1.875],"texture":"#0"},"east":{"uv":[5.625,1.625,5.875,1.875],"texture":"#0"},"south":{"uv":[5.625,1.625,5.875,1.875],"texture":"#0"},"west":{"uv":[5.625,1.625,5.875,1.875],"texture":"#0"},"up":{"uv":[5.625,1.625,5.875,1.875],"texture":"#0"},"down":{"uv":[5.625,1.625,5.875,1.875],"texture":"#0"}}},{"from":[-4,8.6,6.8],"to":[3.2,9.8,11.6],"rotation":{"angle":0,"axis":"y","origin":[-1.6,8,-1.6]},"faces":{"north":{"uv":[5.625,1.625,5.875,1.875],"texture":"#0"},"east":{"uv":[5.625,1.625,5.875,1.875],"texture":"#0"},"south":{"uv":[5.625,1.625,5.875,1.875],"texture":"#0"},"west":{"uv":[5.625,1.625,5.875,1.875],"texture":"#0"},"up":{"uv":[5.625,1.625,5.875,1.875],"texture":"#0"},"down":{"uv":[5.625,1.625,5.875,1.875],"texture":"#0"}}},{"from":[4.4,8.6,11.6],"to":[5.6,9.8,15.2],"rotation":{"angle":0,"axis":"y","origin":[-1.6,8,-1.6]},"faces":{"north":{"uv":[5.625,1.625,5.875,1.875],"texture":"#0"},"east":{"uv":[5.625,1.625,5.875,1.875],"texture":"#0"},"south":{"uv":[5.625,1.625,5.875,1.875],"texture":"#0"},"west":{"uv":[5.625,1.625,5.875,1.875],"texture":"#0"},"up":{"uv":[5.625,1.625,5.875,1.875],"texture":"#0"},"down":{"uv":[5.625,1.625,5.875,1.875],"texture":"#0"}}},{"from":[5.6,8.6,14],"to":[6.8,9.8,17.6],"rotation":{"angle":0,"axis":"y","origin":[-1.6,8,-1.6]},"faces":{"north":{"uv":[5.625,1.625,5.875,1.875],"texture":"#0"},"east":{"uv":[5.625,1.625,5.875,1.875],"texture":"#0"},"south":{"uv":[5.625,1.625,5.875,1.875],"texture":"#0"},"west":{"uv":[5.625,1.625,5.875,1.875],"texture":"#0"},"up":{"uv":[5.625,1.625,5.875,1.875],"texture":"#0"},"down":{"uv":[5.625,1.625,5.875,1.875],"texture":"#0"}}},{"from":[6.8,8.6,16.4],"to":[8,9.8,18.8],"rotation":{"angle":0,"axis":"y","origin":[-1.6,8,-1.6]},"faces":{"north":{"uv":[5.625,1.625,5.875,1.875],"texture":"#0"},"east":{"uv":[5.625,1.625,5.875,1.875],"texture":"#0"},"south":{"uv":[5.625,1.625,5.875,1.875],"texture":"#0"},"west":{"uv":[5.625,1.625,5.875,1.875],"texture":"#0"},"up":{"uv":[5.625,1.625,5.875,1.875],"texture":"#0"},"down":{"uv":[5.625,1.625,5.875,1.875],"texture":"#0"}}},{"from":[8,8.6,14],"to":[14,9.8,20],"rotation":{"angle":0,"axis":"y","origin":[-1.6,8,-1.6]},"faces":{"north":{"uv":[5.625,1.625,5.875,1.875],"texture":"#0"},"east":{"uv":[5.625,1.625,5.875,1.875],"texture":"#0"},"south":{"uv":[5.625,1.625,5.875,1.875],"texture":"#0"},"west":{"uv":[5.625,1.625,5.875,1.875],"texture":"#0"},"up":{"uv":[5.625,1.625,5.875,1.875],"texture":"#0"},"down":{"uv":[5.625,1.625,5.875,1.875],"texture":"#0"}}}]}
