{
	"textures": {
		"0": "minecraft:block/polished_granite"
	},
	"display": {
		"head": {
			"rotation": [0, 180, 0]
		}
	},
	"elements": [
		{
			"from": [10.54586, 4.60552, 4.60552],
			"to": [13.09171, 6.30276, 26.88177],
			"rotation": {
				"angle": 0,
				"axis": "y",
				"origin": [12.24309, 4.60552, 24.12376]
			},
			"faces": {
				"north": {
					"uv": [3, 2, 6, 4],
					"texture": "#0"
				},
				"east": {
					"uv": [1, 6, 14, 8],
					"texture": "#0"
				},
				"south": {
					"uv": [3, 2, 6, 4],
					"texture": "#0"
				},
				"west": {
					"uv": [3, 3, 16, 5],
					"texture": "#0"
				},
				"up": {
					"uv": [6, 0, 9, 16],
					"texture": "#0"
				},
				"down": {
					"uv": [2, 4, 15, 6],
					"rotation": 90,
					"texture": "#0"
				}
			}
		},
		{
			"from": [10.54586, 13.09171, 4.60552],
			"to": [13.09171, 14.78895, 26.88177],
			"rotation": {
				"angle": 0,
				"axis": "y",
				"origin": [12.24309, 13.09171, 24.12376]
			},
			"faces": {
				"north": {
					"uv": [3, 7, 6, 9],
					"texture": "#0"
				},
				"east": {
					"uv": [15, 10, 2, 12],
					"texture": "#0"
				},
				"south": {
					"uv": [3, 7, 6, 9],
					"texture": "#0"
				},
				"west": {
					"uv": [2, 13, 15, 15],
					"texture": "#0"
				},
				"up": {
					"uv": [2, 5, 15, 7],
					"rotation": 90,
					"texture": "#0"
				},
				"down": {
					"uv": [2, 5, 15, 7],
					"rotation": 90,
					"texture": "#0"
				}
			}
		},
		{
			"from": [8.8221, 11.39448, 4.60552],
			"to": [10.54586, 13.09171, 26.88177],
			"rotation": {
				"angle": 0,
				"axis": "y",
				"origin": [9.69724, 11.39448, 24.12376]
			},
			"faces": {
				"north": {
					"uv": [1, 5, 3, 7],
					"texture": "#0"
				},
				"east": {
					"uv": [1, 11, 14, 13],
					"texture": "#0"
				},
				"south": {
					"uv": [1, 5, 3, 7],
					"texture": "#0"
				},
				"west": {
					"uv": [14, 8, 1, 10],
					"texture": "#0"
				},
				"up": {
					"uv": [2, 7, 15, 9],
					"rotation": 90,
					"texture": "#0"
				},
				"down": {
					"uv": [2, 7, 15, 9],
					"rotation": 90,
					"texture": "#0"
				}
			}
		},
		{
			"from": [8.8221, 6.30276, 4.60552],
			"to": [10.54586, 8, 26.88177],
			"rotation": {
				"angle": 0,
				"axis": "y",
				"origin": [9.69724, 6.30276, 24.12376]
			},
			"faces": {
				"north": {
					"uv": [4, 2, 6, 4],
					"texture": "#0"
				},
				"east": {
					"uv": [1, 11, 14, 13],
					"texture": "#0"
				},
				"south": {
					"uv": [4, 2, 6, 4],
					"texture": "#0"
				},
				"west": {
					"uv": [1, 11, 14, 13],
					"texture": "#0"
				},
				"up": {
					"uv": [1, 2, 14, 4],
					"rotation": 90,
					"texture": "#0"
				},
				"down": {
					"uv": [1, 2, 14, 4],
					"rotation": 90,
					"texture": "#0"
				}
			}
		},
		{
			"from": [8.84862, 8, 2.90829],
			"to": [10.54586, 11.39448, 4.60552],
			"rotation": {
				"angle": 0,
				"axis": "y",
				"origin": [9.69724, 8, 29.21547]
			},
			"faces": {
				"north": {
					"uv": [1, 5, 3, 9],
					"texture": "#0"
				},
				"east": {
					"uv": [5, 7, 7, 11],
					"texture": "#0"
				},
				"south": {
					"uv": [2, 0, 4, 4],
					"texture": "#0"
				},
				"west": {
					"uv": [5, 7, 7, 11],
					"texture": "#0"
				},
				"up": {
					"uv": [2, 0, 4, 2],
					"texture": "#0"
				},
				"down": {
					"uv": [2, 0, 4, 2],
					"texture": "#0"
				}
			}
		},
		{
			"from": [10.54586, 11.39448, 2.90829],
			"to": [13.09171, 13.09171, 4.60552],
			"rotation": {
				"angle": 0,
				"axis": "y",
				"origin": [11.39448, 9.69724, 29.21547]
			},
			"faces": {
				"north": {
					"uv": [2, 4, 5, 6],
					"texture": "#0"
				},
				"east": {
					"uv": [6, 9, 8, 11],
					"texture": "#0"
				},
				"south": {
					"uv": [2, 4, 5, 6],
					"texture": "#0"
				},
				"west": {
					"uv": [6, 9, 8, 11],
					"texture": "#0"
				},
				"up": {
					"uv": [3, 0, 6, 2],
					"texture": "#0"
				},
				"down": {
					"uv": [3, 0, 6, 2],
					"texture": "#0"
				}
			}
		},
		{
			"from": [10.54586, 11.39448, 22.42652],
			"to": [13.09171, 13.09171, 26.88177],
			"rotation": {
				"angle": 0,
				"axis": "y",
				"origin": [11.39448, 9.69724, 48.7337]
			},
			"faces": {
				"north": {
					"uv": [3, 0, 6, 2],
					"texture": "#0"
				},
				"east": {
					"uv": [4, 2, 6, 4],
					"texture": "#0"
				},
				"south": {
					"uv": [8, 7, 11, 9],
					"texture": "#0"
				},
				"west": {
					"uv": [2, 0, 4, 2],
					"texture": "#0"
				},
				"up": {
					"uv": [3, 0, 6, 2],
					"texture": "#0"
				},
				"down": {
					"uv": [3, 0, 6, 2],
					"texture": "#0"
				}
			}
		},
		{
			"from": [10.54586, 6.30276, 22.42652],
			"to": [13.09171, 8, 26.88177],
			"rotation": {
				"angle": 0,
				"axis": "y",
				"origin": [11.39448, 4.60552, 48.7337]
			},
			"faces": {
				"north": {
					"uv": [3, 0, 6, 2],
					"texture": "#0"
				},
				"east": {
					"uv": [2, 3, 5, 5],
					"texture": "#0"
				},
				"south": {
					"uv": [7, 5, 10, 7],
					"texture": "#0"
				},
				"west": {
					"uv": [3, 0, 6, 2],
					"texture": "#0"
				},
				"up": {
					"uv": [3, 0, 6, 3],
					"texture": "#0"
				},
				"down": {
					"uv": [3, 0, 6, 3],
					"texture": "#0"
				}
			}
		},
		{
			"from": [10.54586, 8, 23.27514],
			"to": [13.09171, 11.39448, 26.88177],
			"rotation": {
				"angle": 0,
				"axis": "y",
				"origin": [11.39448, 8, 49.58232]
			},
			"faces": {
				"north": {
					"uv": [4, 2, 7, 6],
					"texture": "#0"
				},
				"east": {
					"uv": [4, 4, 6, 8],
					"texture": "#0"
				},
				"south": {
					"uv": [10, 7, 13, 11],
					"texture": "#0"
				},
				"west": {
					"uv": [2, 0, 4, 4],
					"texture": "#0"
				},
				"up": {
					"uv": [3, 0, 6, 2],
					"texture": "#0"
				},
				"down": {
					"uv": [3, 0, 6, 2],
					"texture": "#0"
				}
			}
		},
		{
			"from": [8.84862, 8, 22.42652],
			"to": [10.54586, 11.39448, 26.88177],
			"rotation": {
				"angle": 0,
				"axis": "y",
				"origin": [9.69724, 8, 49.58232]
			},
			"faces": {
				"north": {
					"uv": [2, 0, 4, 4],
					"texture": "#0"
				},
				"east": {
					"uv": [4, 3, 7, 7],
					"texture": "#0"
				},
				"south": {
					"uv": [11, 6, 13, 10],
					"texture": "#0"
				},
				"west": {
					"uv": [3, 0, 6, 4],
					"texture": "#0"
				},
				"up": {
					"uv": [2, 0, 4, 3],
					"texture": "#0"
				},
				"down": {
					"uv": [2, 0, 4, 3],
					"texture": "#0"
				}
			}
		},
		{
			"from": [10.54586, 6.30276, 2.90829],
			"to": [13.09171, 8, 4.60552],
			"rotation": {
				"angle": 0,
				"axis": "y",
				"origin": [11.39448, 4.60552, 29.21547]
			},
			"faces": {
				"north": {
					"uv": [4, 2, 7, 4],
					"texture": "#0"
				},
				"east": {
					"uv": [2, 4, 4, 6],
					"texture": "#0"
				},
				"south": {
					"uv": [6, 6, 9, 8],
					"texture": "#0"
				},
				"west": {
					"uv": [2, 4, 4, 6],
					"texture": "#0"
				},
				"up": {
					"uv": [6, 4, 9, 6],
					"texture": "#0"
				},
				"down": {
					"uv": [4, 5, 7, 7],
					"texture": "#0"
				}
			}
		},
		{
			"from": [7.15138, 8, 4.60552],
			"to": [8.84862, 11.39448, 26.88177],
			"rotation": {
				"angle": 0,
				"axis": "y",
				"origin": [8, 8, 24.12376]
			},
			"faces": {
				"north": {
					"uv": [5, 7, 7, 11],
					"texture": "#0"
				},
				"east": {
					"uv": [1, 6, 14, 10],
					"texture": "#0"
				},
				"south": {
					"uv": [5, 7, 7, 11],
					"texture": "#0"
				},
				"west": {
					"uv": [1, 6, 14, 10],
					"texture": "#0"
				},
				"up": {
					"uv": [1, 4, 14, 6],
					"rotation": 90,
					"texture": "#0"
				},
				"down": {
					"uv": [1, 4, 14, 6],
					"rotation": 90,
					"texture": "#0"
				}
			}
		},
		{
			"from": [8.89105, 11.39448, 21.5779],
			"to": [10.54586, 13.94033, 24.12376],
			"rotation": {
				"angle": 0,
				"axis": "y",
				"origin": [9.69724, 10.54586, 48.7337]
			},
			"faces": {
				"north": {
					"uv": [10, 9, 11.95, 12],
					"texture": "#0"
				},
				"east": {
					"uv": [4, 6, 7, 9],
					"texture": "#0"
				},
				"south": {
					"uv": [9, 3, 10.95, 6],
					"texture": "#0"
				},
				"west": {
					"uv": [3, 3, 6, 6],
					"texture": "#0"
				},
				"up": {
					"uv": [9, 11, 10.95, 14],
					"texture": "#0"
				},
				"down": {
					"uv": [7, 6, 8.95, 9],
					"texture": "#0"
				}
			}
		},
		{
			"from": [7.60221, 5.87845, 24.33591],
			"to": [10.52994, 8, 26.90829],
			"rotation": {
				"angle": 0,
				"axis": "y",
				"origin": [8.45083, 4.60552, 51.49171]
			},
			"faces": {
				"north": {
					"uv": [9.95, 9, 8, 12],
					"texture": "#0"
				},
				"east": {
					"uv": [5, 3, 3, 6],
					"texture": "#0"
				},
				"south": {
					"uv": [10.95, 3, 9, 6],
					"texture": "#0"
				},
				"west": {
					"uv": [5, 3, 3, 6],
					"texture": "#0"
				},
				"up": {
					"uv": [10.95, 11, 9, 14],
					"texture": "#0"
				},
				"down": {
					"uv": [9.95, 6, 7, 8],
					"texture": "#0"
				}
			}
		}
	]
}
