{
	"textures": {
		"0": "minecraft:block/polished_granite"
	},
	"display": {
		"head": {
			"rotation": [0, 180, 0]
		}
	},
	"elements": [
		{
			"from": [2.90829, 4.60552, 4.60552],
			"to": [5.45414, 6.30276, 26.88177],
			"rotation": {
				"angle": 0,
				"axis": "y",
				"origin": [3.75691, 4.60552, 24.12376]
			},
			"faces": {
				"north": {
					"uv": [6, 2, 3, 4],
					"texture": "#0"
				},
				"east": {
					"uv": [16, 3, 3, 5],
					"texture": "#0"
				},
				"south": {
					"uv": [6, 2, 3, 4],
					"texture": "#0"
				},
				"west": {
					"uv": [14, 6, 1, 8],
					"texture": "#0"
				},
				"up": {
					"uv": [9, 0, 6, 16],
					"texture": "#0"
				},
				"down": {
					"uv": [2, 6, 15, 4],
					"rotation": 90,
					"texture": "#0"
				}
			}
		},
		{
			"from": [2.90829, 13.09171, 4.60552],
			"to": [5.45414, 14.78895, 26.88177],
			"rotation": {
				"angle": 0,
				"axis": "y",
				"origin": [3.75691, 13.09171, 24.12376]
			},
			"faces": {
				"north": {
					"uv": [6, 7, 3, 9],
					"texture": "#0"
				},
				"east": {
					"uv": [15, 13, 2, 15],
					"texture": "#0"
				},
				"south": {
					"uv": [6, 7, 3, 9],
					"texture": "#0"
				},
				"west": {
					"uv": [2, 10, 15, 12],
					"texture": "#0"
				},
				"up": {
					"uv": [2, 7, 15, 5],
					"rotation": 90,
					"texture": "#0"
				},
				"down": {
					"uv": [2, 7, 15, 5],
					"rotation": 90,
					"texture": "#0"
				}
			}
		},
		{
			"from": [5.45414, 11.39448, 4.60552],
			"to": [7.1779, 13.09171, 26.88177],
			"rotation": {
				"angle": 0,
				"axis": "y",
				"origin": [6.30276, 11.39448, 24.12376]
			},
			"faces": {
				"north": {
					"uv": [3, 5, 1, 7],
					"texture": "#0"
				},
				"east": {
					"uv": [1, 8, 14, 10],
					"texture": "#0"
				},
				"south": {
					"uv": [3, 5, 1, 7],
					"texture": "#0"
				},
				"west": {
					"uv": [14, 11, 1, 13],
					"texture": "#0"
				},
				"up": {
					"uv": [2, 9, 15, 7],
					"rotation": 90,
					"texture": "#0"
				},
				"down": {
					"uv": [2, 9, 15, 7],
					"rotation": 90,
					"texture": "#0"
				}
			}
		},
		{
			"from": [5.45414, 6.30276, 4.60552],
			"to": [7.1779, 8, 26.88177],
			"rotation": {
				"angle": 0,
				"axis": "y",
				"origin": [6.30276, 6.30276, 24.12376]
			},
			"faces": {
				"north": {
					"uv": [6, 2, 4, 4],
					"texture": "#0"
				},
				"east": {
					"uv": [14, 11, 1, 13],
					"texture": "#0"
				},
				"south": {
					"uv": [6, 2, 4, 4],
					"texture": "#0"
				},
				"west": {
					"uv": [14, 11, 1, 13],
					"texture": "#0"
				},
				"up": {
					"uv": [1, 4, 14, 2],
					"rotation": 90,
					"texture": "#0"
				},
				"down": {
					"uv": [1, 4, 14, 2],
					"rotation": 90,
					"texture": "#0"
				}
			}
		},
		{
			"from": [5.45414, 8, 2.90829],
			"to": [7.15138, 11.39448, 4.60552],
			"rotation": {
				"angle": 0,
				"axis": "y",
				"origin": [6.30276, 8, 29.21547]
			},
			"faces": {
				"north": {
					"uv": [3, 5, 1, 9],
					"texture": "#0"
				},
				"east": {
					"uv": [7, 7, 5, 11],
					"texture": "#0"
				},
				"south": {
					"uv": [4, 0, 2, 4],
					"texture": "#0"
				},
				"west": {
					"uv": [7, 7, 5, 11],
					"texture": "#0"
				},
				"up": {
					"uv": [4, 0, 2, 2],
					"texture": "#0"
				},
				"down": {
					"uv": [4, 0, 2, 2],
					"texture": "#0"
				}
			}
		},
		{
			"from": [2.90829, 11.39448, 2.90829],
			"to": [5.45414, 13.09171, 4.60552],
			"rotation": {
				"angle": 0,
				"axis": "y",
				"origin": [4.60552, 9.69724, 29.21547]
			},
			"faces": {
				"north": {
					"uv": [5, 4, 2, 6],
					"texture": "#0"
				},
				"east": {
					"uv": [8, 9, 6, 11],
					"texture": "#0"
				},
				"south": {
					"uv": [5, 4, 2, 6],
					"texture": "#0"
				},
				"west": {
					"uv": [8, 9, 6, 11],
					"texture": "#0"
				},
				"up": {
					"uv": [6, 0, 3, 2],
					"texture": "#0"
				},
				"down": {
					"uv": [6, 0, 3, 2],
					"texture": "#0"
				}
			}
		},
		{
			"from": [2.90829, 11.39448, 22.42652],
			"to": [5.45414, 13.09171, 26.88177],
			"rotation": {
				"angle": 0,
				"axis": "y",
				"origin": [4.60552, 9.69724, 48.7337]
			},
			"faces": {
				"north": {
					"uv": [6, 0, 3, 2],
					"texture": "#0"
				},
				"east": {
					"uv": [4, 0, 2, 2],
					"texture": "#0"
				},
				"south": {
					"uv": [11, 7, 8, 9],
					"texture": "#0"
				},
				"west": {
					"uv": [6, 2, 4, 4],
					"texture": "#0"
				},
				"up": {
					"uv": [6, 0, 3, 2],
					"texture": "#0"
				},
				"down": {
					"uv": [6, 0, 3, 2],
					"texture": "#0"
				}
			}
		},
		{
			"from": [2.90829, 6.30276, 22.42652],
			"to": [5.45414, 8, 26.88177],
			"rotation": {
				"angle": 0,
				"axis": "y",
				"origin": [4.60552, 4.60552, 48.7337]
			},
			"faces": {
				"north": {
					"uv": [6, 0, 3, 2],
					"texture": "#0"
				},
				"east": {
					"uv": [6, 0, 3, 2],
					"texture": "#0"
				},
				"south": {
					"uv": [10, 5, 7, 7],
					"texture": "#0"
				},
				"west": {
					"uv": [5, 3, 2, 5],
					"texture": "#0"
				},
				"up": {
					"uv": [6, 0, 3, 3],
					"texture": "#0"
				},
				"down": {
					"uv": [6, 0, 3, 3],
					"texture": "#0"
				}
			}
		},
		{
			"from": [2.90829, 8, 23.27514],
			"to": [5.45414, 11.39448, 26.88177],
			"rotation": {
				"angle": 0,
				"axis": "y",
				"origin": [4.60552, 8, 49.58232]
			},
			"faces": {
				"north": {
					"uv": [7, 2, 4, 6],
					"texture": "#0"
				},
				"east": {
					"uv": [4, 0, 2, 4],
					"texture": "#0"
				},
				"south": {
					"uv": [13, 7, 10, 11],
					"texture": "#0"
				},
				"west": {
					"uv": [6, 4, 4, 8],
					"texture": "#0"
				},
				"up": {
					"uv": [6, 0, 3, 2],
					"texture": "#0"
				},
				"down": {
					"uv": [6, 0, 3, 2],
					"texture": "#0"
				}
			}
		},
		{
			"from": [5.45414, 8, 22.42652],
			"to": [7.15138, 11.39448, 26.88177],
			"rotation": {
				"angle": 0,
				"axis": "y",
				"origin": [6.30276, 8, 49.58232]
			},
			"faces": {
				"north": {
					"uv": [4, 0, 2, 4],
					"texture": "#0"
				},
				"east": {
					"uv": [6, 0, 3, 4],
					"texture": "#0"
				},
				"south": {
					"uv": [13, 6, 11, 10],
					"texture": "#0"
				},
				"west": {
					"uv": [7, 3, 4, 7],
					"texture": "#0"
				},
				"up": {
					"uv": [4, 0, 2, 3],
					"texture": "#0"
				},
				"down": {
					"uv": [4, 0, 2, 3],
					"texture": "#0"
				}
			}
		},
		{
			"from": [2.90829, 6.30276, 2.90829],
			"to": [5.45414, 8, 4.60552],
			"rotation": {
				"angle": 0,
				"axis": "y",
				"origin": [4.60552, 4.60552, 29.21547]
			},
			"faces": {
				"north": {
					"uv": [7, 2, 4, 4],
					"texture": "#0"
				},
				"east": {
					"uv": [4, 4, 2, 6],
					"texture": "#0"
				},
				"south": {
					"uv": [9, 6, 6, 8],
					"texture": "#0"
				},
				"west": {
					"uv": [4, 4, 2, 6],
					"texture": "#0"
				},
				"up": {
					"uv": [9, 4, 6, 6],
					"texture": "#0"
				},
				"down": {
					"uv": [7, 5, 4, 7],
					"texture": "#0"
				}
			}
		},
		{
			"from": [7.15138, 8, 4.60552],
			"to": [8.84862, 11.39448, 26.88177],
			"rotation": {
				"angle": 0,
				"axis": "y",
				"origin": [8, 8, 24.12376]
			},
			"faces": {
				"north": {
					"uv": [7, 7, 5, 11],
					"texture": "#0"
				},
				"east": {
					"uv": [14, 6, 1, 10],
					"texture": "#0"
				},
				"south": {
					"uv": [7, 7, 5, 11],
					"texture": "#0"
				},
				"west": {
					"uv": [14, 6, 1, 10],
					"texture": "#0"
				},
				"up": {
					"uv": [1, 6, 14, 4],
					"rotation": 90,
					"texture": "#0"
				},
				"down": {
					"uv": [1, 6, 14, 4],
					"rotation": 90,
					"texture": "#0"
				}
			}
		},
		{
			"from": [5.45414, 11.39448, 21.5779],
			"to": [7.10895, 13.94033, 24.12376],
			"rotation": {
				"angle": 0,
				"axis": "y",
				"origin": [6.30276, 10.54586, 48.7337]
			},
			"faces": {
				"north": {
					"uv": [11.95, 9, 10, 12],
					"texture": "#0"
				},
				"east": {
					"uv": [6, 3, 3, 6],
					"texture": "#0"
				},
				"south": {
					"uv": [10.95, 3, 9, 6],
					"texture": "#0"
				},
				"west": {
					"uv": [7, 6, 4, 9],
					"texture": "#0"
				},
				"up": {
					"uv": [10.95, 11, 9, 14],
					"texture": "#0"
				},
				"down": {
					"uv": [8.95, 6, 7, 9],
					"texture": "#0"
				}
			}
		},
		{
			"from": [5.45414, 5.87845, 24.33591],
			"to": [8.38188, 8, 26.90829],
			"rotation": {
				"angle": 0,
				"axis": "y",
				"origin": [6.30276, 4.60552, 51.49171]
			},
			"faces": {
				"north": {
					"uv": [12.95, 9, 11, 12],
					"texture": "#0"
				},
				"east": {
					"uv": [5, 3, 3, 6],
					"texture": "#0"
				},
				"south": {
					"uv": [10.95, 3, 9, 6],
					"texture": "#0"
				},
				"west": {
					"uv": [5, 3, 3, 6],
					"texture": "#0"
				},
				"up": {
					"uv": [10.95, 11, 9, 14],
					"texture": "#0"
				},
				"down": {
					"uv": [7.95, 3, 5, 5],
					"texture": "#0"
				}
			}
		}
	]
}
