{
	"textures": {
		"1": "minecraft:block/bone_block_side"
	},
	"display": {
		"head": {
			"rotation": [0, 180, 0]
		}
	},
	"elements": [
		{
			"from": [8.15476, 10.2619, -4],
			"to": [9.86905, 12.54762, 20],
			"rotation": {
				"angle": 0,
				"axis": "y",
				"origin": [8.72619, 10.2619, -2.85714]
			},
			"faces": {
				"north": {
					"uv": [1.5, 0, 3, 2],
					"texture": "#1"
				},
				"east": {
					"uv": [0, 0, 16, 2],
					"texture": "#1"
				},
				"south": {
					"uv": [1.5, 0, 3, 2],
					"texture": "#1"
				},
				"west": {
					"uv": [0, 0, 16, 2],
					"texture": "#1"
				},
				"up": {
					"uv": [1.5, 0, 3, 16],
					"texture": "#1"
				},
				"down": {
					"uv": [1.5, 0, 3, 16],
					"texture": "#1"
				}
			}
		},
		{
			"from": [6.44048, 11.40476, -4],
			"to": [8.15476, 12.54762, -1.71429],
			"rotation": {
				"angle": 0,
				"axis": "y",
				"origin": [7.0119, 10.2619, -2.85714]
			},
			"faces": {
				"north": {
					"uv": [1.5, 0, 3, 1],
					"texture": "#1"
				},
				"east": {
					"uv": [2, 0, 4, 1],
					"texture": "#1"
				},
				"south": {
					"uv": [1.5, 0, 3, 1],
					"texture": "#1"
				},
				"west": {
					"uv": [2, 0, 4, 1],
					"texture": "#1"
				},
				"up": {
					"uv": [1.5, 0, 3, 2],
					"texture": "#1"
				},
				"down": {
					"uv": [1.5, 0, 3, 2],
					"texture": "#1"
				}
			}
		},
		{
			"from": [5.86905, 10.2619, -2.28571],
			"to": [8.15476, 11.40476, 0],
			"rotation": {
				"angle": 0,
				"axis": "y",
				"origin": [7.0119, 9.11905, -1.14286]
			},
			"faces": {
				"north": {
					"uv": [2, 0, 4, 1],
					"texture": "#1"
				},
				"east": {
					"uv": [2, 0, 4, 1],
					"texture": "#1"
				},
				"south": {
					"uv": [2, 0, 4, 1],
					"texture": "#1"
				},
				"west": {
					"uv": [2, 0, 4, 1],
					"texture": "#1"
				},
				"up": {
					"uv": [2, 0, 4, 2],
					"texture": "#1"
				},
				"down": {
					"uv": [2, 0, 4, 2],
					"texture": "#1"
				}
			}
		},
		{
			"from": [5.86905, 10.2619, 16],
			"to": [8.15476, 11.40476, 18.28571],
			"rotation": {
				"angle": 0,
				"axis": "y",
				"origin": [7.0119, 9.11905, 17.14286]
			},
			"faces": {
				"north": {
					"uv": [2, 0, 4, 1],
					"texture": "#1"
				},
				"east": {
					"uv": [2, 0, 4, 1],
					"texture": "#1"
				},
				"south": {
					"uv": [2, 0, 4, 1],
					"texture": "#1"
				},
				"west": {
					"uv": [2, 0, 4, 1],
					"texture": "#1"
				},
				"up": {
					"uv": [2, 0, 4, 2],
					"texture": "#1"
				},
				"down": {
					"uv": [2, 0, 4, 2],
					"texture": "#1"
				}
			}
		},
		{
			"from": [4.72619, 10.2619, 1.71429],
			"to": [8.15476, 11.40476, 5.14286],
			"rotation": {
				"angle": 0,
				"axis": "y",
				"origin": [7.0119, 9.11905, 3.42857]
			},
			"faces": {
				"north": {
					"uv": [3, 0, 6, 1],
					"texture": "#1"
				},
				"east": {
					"uv": [3, 0, 6, 1],
					"texture": "#1"
				},
				"south": {
					"uv": [3, 0, 6, 1],
					"texture": "#1"
				},
				"west": {
					"uv": [3, 0, 6, 1],
					"texture": "#1"
				},
				"up": {
					"uv": [3, 0, 6, 3],
					"texture": "#1"
				},
				"down": {
					"uv": [3, 0, 6, 3],
					"texture": "#1"
				}
			}
		},
		{
			"from": [3.86905, 10.2619, 6.28571],
			"to": [8.15476, 11.40476, 9.71429],
			"rotation": {
				"angle": 0,
				"axis": "y",
				"origin": [7.0119, 9.11905, 8]
			},
			"faces": {
				"north": {
					"uv": [3.75, 0, 7.5, 1],
					"texture": "#1"
				},
				"east": {
					"uv": [3, 0, 6, 1],
					"texture": "#1"
				},
				"south": {
					"uv": [3.75, 0, 7.5, 1],
					"texture": "#1"
				},
				"west": {
					"uv": [3, 0, 6, 1],
					"texture": "#1"
				},
				"up": {
					"uv": [3.75, 0, 7.5, 3],
					"texture": "#1"
				},
				"down": {
					"uv": [3.75, 0, 7.5, 3],
					"texture": "#1"
				}
			}
		},
		{
			"from": [4.72619, 10.2619, 10.85714],
			"to": [8.15476, 11.40476, 14.28571],
			"rotation": {
				"angle": 0,
				"axis": "y",
				"origin": [7.0119, 9.11905, 12.57143]
			},
			"faces": {
				"north": {
					"uv": [3, 0, 6, 1],
					"texture": "#1"
				},
				"east": {
					"uv": [3, 0, 6, 1],
					"texture": "#1"
				},
				"south": {
					"uv": [3, 0, 6, 1],
					"texture": "#1"
				},
				"west": {
					"uv": [3, 0, 6, 1],
					"texture": "#1"
				},
				"up": {
					"uv": [3, 0, 6, 3],
					"texture": "#1"
				},
				"down": {
					"uv": [3, 0, 6, 3],
					"texture": "#1"
				}
			}
		},
		{
			"from": [6.44048, 11.40476, 17.71429],
			"to": [8.15476, 12.54762, 20],
			"rotation": {
				"angle": 0,
				"axis": "y",
				"origin": [7.0119, 10.2619, 17.71429]
			},
			"faces": {
				"north": {
					"uv": [1.5, 0, 3, 1],
					"texture": "#1"
				},
				"east": {
					"uv": [2, 0, 4, 1],
					"texture": "#1"
				},
				"south": {
					"uv": [1.5, 0, 3, 1],
					"texture": "#1"
				},
				"west": {
					"uv": [2, 0, 4, 1],
					"texture": "#1"
				},
				"up": {
					"uv": [1.5, 0, 3, 2],
					"texture": "#1"
				},
				"down": {
					"uv": [1.5, 0, 3, 2],
					"texture": "#1"
				}
			}
		},
		{
			"from": [5.29762, 11.40476, -0.57143],
			"to": [8.15476, 12.54762, 2.85714],
			"rotation": {
				"angle": 0,
				"axis": "y",
				"origin": [7.0119, 10.2619, 0.57143]
			},
			"faces": {
				"north": {
					"uv": [2.5, 0, 5, 1],
					"texture": "#1"
				},
				"east": {
					"uv": [3, 0, 6, 1],
					"texture": "#1"
				},
				"south": {
					"uv": [2.5, 0, 5, 1],
					"texture": "#1"
				},
				"west": {
					"uv": [3, 0, 6, 1],
					"texture": "#1"
				},
				"up": {
					"uv": [2.5, 0, 5, 3],
					"texture": "#1"
				},
				"down": {
					"uv": [2.5, 0, 5, 3],
					"texture": "#1"
				}
			}
		},
		{
			"from": [5.29762, 11.40476, 13.14286],
			"to": [8.15476, 12.54762, 16.57143],
			"rotation": {
				"angle": 0,
				"axis": "y",
				"origin": [7.0119, 10.2619, 14.28571]
			},
			"faces": {
				"north": {
					"uv": [2.5, 0, 5, 1],
					"texture": "#1"
				},
				"east": {
					"uv": [3, 0, 6, 1],
					"texture": "#1"
				},
				"south": {
					"uv": [2.5, 0, 5, 1],
					"texture": "#1"
				},
				"west": {
					"uv": [3, 0, 6, 1],
					"texture": "#1"
				},
				"up": {
					"uv": [2.5, 0, 5, 3],
					"texture": "#1"
				},
				"down": {
					"uv": [2.5, 0, 5, 3],
					"texture": "#1"
				}
			}
		},
		{
			"from": [4.15476, 11.40476, 4],
			"to": [8.15476, 12.54762, 7.42857],
			"rotation": {
				"angle": 0,
				"axis": "y",
				"origin": [7.0119, 10.2619, 5.14286]
			},
			"faces": {
				"north": {
					"uv": [3.5, 0, 7, 1],
					"texture": "#1"
				},
				"east": {
					"uv": [3, 0, 6, 1],
					"texture": "#1"
				},
				"south": {
					"uv": [3.5, 0, 7, 1],
					"texture": "#1"
				},
				"west": {
					"uv": [3, 0, 6, 1],
					"texture": "#1"
				},
				"up": {
					"uv": [3.5, 0, 7, 3],
					"texture": "#1"
				},
				"down": {
					"uv": [3.5, 0, 7, 3],
					"texture": "#1"
				}
			}
		},
		{
			"from": [4.15476, 11.40476, 8.57143],
			"to": [8.15476, 12.54762, 12],
			"rotation": {
				"angle": 0,
				"axis": "y",
				"origin": [7.0119, 10.2619, 9.71429]
			},
			"faces": {
				"north": {
					"uv": [3.5, 0, 7, 1],
					"texture": "#1"
				},
				"east": {
					"uv": [3, 0, 6, 1],
					"texture": "#1"
				},
				"south": {
					"uv": [3.5, 0, 7, 1],
					"texture": "#1"
				},
				"west": {
					"uv": [3, 0, 6, 1],
					"texture": "#1"
				},
				"up": {
					"uv": [3.5, 0, 7, 3],
					"texture": "#1"
				},
				"down": {
					"uv": [3.5, 0, 7, 3],
					"texture": "#1"
				}
			}
		},
		{
			"from": [8.15476, 3.40476, -4],
			"to": [9.86905, 5.69048, 20],
			"rotation": {
				"angle": 0,
				"axis": "y",
				"origin": [8.72619, 5.69048, -2.85714]
			},
			"faces": {
				"north": {
					"uv": [1.5, 2, 3, 4],
					"texture": "#1"
				},
				"east": {
					"uv": [0, 2, 16, 4],
					"texture": "#1"
				},
				"south": {
					"uv": [1.5, 2, 3, 4],
					"texture": "#1"
				},
				"west": {
					"uv": [0, 2, 16, 4],
					"texture": "#1"
				},
				"up": {
					"uv": [1.5, 0, 3, 16],
					"texture": "#1"
				},
				"down": {
					"uv": [1.5, 0, 3, 16],
					"texture": "#1"
				}
			}
		},
		{
			"from": [6.44048, 3.40476, -4],
			"to": [8.15476, 4.54762, -1.71429],
			"rotation": {
				"angle": 0,
				"axis": "y",
				"origin": [7.0119, 5.69048, -2.85714]
			},
			"faces": {
				"north": {
					"uv": [1.5, 1, 3, 2],
					"texture": "#1"
				},
				"east": {
					"uv": [2, 1, 4, 2],
					"texture": "#1"
				},
				"south": {
					"uv": [1.5, 1, 3, 2],
					"texture": "#1"
				},
				"west": {
					"uv": [2, 1, 4, 2],
					"texture": "#1"
				},
				"up": {
					"uv": [1.5, 2, 3, 4],
					"texture": "#1"
				},
				"down": {
					"uv": [1.5, 2, 3, 4],
					"texture": "#1"
				}
			}
		},
		{
			"from": [5.86905, 4.54762, -2.28571],
			"to": [8.15476, 5.69048, 0],
			"rotation": {
				"angle": 0,
				"axis": "y",
				"origin": [7.0119, 6.83333, -1.14286]
			},
			"faces": {
				"north": {
					"uv": [2, 1, 4, 2],
					"texture": "#1"
				},
				"east": {
					"uv": [2, 1, 4, 2],
					"texture": "#1"
				},
				"south": {
					"uv": [2, 1, 4, 2],
					"texture": "#1"
				},
				"west": {
					"uv": [2, 1, 4, 2],
					"texture": "#1"
				},
				"up": {
					"uv": [2, 2, 4, 4],
					"texture": "#1"
				},
				"down": {
					"uv": [2, 2, 4, 4],
					"texture": "#1"
				}
			}
		},
		{
			"from": [5.86905, 4.54762, 16],
			"to": [8.15476, 5.69048, 18.28571],
			"rotation": {
				"angle": 0,
				"axis": "y",
				"origin": [7.0119, 6.83333, 17.14286]
			},
			"faces": {
				"north": {
					"uv": [2, 1, 4, 2],
					"texture": "#1"
				},
				"east": {
					"uv": [2, 1, 4, 2],
					"texture": "#1"
				},
				"south": {
					"uv": [2, 1, 4, 2],
					"texture": "#1"
				},
				"west": {
					"uv": [2, 1, 4, 2],
					"texture": "#1"
				},
				"up": {
					"uv": [2, 2, 4, 4],
					"texture": "#1"
				},
				"down": {
					"uv": [2, 2, 4, 4],
					"texture": "#1"
				}
			}
		},
		{
			"from": [4.72619, 4.54762, 1.71429],
			"to": [8.15476, 5.69048, 5.14286],
			"rotation": {
				"angle": 0,
				"axis": "y",
				"origin": [7.0119, 6.83333, 3.42857]
			},
			"faces": {
				"north": {
					"uv": [3, 1, 6, 2],
					"texture": "#1"
				},
				"east": {
					"uv": [3, 1, 6, 2],
					"texture": "#1"
				},
				"south": {
					"uv": [3, 1, 6, 2],
					"texture": "#1"
				},
				"west": {
					"uv": [3, 1, 6, 2],
					"texture": "#1"
				},
				"up": {
					"uv": [3, 3, 6, 6],
					"texture": "#1"
				},
				"down": {
					"uv": [3, 3, 6, 6],
					"texture": "#1"
				}
			}
		},
		{
			"from": [3.86905, 4.54762, 6.28571],
			"to": [8.15476, 5.69048, 9.71429],
			"rotation": {
				"angle": 0,
				"axis": "y",
				"origin": [7.0119, 6.83333, 8]
			},
			"faces": {
				"north": {
					"uv": [3.75, 1, 7.5, 2],
					"texture": "#1"
				},
				"east": {
					"uv": [3, 1, 6, 2],
					"texture": "#1"
				},
				"south": {
					"uv": [3.75, 1, 7.5, 2],
					"texture": "#1"
				},
				"west": {
					"uv": [3, 1, 6, 2],
					"texture": "#1"
				},
				"up": {
					"uv": [3.75, 3, 7.5, 6],
					"texture": "#1"
				},
				"down": {
					"uv": [3.75, 3, 7.5, 6],
					"texture": "#1"
				}
			}
		},
		{
			"from": [4.72619, 4.54762, 10.85714],
			"to": [8.15476, 5.69048, 14.28571],
			"rotation": {
				"angle": 0,
				"axis": "y",
				"origin": [7.0119, 6.83333, 12.57143]
			},
			"faces": {
				"north": {
					"uv": [3, 1, 6, 2],
					"texture": "#1"
				},
				"east": {
					"uv": [3, 1, 6, 2],
					"texture": "#1"
				},
				"south": {
					"uv": [3, 1, 6, 2],
					"texture": "#1"
				},
				"west": {
					"uv": [3, 1, 6, 2],
					"texture": "#1"
				},
				"up": {
					"uv": [3, 3, 6, 6],
					"texture": "#1"
				},
				"down": {
					"uv": [3, 3, 6, 6],
					"texture": "#1"
				}
			}
		},
		{
			"from": [6.44048, 3.40476, 17.71429],
			"to": [8.15476, 4.54762, 20],
			"rotation": {
				"angle": 0,
				"axis": "y",
				"origin": [7.0119, 5.69048, 17.71429]
			},
			"faces": {
				"north": {
					"uv": [1.5, 1, 3, 2],
					"texture": "#1"
				},
				"east": {
					"uv": [2, 1, 4, 2],
					"texture": "#1"
				},
				"south": {
					"uv": [1.5, 1, 3, 2],
					"texture": "#1"
				},
				"west": {
					"uv": [2, 1, 4, 2],
					"texture": "#1"
				},
				"up": {
					"uv": [1.5, 2, 3, 4],
					"texture": "#1"
				},
				"down": {
					"uv": [1.5, 2, 3, 4],
					"texture": "#1"
				}
			}
		},
		{
			"from": [5.29762, 3.40476, -0.57143],
			"to": [8.15476, 4.54762, 2.85714],
			"rotation": {
				"angle": 0,
				"axis": "y",
				"origin": [7.0119, 5.69048, 0.57143]
			},
			"faces": {
				"north": {
					"uv": [2.5, 1, 5, 2],
					"texture": "#1"
				},
				"east": {
					"uv": [3, 1, 6, 2],
					"texture": "#1"
				},
				"south": {
					"uv": [2.5, 1, 5, 2],
					"texture": "#1"
				},
				"west": {
					"uv": [3, 1, 6, 2],
					"texture": "#1"
				},
				"up": {
					"uv": [2.5, 3, 5, 6],
					"texture": "#1"
				},
				"down": {
					"uv": [2.5, 3, 5, 6],
					"texture": "#1"
				}
			}
		},
		{
			"from": [5.29762, 3.40476, 13.14286],
			"to": [8.15476, 4.54762, 16.57143],
			"rotation": {
				"angle": 0,
				"axis": "y",
				"origin": [7.0119, 5.69048, 14.28571]
			},
			"faces": {
				"north": {
					"uv": [2.5, 1, 5, 2],
					"texture": "#1"
				},
				"east": {
					"uv": [3, 1, 6, 2],
					"texture": "#1"
				},
				"south": {
					"uv": [2.5, 1, 5, 2],
					"texture": "#1"
				},
				"west": {
					"uv": [3, 1, 6, 2],
					"texture": "#1"
				},
				"up": {
					"uv": [2.5, 3, 5, 6],
					"texture": "#1"
				},
				"down": {
					"uv": [2.5, 3, 5, 6],
					"texture": "#1"
				}
			}
		},
		{
			"from": [4.15476, 3.40476, 4],
			"to": [8.15476, 4.54762, 7.42857],
			"rotation": {
				"angle": 0,
				"axis": "y",
				"origin": [7.0119, 5.69048, 5.14286]
			},
			"faces": {
				"north": {
					"uv": [3.5, 1, 7, 2],
					"texture": "#1"
				},
				"east": {
					"uv": [3, 1, 6, 2],
					"texture": "#1"
				},
				"south": {
					"uv": [3.5, 1, 7, 2],
					"texture": "#1"
				},
				"west": {
					"uv": [3, 1, 6, 2],
					"texture": "#1"
				},
				"up": {
					"uv": [3.5, 3, 7, 6],
					"texture": "#1"
				},
				"down": {
					"uv": [3.5, 3, 7, 6],
					"texture": "#1"
				}
			}
		},
		{
			"from": [4.15476, 3.40476, 8.57143],
			"to": [8.15476, 4.54762, 12],
			"rotation": {
				"angle": 0,
				"axis": "y",
				"origin": [7.0119, 5.69048, 9.71429]
			},
			"faces": {
				"north": {
					"uv": [3.5, 1, 7, 2],
					"texture": "#1"
				},
				"east": {
					"uv": [3, 1, 6, 2],
					"texture": "#1"
				},
				"south": {
					"uv": [3.5, 1, 7, 2],
					"texture": "#1"
				},
				"west": {
					"uv": [3, 1, 6, 2],
					"texture": "#1"
				},
				"up": {
					"uv": [3.5, 3, 7, 6],
					"texture": "#1"
				},
				"down": {
					"uv": [3.5, 3, 7, 6],
					"texture": "#1"
				}
			}
		},
		{
			"from": [10.44048, 5.69048, -4],
			"to": [12.15476, 7.97619, 20],
			"rotation": {
				"angle": 0,
				"axis": "y",
				"origin": [11.0119, 5.69048, -2.85714]
			},
			"faces": {
				"north": {
					"uv": [1.5, 0, 3, 2],
					"texture": "#1"
				},
				"east": {
					"uv": [0, 0, 16, 2],
					"texture": "#1"
				},
				"south": {
					"uv": [1.5, 0, 3, 2],
					"texture": "#1"
				},
				"west": {
					"uv": [0, 0, 16, 2],
					"texture": "#1"
				},
				"up": {
					"uv": [1.5, 0, 3, 16],
					"texture": "#1"
				},
				"down": {
					"uv": [1.5, 0, 3, 16],
					"texture": "#1"
				}
			}
		},
		{
			"from": [8.72619, 6.83333, -4],
			"to": [10.44048, 7.97619, -1.71429],
			"rotation": {
				"angle": 0,
				"axis": "y",
				"origin": [9.29762, 5.69048, -2.85714]
			},
			"faces": {
				"north": {
					"uv": [1.5, 0, 3, 1],
					"texture": "#1"
				},
				"east": {
					"uv": [2, 0, 4, 1],
					"texture": "#1"
				},
				"south": {
					"uv": [1.5, 0, 3, 1],
					"texture": "#1"
				},
				"west": {
					"uv": [2, 0, 4, 1],
					"texture": "#1"
				},
				"up": {
					"uv": [1.5, 0, 3, 2],
					"texture": "#1"
				},
				"down": {
					"uv": [1.5, 0, 3, 2],
					"texture": "#1"
				}
			}
		},
		{
			"from": [8.15476, 5.69048, -2.28571],
			"to": [10.44048, 6.83333, 0],
			"rotation": {
				"angle": 0,
				"axis": "y",
				"origin": [9.29762, 4.54762, -1.14286]
			},
			"faces": {
				"north": {
					"uv": [2, 0, 4, 1],
					"texture": "#1"
				},
				"east": {
					"uv": [2, 0, 4, 1],
					"texture": "#1"
				},
				"south": {
					"uv": [2, 0, 4, 1],
					"texture": "#1"
				},
				"west": {
					"uv": [2, 0, 4, 1],
					"texture": "#1"
				},
				"up": {
					"uv": [2, 0, 4, 2],
					"texture": "#1"
				},
				"down": {
					"uv": [2, 0, 4, 2],
					"texture": "#1"
				}
			}
		},
		{
			"from": [8.15476, 5.69048, 16],
			"to": [10.44048, 6.83333, 18.28571],
			"rotation": {
				"angle": 0,
				"axis": "y",
				"origin": [9.29762, 4.54762, 17.14286]
			},
			"faces": {
				"north": {
					"uv": [2, 0, 4, 1],
					"texture": "#1"
				},
				"east": {
					"uv": [2, 0, 4, 1],
					"texture": "#1"
				},
				"south": {
					"uv": [2, 0, 4, 1],
					"texture": "#1"
				},
				"west": {
					"uv": [2, 0, 4, 1],
					"texture": "#1"
				},
				"up": {
					"uv": [2, 0, 4, 2],
					"texture": "#1"
				},
				"down": {
					"uv": [2, 0, 4, 2],
					"texture": "#1"
				}
			}
		},
		{
			"from": [7.0119, 5.69048, 1.71429],
			"to": [10.44048, 6.83333, 5.14286],
			"rotation": {
				"angle": 0,
				"axis": "y",
				"origin": [9.29762, 4.54762, 3.42857]
			},
			"faces": {
				"north": {
					"uv": [3, 0, 6, 1],
					"texture": "#1"
				},
				"east": {
					"uv": [3, 0, 6, 1],
					"texture": "#1"
				},
				"south": {
					"uv": [3, 0, 6, 1],
					"texture": "#1"
				},
				"west": {
					"uv": [3, 0, 6, 1],
					"texture": "#1"
				},
				"up": {
					"uv": [3, 0, 6, 3],
					"texture": "#1"
				},
				"down": {
					"uv": [3, 0, 6, 3],
					"texture": "#1"
				}
			}
		},
		{
			"from": [6.15476, 5.69048, 6.28571],
			"to": [10.44048, 6.83333, 9.71429],
			"rotation": {
				"angle": 0,
				"axis": "y",
				"origin": [9.29762, 4.54762, 8]
			},
			"faces": {
				"north": {
					"uv": [3.75, 0, 7.5, 1],
					"texture": "#1"
				},
				"east": {
					"uv": [3, 0, 6, 1],
					"texture": "#1"
				},
				"south": {
					"uv": [3.75, 0, 7.5, 1],
					"texture": "#1"
				},
				"west": {
					"uv": [3, 0, 6, 1],
					"texture": "#1"
				},
				"up": {
					"uv": [3.75, 0, 7.5, 3],
					"texture": "#1"
				},
				"down": {
					"uv": [3.75, 0, 7.5, 3],
					"texture": "#1"
				}
			}
		},
		{
			"from": [7.0119, 5.69048, 10.85714],
			"to": [10.44048, 6.83333, 14.28571],
			"rotation": {
				"angle": 0,
				"axis": "y",
				"origin": [9.29762, 4.54762, 12.57143]
			},
			"faces": {
				"north": {
					"uv": [3, 0, 6, 1],
					"texture": "#1"
				},
				"east": {
					"uv": [3, 0, 6, 1],
					"texture": "#1"
				},
				"south": {
					"uv": [3, 0, 6, 1],
					"texture": "#1"
				},
				"west": {
					"uv": [3, 0, 6, 1],
					"texture": "#1"
				},
				"up": {
					"uv": [3, 0, 6, 3],
					"texture": "#1"
				},
				"down": {
					"uv": [3, 0, 6, 3],
					"texture": "#1"
				}
			}
		},
		{
			"from": [8.72619, 6.83333, 17.71429],
			"to": [10.44048, 7.97619, 20],
			"rotation": {
				"angle": 0,
				"axis": "y",
				"origin": [9.29762, 5.69048, 17.71429]
			},
			"faces": {
				"north": {
					"uv": [1.5, 0, 3, 1],
					"texture": "#1"
				},
				"east": {
					"uv": [2, 0, 4, 1],
					"texture": "#1"
				},
				"south": {
					"uv": [1.5, 0, 3, 1],
					"texture": "#1"
				},
				"west": {
					"uv": [2, 0, 4, 1],
					"texture": "#1"
				},
				"up": {
					"uv": [1.5, 0, 3, 2],
					"texture": "#1"
				},
				"down": {
					"uv": [1.5, 0, 3, 2],
					"texture": "#1"
				}
			}
		},
		{
			"from": [7.58333, 6.83333, -0.57143],
			"to": [10.44048, 7.97619, 2.85714],
			"rotation": {
				"angle": 0,
				"axis": "y",
				"origin": [9.29762, 5.69048, 0.57143]
			},
			"faces": {
				"north": {
					"uv": [2.5, 0, 5, 1],
					"texture": "#1"
				},
				"east": {
					"uv": [3, 0, 6, 1],
					"texture": "#1"
				},
				"south": {
					"uv": [2.5, 0, 5, 1],
					"texture": "#1"
				},
				"west": {
					"uv": [3, 0, 6, 1],
					"texture": "#1"
				},
				"up": {
					"uv": [2.5, 0, 5, 3],
					"texture": "#1"
				},
				"down": {
					"uv": [2.5, 0, 5, 3],
					"texture": "#1"
				}
			}
		},
		{
			"from": [7.58333, 6.83333, 13.14286],
			"to": [10.44048, 7.97619, 16.57143],
			"rotation": {
				"angle": 0,
				"axis": "y",
				"origin": [9.29762, 5.69048, 14.28571]
			},
			"faces": {
				"north": {
					"uv": [2.5, 0, 5, 1],
					"texture": "#1"
				},
				"east": {
					"uv": [3, 0, 6, 1],
					"texture": "#1"
				},
				"south": {
					"uv": [2.5, 0, 5, 1],
					"texture": "#1"
				},
				"west": {
					"uv": [3, 0, 6, 1],
					"texture": "#1"
				},
				"up": {
					"uv": [2.5, 0, 5, 3],
					"texture": "#1"
				},
				"down": {
					"uv": [2.5, 0, 5, 3],
					"texture": "#1"
				}
			}
		},
		{
			"from": [6.44048, 6.83333, 4],
			"to": [10.44048, 7.97619, 7.42857],
			"rotation": {
				"angle": 0,
				"axis": "y",
				"origin": [9.29762, 5.69048, 5.14286]
			},
			"faces": {
				"north": {
					"uv": [3.5, 0, 7, 1],
					"texture": "#1"
				},
				"east": {
					"uv": [3, 0, 6, 1],
					"texture": "#1"
				},
				"south": {
					"uv": [3.5, 0, 7, 1],
					"texture": "#1"
				},
				"west": {
					"uv": [3, 0, 6, 1],
					"texture": "#1"
				},
				"up": {
					"uv": [3.5, 0, 7, 3],
					"texture": "#1"
				},
				"down": {
					"uv": [3.5, 0, 7, 3],
					"texture": "#1"
				}
			}
		},
		{
			"from": [6.44048, 6.83333, 8.57143],
			"to": [10.44048, 7.97619, 12],
			"rotation": {
				"angle": 0,
				"axis": "y",
				"origin": [9.29762, 5.69048, 9.71429]
			},
			"faces": {
				"north": {
					"uv": [3.5, 0, 7, 1],
					"texture": "#1"
				},
				"east": {
					"uv": [3, 0, 6, 1],
					"texture": "#1"
				},
				"south": {
					"uv": [3.5, 0, 7, 1],
					"texture": "#1"
				},
				"west": {
					"uv": [3, 0, 6, 1],
					"texture": "#1"
				},
				"up": {
					"uv": [3.5, 0, 7, 3],
					"texture": "#1"
				},
				"down": {
					"uv": [3.5, 0, 7, 3],
					"texture": "#1"
				}
			}
		},
		{
			"from": [6.44048, 9.11905, 8.57143],
			"to": [10.44048, 10.2619, 12],
			"rotation": {
				"angle": 0,
				"axis": "y",
				"origin": [9.29762, 7.97619, 9.71429]
			},
			"faces": {
				"north": {
					"uv": [3.5, 0, 7, 1],
					"texture": "#1"
				},
				"east": {
					"uv": [3, 0, 6, 1],
					"texture": "#1"
				},
				"south": {
					"uv": [3.5, 0, 7, 1],
					"texture": "#1"
				},
				"west": {
					"uv": [3, 0, 6, 1],
					"texture": "#1"
				},
				"up": {
					"uv": [3.5, 0, 7, 3],
					"texture": "#1"
				},
				"down": {
					"uv": [3.5, 0, 7, 3],
					"texture": "#1"
				}
			}
		},
		{
			"from": [6.44048, 9.11905, 4],
			"to": [10.44048, 10.2619, 7.42857],
			"rotation": {
				"angle": 0,
				"axis": "y",
				"origin": [9.29762, 7.97619, 5.14286]
			},
			"faces": {
				"north": {
					"uv": [3.5, 0, 7, 1],
					"texture": "#1"
				},
				"east": {
					"uv": [3, 0, 6, 1],
					"texture": "#1"
				},
				"south": {
					"uv": [3.5, 0, 7, 1],
					"texture": "#1"
				},
				"west": {
					"uv": [3, 0, 6, 1],
					"texture": "#1"
				},
				"up": {
					"uv": [3.5, 0, 7, 3],
					"texture": "#1"
				},
				"down": {
					"uv": [3.5, 0, 7, 3],
					"texture": "#1"
				}
			}
		},
		{
			"from": [7.58333, 9.11905, 13.14286],
			"to": [10.44048, 10.2619, 16.57143],
			"rotation": {
				"angle": 0,
				"axis": "y",
				"origin": [9.29762, 7.97619, 14.28571]
			},
			"faces": {
				"north": {
					"uv": [2.5, 0, 5, 1],
					"texture": "#1"
				},
				"east": {
					"uv": [3, 0, 6, 1],
					"texture": "#1"
				},
				"south": {
					"uv": [2.5, 0, 5, 1],
					"texture": "#1"
				},
				"west": {
					"uv": [3, 0, 6, 1],
					"texture": "#1"
				},
				"up": {
					"uv": [2.5, 0, 5, 3],
					"texture": "#1"
				},
				"down": {
					"uv": [2.5, 0, 5, 3],
					"texture": "#1"
				}
			}
		},
		{
			"from": [7.58333, 9.11905, -0.57143],
			"to": [10.44048, 10.2619, 2.85714],
			"rotation": {
				"angle": 0,
				"axis": "y",
				"origin": [9.29762, 7.97619, 0.57143]
			},
			"faces": {
				"north": {
					"uv": [2.5, 0, 5, 1],
					"texture": "#1"
				},
				"east": {
					"uv": [3, 0, 6, 1],
					"texture": "#1"
				},
				"south": {
					"uv": [2.5, 0, 5, 1],
					"texture": "#1"
				},
				"west": {
					"uv": [3, 0, 6, 1],
					"texture": "#1"
				},
				"up": {
					"uv": [2.5, 0, 5, 3],
					"texture": "#1"
				},
				"down": {
					"uv": [2.5, 0, 5, 3],
					"texture": "#1"
				}
			}
		},
		{
			"from": [8.72619, 9.11905, 17.71429],
			"to": [10.44048, 10.2619, 20],
			"rotation": {
				"angle": 0,
				"axis": "y",
				"origin": [9.29762, 7.97619, 17.71429]
			},
			"faces": {
				"north": {
					"uv": [1.5, 0, 3, 1],
					"texture": "#1"
				},
				"east": {
					"uv": [2, 0, 4, 1],
					"texture": "#1"
				},
				"south": {
					"uv": [1.5, 0, 3, 1],
					"texture": "#1"
				},
				"west": {
					"uv": [2, 0, 4, 1],
					"texture": "#1"
				},
				"up": {
					"uv": [1.5, 0, 3, 2],
					"texture": "#1"
				},
				"down": {
					"uv": [1.5, 0, 3, 2],
					"texture": "#1"
				}
			}
		},
		{
			"from": [7.0119, 7.97619, 10.85714],
			"to": [10.44048, 9.11905, 14.28571],
			"rotation": {
				"angle": 0,
				"axis": "y",
				"origin": [9.29762, 6.83333, 12.57143]
			},
			"faces": {
				"north": {
					"uv": [3, 0, 6, 1],
					"texture": "#1"
				},
				"east": {
					"uv": [3, 0, 6, 1],
					"texture": "#1"
				},
				"south": {
					"uv": [3, 0, 6, 1],
					"texture": "#1"
				},
				"west": {
					"uv": [3, 0, 6, 1],
					"texture": "#1"
				},
				"up": {
					"uv": [3, 0, 6, 3],
					"texture": "#1"
				},
				"down": {
					"uv": [3, 0, 6, 3],
					"texture": "#1"
				}
			}
		},
		{
			"from": [6.15476, 7.97619, 6.28571],
			"to": [10.44048, 9.11905, 9.71429],
			"rotation": {
				"angle": 0,
				"axis": "y",
				"origin": [9.29762, 6.83333, 8]
			},
			"faces": {
				"north": {
					"uv": [3.75, 0, 7.5, 1],
					"texture": "#1"
				},
				"east": {
					"uv": [3, 0, 6, 1],
					"texture": "#1"
				},
				"south": {
					"uv": [3.75, 0, 7.5, 1],
					"texture": "#1"
				},
				"west": {
					"uv": [3, 0, 6, 1],
					"texture": "#1"
				},
				"up": {
					"uv": [3.75, 0, 7.5, 3],
					"texture": "#1"
				},
				"down": {
					"uv": [3.75, 0, 7.5, 3],
					"texture": "#1"
				}
			}
		},
		{
			"from": [7.0119, 7.97619, 1.71429],
			"to": [10.44048, 9.11905, 5.14286],
			"rotation": {
				"angle": 0,
				"axis": "y",
				"origin": [9.29762, 6.83333, 3.42857]
			},
			"faces": {
				"north": {
					"uv": [3, 0, 6, 1],
					"texture": "#1"
				},
				"east": {
					"uv": [3, 0, 6, 1],
					"texture": "#1"
				},
				"south": {
					"uv": [3, 0, 6, 1],
					"texture": "#1"
				},
				"west": {
					"uv": [3, 0, 6, 1],
					"texture": "#1"
				},
				"up": {
					"uv": [3, 0, 6, 3],
					"texture": "#1"
				},
				"down": {
					"uv": [3, 0, 6, 3],
					"texture": "#1"
				}
			}
		},
		{
			"from": [8.15476, 7.97619, 16],
			"to": [10.44048, 9.11905, 18.28571],
			"rotation": {
				"angle": 0,
				"axis": "y",
				"origin": [9.29762, 6.83333, 17.14286]
			},
			"faces": {
				"north": {
					"uv": [2, 0, 4, 1],
					"texture": "#1"
				},
				"east": {
					"uv": [2, 0, 4, 1],
					"texture": "#1"
				},
				"south": {
					"uv": [2, 0, 4, 1],
					"texture": "#1"
				},
				"west": {
					"uv": [2, 0, 4, 1],
					"texture": "#1"
				},
				"up": {
					"uv": [2, 0, 4, 2],
					"texture": "#1"
				},
				"down": {
					"uv": [2, 0, 4, 2],
					"texture": "#1"
				}
			}
		},
		{
			"from": [8.15476, 7.97619, -2.28571],
			"to": [10.44048, 9.11905, 0],
			"rotation": {
				"angle": 0,
				"axis": "y",
				"origin": [9.29762, 6.83333, -1.14286]
			},
			"faces": {
				"north": {
					"uv": [2, 0, 4, 1],
					"texture": "#1"
				},
				"east": {
					"uv": [2, 0, 4, 1],
					"texture": "#1"
				},
				"south": {
					"uv": [2, 0, 4, 1],
					"texture": "#1"
				},
				"west": {
					"uv": [2, 0, 4, 1],
					"texture": "#1"
				},
				"up": {
					"uv": [2, 0, 4, 2],
					"texture": "#1"
				},
				"down": {
					"uv": [2, 0, 4, 2],
					"texture": "#1"
				}
			}
		},
		{
			"from": [8.72619, 9.11905, -4],
			"to": [10.44048, 10.2619, -1.71429],
			"rotation": {
				"angle": 0,
				"axis": "y",
				"origin": [9.29762, 7.97619, -2.85714]
			},
			"faces": {
				"north": {
					"uv": [1.5, 0, 3, 1],
					"texture": "#1"
				},
				"east": {
					"uv": [2, 0, 4, 1],
					"texture": "#1"
				},
				"south": {
					"uv": [1.5, 0, 3, 1],
					"texture": "#1"
				},
				"west": {
					"uv": [2, 0, 4, 1],
					"texture": "#1"
				},
				"up": {
					"uv": [1.5, 0, 3, 2],
					"texture": "#1"
				},
				"down": {
					"uv": [1.5, 0, 3, 2],
					"texture": "#1"
				}
			}
		},
		{
			"from": [10.44048, 7.97619, -4],
			"to": [12.15476, 10.2619, 20],
			"rotation": {
				"angle": 0,
				"axis": "y",
				"origin": [11.0119, 7.97619, -2.85714]
			},
			"faces": {
				"north": {
					"uv": [1.5, 0, 3, 2],
					"texture": "#1"
				},
				"east": {
					"uv": [0, 0, 16, 2],
					"texture": "#1"
				},
				"south": {
					"uv": [1.5, 0, 3, 2],
					"texture": "#1"
				},
				"west": {
					"uv": [0, 0, 16, 2],
					"texture": "#1"
				},
				"up": {
					"uv": [1.5, 0, 3, 16],
					"texture": "#1"
				},
				"down": {
					"uv": [1.5, 0, 3, 16],
					"texture": "#1"
				}
			}
		}
	]
}
