{
	"textures": {
		"1": "minecraft:block/bone_block_side"
	},
	"display": {
		"head": {
			"rotation": [0, 180, 0]
		}
	},
	"elements": [
		{
			"from": [6.13095, 10.2619, -4],
			"to": [7.84524, 12.54762, 20],
			"rotation": {
				"angle": 0,
				"axis": "y",
				"origin": [7.27381, 10.2619, -2.85714]
			},
			"faces": {
				"north": {
					"uv": [0, 0, 1.5, 2],
					"texture": "#1"
				},
				"east": {
					"uv": [0, 0, 16, 2],
					"texture": "#1"
				},
				"south": {
					"uv": [0, 0, 1.5, 2],
					"texture": "#1"
				},
				"west": {
					"uv": [0, 0, 16, 2],
					"texture": "#1"
				},
				"up": {
					"uv": [0, 0, 1.5, 16],
					"texture": "#1"
				},
				"down": {
					"uv": [0, 0, 1.5, 16],
					"texture": "#1"
				}
			}
		},
		{
			"from": [7.84524, 11.40476, -4],
			"to": [9.55952, 12.54762, -1.71429],
			"rotation": {
				"angle": 0,
				"axis": "y",
				"origin": [8.9881, 10.2619, -2.85714]
			},
			"faces": {
				"north": {
					"uv": [0, 0, 1.5, 1],
					"texture": "#1"
				},
				"east": {
					"uv": [0, 0, 2, 1],
					"texture": "#1"
				},
				"south": {
					"uv": [0, 0, 1.5, 1],
					"texture": "#1"
				},
				"west": {
					"uv": [0, 0, 2, 1],
					"texture": "#1"
				},
				"up": {
					"uv": [0, 0, 1.5, 2],
					"texture": "#1"
				},
				"down": {
					"uv": [0, 0, 1.5, 2],
					"texture": "#1"
				}
			}
		},
		{
			"from": [7.84524, 10.2619, -2.28571],
			"to": [10.13095, 11.40476, 0],
			"rotation": {
				"angle": 0,
				"axis": "y",
				"origin": [8.9881, 9.11905, -1.14286]
			},
			"faces": {
				"north": {
					"uv": [0, 0, 2, 1],
					"texture": "#1"
				},
				"east": {
					"uv": [0, 0, 2, 1],
					"texture": "#1"
				},
				"south": {
					"uv": [0, 0, 2, 1],
					"texture": "#1"
				},
				"west": {
					"uv": [0, 0, 2, 1],
					"texture": "#1"
				},
				"up": {
					"uv": [0, 0, 2, 2],
					"texture": "#1"
				},
				"down": {
					"uv": [0, 0, 2, 2],
					"texture": "#1"
				}
			}
		},
		{
			"from": [7.84524, 10.2619, 16],
			"to": [10.13095, 11.40476, 18.28571],
			"rotation": {
				"angle": 0,
				"axis": "y",
				"origin": [8.9881, 9.11905, 17.14286]
			},
			"faces": {
				"north": {
					"uv": [0, 0, 2, 1],
					"texture": "#1"
				},
				"east": {
					"uv": [0, 0, 2, 1],
					"texture": "#1"
				},
				"south": {
					"uv": [0, 0, 2, 1],
					"texture": "#1"
				},
				"west": {
					"uv": [0, 0, 2, 1],
					"texture": "#1"
				},
				"up": {
					"uv": [0, 0, 2, 2],
					"texture": "#1"
				},
				"down": {
					"uv": [0, 0, 2, 2],
					"texture": "#1"
				}
			}
		},
		{
			"from": [7.84524, 10.2619, 1.71429],
			"to": [11.27381, 11.40476, 5.14286],
			"rotation": {
				"angle": 0,
				"axis": "y",
				"origin": [8.9881, 9.11905, 3.42857]
			},
			"faces": {
				"north": {
					"uv": [0, 0, 3, 1],
					"texture": "#1"
				},
				"east": {
					"uv": [0, 0, 3, 1],
					"texture": "#1"
				},
				"south": {
					"uv": [0, 0, 3, 1],
					"texture": "#1"
				},
				"west": {
					"uv": [0, 0, 3, 1],
					"texture": "#1"
				},
				"up": {
					"uv": [0, 0, 3, 3],
					"texture": "#1"
				},
				"down": {
					"uv": [0, 0, 3, 3],
					"texture": "#1"
				}
			}
		},
		{
			"from": [7.84524, 10.2619, 6.28571],
			"to": [12.13095, 11.40476, 9.71429],
			"rotation": {
				"angle": 0,
				"axis": "y",
				"origin": [8.9881, 9.11905, 8]
			},
			"faces": {
				"north": {
					"uv": [0, 0, 3.75, 1],
					"texture": "#1"
				},
				"east": {
					"uv": [0, 0, 3, 1],
					"texture": "#1"
				},
				"south": {
					"uv": [0, 0, 3.75, 1],
					"texture": "#1"
				},
				"west": {
					"uv": [0, 0, 3, 1],
					"texture": "#1"
				},
				"up": {
					"uv": [0, 0, 3.75, 3],
					"texture": "#1"
				},
				"down": {
					"uv": [0, 0, 3.75, 3],
					"texture": "#1"
				}
			}
		},
		{
			"from": [7.84524, 10.2619, 10.85714],
			"to": [11.27381, 11.40476, 14.28571],
			"rotation": {
				"angle": 0,
				"axis": "y",
				"origin": [8.9881, 9.11905, 12.57143]
			},
			"faces": {
				"north": {
					"uv": [0, 0, 3, 1],
					"texture": "#1"
				},
				"east": {
					"uv": [0, 0, 3, 1],
					"texture": "#1"
				},
				"south": {
					"uv": [0, 0, 3, 1],
					"texture": "#1"
				},
				"west": {
					"uv": [0, 0, 3, 1],
					"texture": "#1"
				},
				"up": {
					"uv": [0, 0, 3, 3],
					"texture": "#1"
				},
				"down": {
					"uv": [0, 0, 3, 3],
					"texture": "#1"
				}
			}
		},
		{
			"from": [7.84524, 11.40476, 17.71429],
			"to": [9.55952, 12.54762, 20],
			"rotation": {
				"angle": 0,
				"axis": "y",
				"origin": [8.9881, 10.2619, 17.71429]
			},
			"faces": {
				"north": {
					"uv": [0, 0, 1.5, 1],
					"texture": "#1"
				},
				"east": {
					"uv": [0, 0, 2, 1],
					"texture": "#1"
				},
				"south": {
					"uv": [0, 0, 1.5, 1],
					"texture": "#1"
				},
				"west": {
					"uv": [0, 0, 2, 1],
					"texture": "#1"
				},
				"up": {
					"uv": [0, 0, 1.5, 2],
					"texture": "#1"
				},
				"down": {
					"uv": [0, 0, 1.5, 2],
					"texture": "#1"
				}
			}
		},
		{
			"from": [7.84524, 11.40476, -0.57143],
			"to": [10.70238, 12.54762, 2.85714],
			"rotation": {
				"angle": 0,
				"axis": "y",
				"origin": [8.9881, 10.2619, 0.57143]
			},
			"faces": {
				"north": {
					"uv": [0, 0, 2.5, 1],
					"texture": "#1"
				},
				"east": {
					"uv": [0, 0, 3, 1],
					"texture": "#1"
				},
				"south": {
					"uv": [0, 0, 2.5, 1],
					"texture": "#1"
				},
				"west": {
					"uv": [0, 0, 3, 1],
					"texture": "#1"
				},
				"up": {
					"uv": [0, 0, 2.5, 3],
					"texture": "#1"
				},
				"down": {
					"uv": [0, 0, 2.5, 3],
					"texture": "#1"
				}
			}
		},
		{
			"from": [7.84524, 11.40476, 13.14286],
			"to": [10.70238, 12.54762, 16.57143],
			"rotation": {
				"angle": 0,
				"axis": "y",
				"origin": [8.9881, 10.2619, 14.28571]
			},
			"faces": {
				"north": {
					"uv": [0, 0, 2.5, 1],
					"texture": "#1"
				},
				"east": {
					"uv": [0, 0, 3, 1],
					"texture": "#1"
				},
				"south": {
					"uv": [0, 0, 2.5, 1],
					"texture": "#1"
				},
				"west": {
					"uv": [0, 0, 3, 1],
					"texture": "#1"
				},
				"up": {
					"uv": [0, 0, 2.5, 3],
					"texture": "#1"
				},
				"down": {
					"uv": [0, 0, 2.5, 3],
					"texture": "#1"
				}
			}
		},
		{
			"from": [7.84524, 11.40476, 4],
			"to": [11.84524, 12.54762, 7.42857],
			"rotation": {
				"angle": 0,
				"axis": "y",
				"origin": [8.9881, 10.2619, 5.14286]
			},
			"faces": {
				"north": {
					"uv": [0, 0, 3.5, 1],
					"texture": "#1"
				},
				"east": {
					"uv": [0, 0, 3, 1],
					"texture": "#1"
				},
				"south": {
					"uv": [0, 0, 3.5, 1],
					"texture": "#1"
				},
				"west": {
					"uv": [0, 0, 3, 1],
					"texture": "#1"
				},
				"up": {
					"uv": [0, 0, 3.5, 3],
					"texture": "#1"
				},
				"down": {
					"uv": [0, 0, 3.5, 3],
					"texture": "#1"
				}
			}
		},
		{
			"from": [7.84524, 11.40476, 8.57143],
			"to": [11.84524, 12.54762, 12],
			"rotation": {
				"angle": 0,
				"axis": "y",
				"origin": [8.9881, 10.2619, 9.71429]
			},
			"faces": {
				"north": {
					"uv": [0, 0, 3.5, 1],
					"texture": "#1"
				},
				"east": {
					"uv": [0, 0, 3, 1],
					"texture": "#1"
				},
				"south": {
					"uv": [0, 0, 3.5, 1],
					"texture": "#1"
				},
				"west": {
					"uv": [0, 0, 3, 1],
					"texture": "#1"
				},
				"up": {
					"uv": [0, 0, 3.5, 3],
					"texture": "#1"
				},
				"down": {
					"uv": [0, 0, 3.5, 3],
					"texture": "#1"
				}
			}
		},
		{
			"from": [5.55952, 9.11905, 8.57143],
			"to": [9.55952, 10.2619, 12],
			"rotation": {
				"angle": 0,
				"axis": "y",
				"origin": [6.70238, 7.97619, 9.71429]
			},
			"faces": {
				"north": {
					"uv": [0, 0, 3.5, 1],
					"texture": "#1"
				},
				"east": {
					"uv": [0, 0, 3, 1],
					"texture": "#1"
				},
				"south": {
					"uv": [0, 0, 3.5, 1],
					"texture": "#1"
				},
				"west": {
					"uv": [0, 0, 3, 1],
					"texture": "#1"
				},
				"up": {
					"uv": [0, 0, 3.5, 3],
					"texture": "#1"
				},
				"down": {
					"uv": [0, 0, 3.5, 3],
					"texture": "#1"
				}
			}
		},
		{
			"from": [5.55952, 9.11905, 4],
			"to": [9.55952, 10.2619, 7.42857],
			"rotation": {
				"angle": 0,
				"axis": "y",
				"origin": [6.70238, 7.97619, 5.14286]
			},
			"faces": {
				"north": {
					"uv": [0, 0, 3.5, 1],
					"texture": "#1"
				},
				"east": {
					"uv": [0, 0, 3, 1],
					"texture": "#1"
				},
				"south": {
					"uv": [0, 0, 3.5, 1],
					"texture": "#1"
				},
				"west": {
					"uv": [0, 0, 3, 1],
					"texture": "#1"
				},
				"up": {
					"uv": [0, 0, 3.5, 3],
					"texture": "#1"
				},
				"down": {
					"uv": [0, 0, 3.5, 3],
					"texture": "#1"
				}
			}
		},
		{
			"from": [5.55952, 9.11905, 13.14286],
			"to": [8.41667, 10.2619, 16.57143],
			"rotation": {
				"angle": 0,
				"axis": "y",
				"origin": [6.70238, 7.97619, 14.28571]
			},
			"faces": {
				"north": {
					"uv": [0, 0, 2.5, 1],
					"texture": "#1"
				},
				"east": {
					"uv": [0, 0, 3, 1],
					"texture": "#1"
				},
				"south": {
					"uv": [0, 0, 2.5, 1],
					"texture": "#1"
				},
				"west": {
					"uv": [0, 0, 3, 1],
					"texture": "#1"
				},
				"up": {
					"uv": [0, 0, 2.5, 3],
					"texture": "#1"
				},
				"down": {
					"uv": [0, 0, 2.5, 3],
					"texture": "#1"
				}
			}
		},
		{
			"from": [5.55952, 9.11905, -0.57143],
			"to": [8.41667, 10.2619, 2.85714],
			"rotation": {
				"angle": 0,
				"axis": "y",
				"origin": [6.70238, 7.97619, 0.57143]
			},
			"faces": {
				"north": {
					"uv": [0, 0, 2.5, 1],
					"texture": "#1"
				},
				"east": {
					"uv": [0, 0, 3, 1],
					"texture": "#1"
				},
				"south": {
					"uv": [0, 0, 2.5, 1],
					"texture": "#1"
				},
				"west": {
					"uv": [0, 0, 3, 1],
					"texture": "#1"
				},
				"up": {
					"uv": [0, 0, 2.5, 3],
					"texture": "#1"
				},
				"down": {
					"uv": [0, 0, 2.5, 3],
					"texture": "#1"
				}
			}
		},
		{
			"from": [5.55952, 9.11905, 17.71429],
			"to": [7.27381, 10.2619, 20],
			"rotation": {
				"angle": 0,
				"axis": "y",
				"origin": [6.70238, 7.97619, 17.71429]
			},
			"faces": {
				"north": {
					"uv": [0, 0, 1.5, 1],
					"texture": "#1"
				},
				"east": {
					"uv": [0, 0, 2, 1],
					"texture": "#1"
				},
				"south": {
					"uv": [0, 0, 1.5, 1],
					"texture": "#1"
				},
				"west": {
					"uv": [0, 0, 2, 1],
					"texture": "#1"
				},
				"up": {
					"uv": [0, 0, 1.5, 2],
					"texture": "#1"
				},
				"down": {
					"uv": [0, 0, 1.5, 2],
					"texture": "#1"
				}
			}
		},
		{
			"from": [5.55952, 7.97619, 10.85714],
			"to": [8.9881, 9.11905, 14.28571],
			"rotation": {
				"angle": 0,
				"axis": "y",
				"origin": [6.70238, 6.83333, 12.57143]
			},
			"faces": {
				"north": {
					"uv": [0, 0, 3, 1],
					"texture": "#1"
				},
				"east": {
					"uv": [0, 0, 3, 1],
					"texture": "#1"
				},
				"south": {
					"uv": [0, 0, 3, 1],
					"texture": "#1"
				},
				"west": {
					"uv": [0, 0, 3, 1],
					"texture": "#1"
				},
				"up": {
					"uv": [0, 0, 3, 3],
					"texture": "#1"
				},
				"down": {
					"uv": [0, 0, 3, 3],
					"texture": "#1"
				}
			}
		},
		{
			"from": [5.55952, 7.97619, 6.28571],
			"to": [9.84524, 9.11905, 9.71429],
			"rotation": {
				"angle": 0,
				"axis": "y",
				"origin": [6.70238, 6.83333, 8]
			},
			"faces": {
				"north": {
					"uv": [0, 0, 3.75, 1],
					"texture": "#1"
				},
				"east": {
					"uv": [0, 0, 3, 1],
					"texture": "#1"
				},
				"south": {
					"uv": [0, 0, 3.75, 1],
					"texture": "#1"
				},
				"west": {
					"uv": [0, 0, 3, 1],
					"texture": "#1"
				},
				"up": {
					"uv": [0, 0, 3.75, 3],
					"texture": "#1"
				},
				"down": {
					"uv": [0, 0, 3.75, 3],
					"texture": "#1"
				}
			}
		},
		{
			"from": [5.55952, 7.97619, 1.71429],
			"to": [8.9881, 9.11905, 5.14286],
			"rotation": {
				"angle": 0,
				"axis": "y",
				"origin": [6.70238, 6.83333, 3.42857]
			},
			"faces": {
				"north": {
					"uv": [0, 0, 3, 1],
					"texture": "#1"
				},
				"east": {
					"uv": [0, 0, 3, 1],
					"texture": "#1"
				},
				"south": {
					"uv": [0, 0, 3, 1],
					"texture": "#1"
				},
				"west": {
					"uv": [0, 0, 3, 1],
					"texture": "#1"
				},
				"up": {
					"uv": [0, 0, 3, 3],
					"texture": "#1"
				},
				"down": {
					"uv": [0, 0, 3, 3],
					"texture": "#1"
				}
			}
		},
		{
			"from": [5.55952, 7.97619, 16],
			"to": [7.84524, 9.11905, 18.28571],
			"rotation": {
				"angle": 0,
				"axis": "y",
				"origin": [6.70238, 6.83333, 17.14286]
			},
			"faces": {
				"north": {
					"uv": [0, 0, 2, 1],
					"texture": "#1"
				},
				"east": {
					"uv": [0, 0, 2, 1],
					"texture": "#1"
				},
				"south": {
					"uv": [0, 0, 2, 1],
					"texture": "#1"
				},
				"west": {
					"uv": [0, 0, 2, 1],
					"texture": "#1"
				},
				"up": {
					"uv": [0, 0, 2, 2],
					"texture": "#1"
				},
				"down": {
					"uv": [0, 0, 2, 2],
					"texture": "#1"
				}
			}
		},
		{
			"from": [5.55952, 7.97619, -2.28571],
			"to": [7.84524, 9.11905, 0],
			"rotation": {
				"angle": 0,
				"axis": "y",
				"origin": [6.70238, 6.83333, -1.14286]
			},
			"faces": {
				"north": {
					"uv": [0, 0, 2, 1],
					"texture": "#1"
				},
				"east": {
					"uv": [0, 0, 2, 1],
					"texture": "#1"
				},
				"south": {
					"uv": [0, 0, 2, 1],
					"texture": "#1"
				},
				"west": {
					"uv": [0, 0, 2, 1],
					"texture": "#1"
				},
				"up": {
					"uv": [0, 0, 2, 2],
					"texture": "#1"
				},
				"down": {
					"uv": [0, 0, 2, 2],
					"texture": "#1"
				}
			}
		},
		{
			"from": [5.55952, 9.11905, -4],
			"to": [7.27381, 10.2619, -1.71429],
			"rotation": {
				"angle": 0,
				"axis": "y",
				"origin": [6.70238, 7.97619, -2.85714]
			},
			"faces": {
				"north": {
					"uv": [0, 0, 1.5, 1],
					"texture": "#1"
				},
				"east": {
					"uv": [0, 0, 2, 1],
					"texture": "#1"
				},
				"south": {
					"uv": [0, 0, 1.5, 1],
					"texture": "#1"
				},
				"west": {
					"uv": [0, 0, 2, 1],
					"texture": "#1"
				},
				"up": {
					"uv": [0, 0, 1.5, 2],
					"texture": "#1"
				},
				"down": {
					"uv": [0, 0, 1.5, 2],
					"texture": "#1"
				}
			}
		},
		{
			"from": [3.84524, 7.97619, -4],
			"to": [5.55952, 10.2619, 20],
			"rotation": {
				"angle": 0,
				"axis": "y",
				"origin": [4.9881, 7.97619, -2.85714]
			},
			"faces": {
				"north": {
					"uv": [0, 0, 1.5, 2],
					"texture": "#1"
				},
				"east": {
					"uv": [0, 0, 16, 2],
					"texture": "#1"
				},
				"south": {
					"uv": [0, 0, 1.5, 2],
					"texture": "#1"
				},
				"west": {
					"uv": [0, 0, 16, 2],
					"texture": "#1"
				},
				"up": {
					"uv": [0, 0, 1.5, 16],
					"texture": "#1"
				},
				"down": {
					"uv": [0, 0, 1.5, 16],
					"texture": "#1"
				}
			}
		},
		{
			"from": [6.13095, 3.40476, -4],
			"to": [7.84524, 5.69048, 20],
			"rotation": {
				"angle": 0,
				"axis": "y",
				"origin": [7.27381, 5.69048, -2.85714]
			},
			"faces": {
				"north": {
					"uv": [0, 2, 1.5, 4],
					"texture": "#1"
				},
				"east": {
					"uv": [0, 2, 16, 4],
					"texture": "#1"
				},
				"south": {
					"uv": [0, 2, 1.5, 4],
					"texture": "#1"
				},
				"west": {
					"uv": [0, 2, 16, 4],
					"texture": "#1"
				},
				"up": {
					"uv": [0, 0, 1.5, 16],
					"texture": "#1"
				},
				"down": {
					"uv": [0, 0, 1.5, 16],
					"texture": "#1"
				}
			}
		},
		{
			"from": [7.84524, 3.40476, -4],
			"to": [9.55952, 4.54762, -1.71429],
			"rotation": {
				"angle": 0,
				"axis": "y",
				"origin": [8.9881, 5.69048, -2.85714]
			},
			"faces": {
				"north": {
					"uv": [0, 1, 1.5, 2],
					"texture": "#1"
				},
				"east": {
					"uv": [0, 1, 2, 2],
					"texture": "#1"
				},
				"south": {
					"uv": [0, 1, 1.5, 2],
					"texture": "#1"
				},
				"west": {
					"uv": [0, 1, 2, 2],
					"texture": "#1"
				},
				"up": {
					"uv": [0, 2, 1.5, 4],
					"texture": "#1"
				},
				"down": {
					"uv": [0, 2, 1.5, 4],
					"texture": "#1"
				}
			}
		},
		{
			"from": [7.84524, 4.54762, -2.28571],
			"to": [10.13095, 5.69048, 0],
			"rotation": {
				"angle": 0,
				"axis": "y",
				"origin": [8.9881, 6.83333, -1.14286]
			},
			"faces": {
				"north": {
					"uv": [0, 1, 2, 2],
					"texture": "#1"
				},
				"east": {
					"uv": [0, 1, 2, 2],
					"texture": "#1"
				},
				"south": {
					"uv": [0, 1, 2, 2],
					"texture": "#1"
				},
				"west": {
					"uv": [0, 1, 2, 2],
					"texture": "#1"
				},
				"up": {
					"uv": [0, 2, 2, 4],
					"texture": "#1"
				},
				"down": {
					"uv": [0, 2, 2, 4],
					"texture": "#1"
				}
			}
		},
		{
			"from": [7.84524, 4.54762, 16],
			"to": [10.13095, 5.69048, 18.28571],
			"rotation": {
				"angle": 0,
				"axis": "y",
				"origin": [8.9881, 6.83333, 17.14286]
			},
			"faces": {
				"north": {
					"uv": [0, 1, 2, 2],
					"texture": "#1"
				},
				"east": {
					"uv": [0, 1, 2, 2],
					"texture": "#1"
				},
				"south": {
					"uv": [0, 1, 2, 2],
					"texture": "#1"
				},
				"west": {
					"uv": [0, 1, 2, 2],
					"texture": "#1"
				},
				"up": {
					"uv": [0, 2, 2, 4],
					"texture": "#1"
				},
				"down": {
					"uv": [0, 2, 2, 4],
					"texture": "#1"
				}
			}
		},
		{
			"from": [7.84524, 4.54762, 1.71429],
			"to": [11.27381, 5.69048, 5.14286],
			"rotation": {
				"angle": 0,
				"axis": "y",
				"origin": [8.9881, 6.83333, 3.42857]
			},
			"faces": {
				"north": {
					"uv": [0, 1, 3, 2],
					"texture": "#1"
				},
				"east": {
					"uv": [0, 1, 3, 2],
					"texture": "#1"
				},
				"south": {
					"uv": [0, 1, 3, 2],
					"texture": "#1"
				},
				"west": {
					"uv": [0, 1, 3, 2],
					"texture": "#1"
				},
				"up": {
					"uv": [0, 3, 3, 6],
					"texture": "#1"
				},
				"down": {
					"uv": [0, 3, 3, 6],
					"texture": "#1"
				}
			}
		},
		{
			"from": [7.84524, 4.54762, 6.28571],
			"to": [12.13095, 5.69048, 9.71429],
			"rotation": {
				"angle": 0,
				"axis": "y",
				"origin": [8.9881, 6.83333, 8]
			},
			"faces": {
				"north": {
					"uv": [0, 1, 3.75, 2],
					"texture": "#1"
				},
				"east": {
					"uv": [0, 1, 3, 2],
					"texture": "#1"
				},
				"south": {
					"uv": [0, 1, 3.75, 2],
					"texture": "#1"
				},
				"west": {
					"uv": [0, 1, 3, 2],
					"texture": "#1"
				},
				"up": {
					"uv": [0, 3, 3.75, 6],
					"texture": "#1"
				},
				"down": {
					"uv": [0, 3, 3.75, 6],
					"texture": "#1"
				}
			}
		},
		{
			"from": [7.84524, 4.54762, 10.85714],
			"to": [11.27381, 5.69048, 14.28571],
			"rotation": {
				"angle": 0,
				"axis": "y",
				"origin": [8.9881, 6.83333, 12.57143]
			},
			"faces": {
				"north": {
					"uv": [0, 1, 3, 2],
					"texture": "#1"
				},
				"east": {
					"uv": [0, 1, 3, 2],
					"texture": "#1"
				},
				"south": {
					"uv": [0, 1, 3, 2],
					"texture": "#1"
				},
				"west": {
					"uv": [0, 1, 3, 2],
					"texture": "#1"
				},
				"up": {
					"uv": [0, 3, 3, 6],
					"texture": "#1"
				},
				"down": {
					"uv": [0, 3, 3, 6],
					"texture": "#1"
				}
			}
		},
		{
			"from": [7.84524, 3.40476, 17.71429],
			"to": [9.55952, 4.54762, 20],
			"rotation": {
				"angle": 0,
				"axis": "y",
				"origin": [8.9881, 5.69048, 17.71429]
			},
			"faces": {
				"north": {
					"uv": [0, 1, 1.5, 2],
					"texture": "#1"
				},
				"east": {
					"uv": [0, 1, 2, 2],
					"texture": "#1"
				},
				"south": {
					"uv": [0, 1, 1.5, 2],
					"texture": "#1"
				},
				"west": {
					"uv": [0, 1, 2, 2],
					"texture": "#1"
				},
				"up": {
					"uv": [0, 2, 1.5, 4],
					"texture": "#1"
				},
				"down": {
					"uv": [0, 2, 1.5, 4],
					"texture": "#1"
				}
			}
		},
		{
			"from": [7.84524, 3.40476, -0.57143],
			"to": [10.70238, 4.54762, 2.85714],
			"rotation": {
				"angle": 0,
				"axis": "y",
				"origin": [8.9881, 5.69048, 0.57143]
			},
			"faces": {
				"north": {
					"uv": [0, 1, 2.5, 2],
					"texture": "#1"
				},
				"east": {
					"uv": [0, 1, 3, 2],
					"texture": "#1"
				},
				"south": {
					"uv": [0, 1, 2.5, 2],
					"texture": "#1"
				},
				"west": {
					"uv": [0, 1, 3, 2],
					"texture": "#1"
				},
				"up": {
					"uv": [0, 3, 2.5, 6],
					"texture": "#1"
				},
				"down": {
					"uv": [0, 3, 2.5, 6],
					"texture": "#1"
				}
			}
		},
		{
			"from": [7.84524, 3.40476, 13.14286],
			"to": [10.70238, 4.54762, 16.57143],
			"rotation": {
				"angle": 0,
				"axis": "y",
				"origin": [8.9881, 5.69048, 14.28571]
			},
			"faces": {
				"north": {
					"uv": [0, 1, 2.5, 2],
					"texture": "#1"
				},
				"east": {
					"uv": [0, 1, 3, 2],
					"texture": "#1"
				},
				"south": {
					"uv": [0, 1, 2.5, 2],
					"texture": "#1"
				},
				"west": {
					"uv": [0, 1, 3, 2],
					"texture": "#1"
				},
				"up": {
					"uv": [0, 3, 2.5, 6],
					"texture": "#1"
				},
				"down": {
					"uv": [0, 3, 2.5, 6],
					"texture": "#1"
				}
			}
		},
		{
			"from": [7.84524, 3.40476, 4],
			"to": [11.84524, 4.54762, 7.42857],
			"rotation": {
				"angle": 0,
				"axis": "y",
				"origin": [8.9881, 5.69048, 5.14286]
			},
			"faces": {
				"north": {
					"uv": [0, 1, 3.5, 2],
					"texture": "#1"
				},
				"east": {
					"uv": [0, 1, 3, 2],
					"texture": "#1"
				},
				"south": {
					"uv": [0, 1, 3.5, 2],
					"texture": "#1"
				},
				"west": {
					"uv": [0, 1, 3, 2],
					"texture": "#1"
				},
				"up": {
					"uv": [0, 3, 3.5, 6],
					"texture": "#1"
				},
				"down": {
					"uv": [0, 3, 3.5, 6],
					"texture": "#1"
				}
			}
		},
		{
			"from": [7.84524, 3.40476, 8.57143],
			"to": [11.84524, 4.54762, 12],
			"rotation": {
				"angle": 0,
				"axis": "y",
				"origin": [8.9881, 5.69048, 9.71429]
			},
			"faces": {
				"north": {
					"uv": [0, 1, 3.5, 2],
					"texture": "#1"
				},
				"east": {
					"uv": [0, 1, 3, 2],
					"texture": "#1"
				},
				"south": {
					"uv": [0, 1, 3.5, 2],
					"texture": "#1"
				},
				"west": {
					"uv": [0, 1, 3, 2],
					"texture": "#1"
				},
				"up": {
					"uv": [0, 3, 3.5, 6],
					"texture": "#1"
				},
				"down": {
					"uv": [0, 3, 3.5, 6],
					"texture": "#1"
				}
			}
		},
		{
			"from": [5.55952, 6.83333, 8.57143],
			"to": [9.55952, 7.97619, 12],
			"rotation": {
				"angle": 0,
				"axis": "y",
				"origin": [6.70238, 5.69048, 9.71429]
			},
			"faces": {
				"north": {
					"uv": [0, 0, 3.5, 1],
					"texture": "#1"
				},
				"east": {
					"uv": [0, 0, 3, 1],
					"texture": "#1"
				},
				"south": {
					"uv": [0, 0, 3.5, 1],
					"texture": "#1"
				},
				"west": {
					"uv": [0, 0, 3, 1],
					"texture": "#1"
				},
				"up": {
					"uv": [0, 0, 3.5, 3],
					"texture": "#1"
				},
				"down": {
					"uv": [0, 0, 3.5, 3],
					"texture": "#1"
				}
			}
		},
		{
			"from": [5.55952, 6.83333, 4],
			"to": [9.55952, 7.97619, 7.42857],
			"rotation": {
				"angle": 0,
				"axis": "y",
				"origin": [6.70238, 5.69048, 5.14286]
			},
			"faces": {
				"north": {
					"uv": [0, 0, 3.5, 1],
					"texture": "#1"
				},
				"east": {
					"uv": [0, 0, 3, 1],
					"texture": "#1"
				},
				"south": {
					"uv": [0, 0, 3.5, 1],
					"texture": "#1"
				},
				"west": {
					"uv": [0, 0, 3, 1],
					"texture": "#1"
				},
				"up": {
					"uv": [0, 0, 3.5, 3],
					"texture": "#1"
				},
				"down": {
					"uv": [0, 0, 3.5, 3],
					"texture": "#1"
				}
			}
		},
		{
			"from": [5.55952, 6.83333, 13.14286],
			"to": [8.41667, 7.97619, 16.57143],
			"rotation": {
				"angle": 0,
				"axis": "y",
				"origin": [6.70238, 5.69048, 14.28571]
			},
			"faces": {
				"north": {
					"uv": [0, 0, 2.5, 1],
					"texture": "#1"
				},
				"east": {
					"uv": [0, 0, 3, 1],
					"texture": "#1"
				},
				"south": {
					"uv": [0, 0, 2.5, 1],
					"texture": "#1"
				},
				"west": {
					"uv": [0, 0, 3, 1],
					"texture": "#1"
				},
				"up": {
					"uv": [0, 0, 2.5, 3],
					"texture": "#1"
				},
				"down": {
					"uv": [0, 0, 2.5, 3],
					"texture": "#1"
				}
			}
		},
		{
			"from": [5.55952, 6.83333, -0.57143],
			"to": [8.41667, 7.97619, 2.85714],
			"rotation": {
				"angle": 0,
				"axis": "y",
				"origin": [6.70238, 5.69048, 0.57143]
			},
			"faces": {
				"north": {
					"uv": [0, 0, 2.5, 1],
					"texture": "#1"
				},
				"east": {
					"uv": [0, 0, 3, 1],
					"texture": "#1"
				},
				"south": {
					"uv": [0, 0, 2.5, 1],
					"texture": "#1"
				},
				"west": {
					"uv": [0, 0, 3, 1],
					"texture": "#1"
				},
				"up": {
					"uv": [0, 0, 2.5, 3],
					"texture": "#1"
				},
				"down": {
					"uv": [0, 0, 2.5, 3],
					"texture": "#1"
				}
			}
		},
		{
			"from": [5.55952, 6.83333, 17.71429],
			"to": [7.27381, 7.97619, 20],
			"rotation": {
				"angle": 0,
				"axis": "y",
				"origin": [6.70238, 5.69048, 17.71429]
			},
			"faces": {
				"north": {
					"uv": [0, 0, 1.5, 1],
					"texture": "#1"
				},
				"east": {
					"uv": [0, 0, 2, 1],
					"texture": "#1"
				},
				"south": {
					"uv": [0, 0, 1.5, 1],
					"texture": "#1"
				},
				"west": {
					"uv": [0, 0, 2, 1],
					"texture": "#1"
				},
				"up": {
					"uv": [0, 0, 1.5, 2],
					"texture": "#1"
				},
				"down": {
					"uv": [0, 0, 1.5, 2],
					"texture": "#1"
				}
			}
		},
		{
			"from": [5.55952, 5.69048, 10.85714],
			"to": [8.9881, 6.83333, 14.28571],
			"rotation": {
				"angle": 0,
				"axis": "y",
				"origin": [6.70238, 4.54762, 12.57143]
			},
			"faces": {
				"north": {
					"uv": [0, 0, 3, 1],
					"texture": "#1"
				},
				"east": {
					"uv": [0, 0, 3, 1],
					"texture": "#1"
				},
				"south": {
					"uv": [0, 0, 3, 1],
					"texture": "#1"
				},
				"west": {
					"uv": [0, 0, 3, 1],
					"texture": "#1"
				},
				"up": {
					"uv": [0, 0, 3, 3],
					"texture": "#1"
				},
				"down": {
					"uv": [0, 0, 3, 3],
					"texture": "#1"
				}
			}
		},
		{
			"from": [5.55952, 5.69048, 6.28571],
			"to": [9.84524, 6.83333, 9.71429],
			"rotation": {
				"angle": 0,
				"axis": "y",
				"origin": [6.70238, 4.54762, 8]
			},
			"faces": {
				"north": {
					"uv": [0, 0, 3.75, 1],
					"texture": "#1"
				},
				"east": {
					"uv": [0, 0, 3, 1],
					"texture": "#1"
				},
				"south": {
					"uv": [0, 0, 3.75, 1],
					"texture": "#1"
				},
				"west": {
					"uv": [0, 0, 3, 1],
					"texture": "#1"
				},
				"up": {
					"uv": [0, 0, 3.75, 3],
					"texture": "#1"
				},
				"down": {
					"uv": [0, 0, 3.75, 3],
					"texture": "#1"
				}
			}
		},
		{
			"from": [5.55952, 5.69048, 1.71429],
			"to": [8.9881, 6.83333, 5.14286],
			"rotation": {
				"angle": 0,
				"axis": "y",
				"origin": [6.70238, 4.54762, 3.42857]
			},
			"faces": {
				"north": {
					"uv": [0, 0, 3, 1],
					"texture": "#1"
				},
				"east": {
					"uv": [0, 0, 3, 1],
					"texture": "#1"
				},
				"south": {
					"uv": [0, 0, 3, 1],
					"texture": "#1"
				},
				"west": {
					"uv": [0, 0, 3, 1],
					"texture": "#1"
				},
				"up": {
					"uv": [0, 0, 3, 3],
					"texture": "#1"
				},
				"down": {
					"uv": [0, 0, 3, 3],
					"texture": "#1"
				}
			}
		},
		{
			"from": [5.55952, 5.69048, 16],
			"to": [7.84524, 6.83333, 18.28571],
			"rotation": {
				"angle": 0,
				"axis": "y",
				"origin": [6.70238, 4.54762, 17.14286]
			},
			"faces": {
				"north": {
					"uv": [0, 0, 2, 1],
					"texture": "#1"
				},
				"east": {
					"uv": [0, 0, 2, 1],
					"texture": "#1"
				},
				"south": {
					"uv": [0, 0, 2, 1],
					"texture": "#1"
				},
				"west": {
					"uv": [0, 0, 2, 1],
					"texture": "#1"
				},
				"up": {
					"uv": [0, 0, 2, 2],
					"texture": "#1"
				},
				"down": {
					"uv": [0, 0, 2, 2],
					"texture": "#1"
				}
			}
		},
		{
			"from": [5.55952, 5.69048, -2.28571],
			"to": [7.84524, 6.83333, 0],
			"rotation": {
				"angle": 0,
				"axis": "y",
				"origin": [6.70238, 4.54762, -1.14286]
			},
			"faces": {
				"north": {
					"uv": [0, 0, 2, 1],
					"texture": "#1"
				},
				"east": {
					"uv": [0, 0, 2, 1],
					"texture": "#1"
				},
				"south": {
					"uv": [0, 0, 2, 1],
					"texture": "#1"
				},
				"west": {
					"uv": [0, 0, 2, 1],
					"texture": "#1"
				},
				"up": {
					"uv": [0, 0, 2, 2],
					"texture": "#1"
				},
				"down": {
					"uv": [0, 0, 2, 2],
					"texture": "#1"
				}
			}
		},
		{
			"from": [5.55952, 6.83333, -4],
			"to": [7.27381, 7.97619, -1.71429],
			"rotation": {
				"angle": 0,
				"axis": "y",
				"origin": [6.70238, 5.69048, -2.85714]
			},
			"faces": {
				"north": {
					"uv": [0, 0, 1.5, 1],
					"texture": "#1"
				},
				"east": {
					"uv": [0, 0, 2, 1],
					"texture": "#1"
				},
				"south": {
					"uv": [0, 0, 1.5, 1],
					"texture": "#1"
				},
				"west": {
					"uv": [0, 0, 2, 1],
					"texture": "#1"
				},
				"up": {
					"uv": [0, 0, 1.5, 2],
					"texture": "#1"
				},
				"down": {
					"uv": [0, 0, 1.5, 2],
					"texture": "#1"
				}
			}
		},
		{
			"from": [3.84524, 5.69048, -4],
			"to": [5.55952, 7.97619, 20],
			"rotation": {
				"angle": 0,
				"axis": "y",
				"origin": [4.9881, 5.69048, -2.85714]
			},
			"faces": {
				"north": {
					"uv": [0, 0, 1.5, 2],
					"texture": "#1"
				},
				"east": {
					"uv": [0, 0, 16, 2],
					"texture": "#1"
				},
				"south": {
					"uv": [0, 0, 1.5, 2],
					"texture": "#1"
				},
				"west": {
					"uv": [0, 0, 16, 2],
					"texture": "#1"
				},
				"up": {
					"uv": [0, 0, 1.5, 16],
					"texture": "#1"
				},
				"down": {
					"uv": [0, 0, 1.5, 16],
					"texture": "#1"
				}
			}
		}
	]
}
