{"textures":{"1":"minecraft:block/orange_shulker_box"},"display":{"head":{"rotation":[0,180,0]}},"elements":[{"from":[-0.51601,11.1935,12.258],"to":[8.53225,20.24176,15.45151],"rotation":{"angle":45,"axis":"z","origin":[8,19.70951,12.79025]},"faces":{"north":{"uv":[7,7,10,10],"texture":"#1"},"east":{"uv":[7,7,10,10],"texture":"#1"},"south":{"uv":[7,7,10,10],"texture":"#1"},"west":{"uv":[7,7,10,10],"texture":"#1"},"up":{"uv":[7,7,10,10],"texture":"#1"},"down":{"uv":[7,7,10,10],"texture":"#1"}}},{"from":[3.99705,14.45077,13.98228],"to":[12.00295,16.45224,23.98965],"rotation":{"angle":-22.5,"axis":"x","origin":[8,15.45151,15.98376]},"faces":{"north":{"uv":[7,7,10,10],"texture":"#1"},"east":{"uv":[7,7,10,10],"texture":"#1"},"south":{"uv":[7,7,10,10],"texture":"#1"},"west":{"uv":[7,7,10,10],"texture":"#1"},"up":{"uv":[7,7,10,10],"texture":"#1"},"down":{"uv":[7,7,10,10],"texture":"#1"}}},{"from":[12.00295,16.76326,20.99189],"to":[14.00442,18.76473,27.99705],"rotation":{"angle":0,"axis":"y","origin":[8.50037,19.66413,26.15392]},"faces":{"north":{"uv":[7,7,10,10],"texture":"#1"},"east":{"uv":[7,7,10,10],"texture":"#1"},"south":{"uv":[7,7,10,10],"texture":"#1"},"west":{"uv":[7,7,10,10],"texture":"#1"},"up":{"uv":[7,7,10,10],"texture":"#1"},"down":{"uv":[7,7,10,10],"texture":"#1"}}},{"from":[9.00074,17.39664,22.99337],"to":[11.00221,19.39811,30.99926],"rotation":{"angle":0,"axis":"y","origin":[8.50037,19.66413,26.15392]},"faces":{"north":{"uv":[7,7,10,10],"texture":"#1"},"east":{"uv":[7,7,10,10],"texture":"#1"},"south":{"uv":[7,7,10,10],"texture":"#1"},"west":{"uv":[7,7,10,10],"texture":"#1"},"up":{"uv":[7,7,10,10],"texture":"#1"},"down":{"uv":[7,7,10,10],"texture":"#1"}}},{"from":[5.99853,17.39664,22.99337],"to":[8,19.39811,32],"rotation":{"angle":0,"axis":"y","origin":[8.50037,19.66413,26.15392]},"faces":{"north":{"uv":[7,7,10,10],"texture":"#1"},"east":{"uv":[7,7,10,10],"texture":"#1"},"south":{"uv":[7,7,10,10],"texture":"#1"},"west":{"uv":[7,7,10,10],"texture":"#1"},"up":{"uv":[7,7,10,10],"texture":"#1"},"down":{"uv":[7,7,10,10],"texture":"#1"}}},{"from":[2.99631,17.29656,22.89203],"to":[4.99779,19.29804,31.15761],"rotation":{"angle":0,"axis":"y","origin":[8.50037,19.66413,26.15392]},"faces":{"north":{"uv":[7,7,10,10],"texture":"#1"},"east":{"uv":[7,7,10,10],"texture":"#1"},"south":{"uv":[7,7,10,10],"texture":"#1"},"west":{"uv":[7,7,10,10],"texture":"#1"},"up":{"uv":[7,7,10,10],"texture":"#1"},"down":{"uv":[7,7,10,10],"texture":"#1"}}},{"from":[-2.50774,14.54542,15.83663],"to":[-0.50627,16.54689,24.84326],"rotation":{"angle":-45,"axis":"y","origin":[1.99558,18.70671,23.84252]},"faces":{"north":{"uv":[7,7,10,10],"texture":"#1"},"east":{"uv":[7,7,10,10],"texture":"#1"},"south":{"uv":[7,7,10,10],"texture":"#1"},"west":{"uv":[7,7,10,10],"texture":"#1"},"up":{"uv":[7,7,10,10],"texture":"#1"},"down":{"uv":[7,7,10,10],"texture":"#1"}}}]}
