{
  "minecraft:adventure/adventuring_time": {
    "criteria": {
      "minecraft:plains": "2022-01-31 22:22:14 -0500"
    },
    "done": false
  },
  "minecraft:recipes/transportation/acacia_boat": {
    "criteria": {
      "in_water": "2022-01-31 22:26:37 -0500"
    },
    "done": true
  },
  "minecraft:recipes/transportation/oak_boat": {
    "criteria": {
      "in_water": "2022-01-31 22:26:37 -0500"
    },
    "done": true
  },
  "minecraft:recipes/transportation/dark_oak_boat": {
    "criteria": {
      "in_water": "2022-01-31 22:26:37 -0500"
    },
    "done": true
  },
  "minecraft:recipes/transportation/birch_boat": {
    "criteria": {
      "in_water": "2022-01-31 22:26:37 -0500"
    },
    "done": true
  },
  "minecraft:recipes/transportation/jungle_boat": {
    "criteria": {
      "in_water": "2022-01-31 22:26:37 -0500"
    },
    "done": true
  },
  "minecraft:recipes/transportation/spruce_boat": {
    "criteria": {
      "in_water": "2022-01-31 22:26:37 -0500"
    },
    "done": true
  },
  "minecraft:recipes/misc/gold_ingot_from_blasting_gold_ore": {
    "criteria": {
      "has_gold_ore": "2022-02-01 19:05:23 -0500"
    },
    "done": true
  },
  "minecraft:recipes/misc/gold_ingot_from_smelting_gold_ore": {
    "criteria": {
      "has_gold_ore": "2022-02-01 19:05:23 -0500"
    },
    "done": true
  },
  "minecraft:recipes/decorations/crafting_table": {
    "criteria": {
      "unlock_right_away": "2023-09-03 13:52:48 -0400"
    },
    "done": true
  },
  "DataVersion": 3465
}