{"parent":"minecraft:item/generated","textures":{"layer0":"minecraft:item/gray_dye"},"overrides":[{"predicate":{"custom_model_data":4654465},"model":"omega-flowey:entity/decorative/picture/legacy-flowey-build-scaled-min"},{"predicate":{"custom_model_data":4654466},"model":"omega-flowey:entity/decorative/picture/flowey-build-scaled-min"},{"predicate":{"custom_model_data":4654467},"model":"omega-flowey:entity/decorative/picture/legacy-command-blocks-scaled-min"},{"predicate":{"custom_model_data":4654468},"model":"omega-flowey:entity/decorative/picture/legacy-hopper-clock-scaled-min"},{"predicate":{"custom_model_data":4654469},"model":"omega-flowey:entity/decorative/picture/animated-java-logo"},{"predicate":{"custom_model_data":4654470},"model":"omega-flowey:entity/decorative/housefly"}]}
